{
    "data": {
        "repository": {
            "issues": {
                "pageInfo": {
                    "endCursor": "Y3Vyc29yOnYyOpIBzn3lwsg="
                },
                "nodes": [
                    {
                        "author": {
                            "login": "EdlonJR"
                        },
                        "title": "New icons",
                        "url": "https://github.com/files-community/Files/issues/15046",
                        "state": "CLOSED",
                        "number": 15046,
                        "timelineItems": {
                            "nodes": []
                        }
                    },
                    {
                        "author": {
                            "login": "gumbarros"
                        },
                        "title": "Pin to Start causes the app icon to be Files icon",
                        "url": "https://github.com/files-community/Files/issues/15038",
                        "state": "CLOSED",
                        "number": 15038,
                        "timelineItems": {
                            "nodes": []
                        }
                    },
                    {
                        "author": {
                            "login": "Triangle-GitHub"
                        },
                        "title": "Bug: Files crash when double clicking and holding shift key",
                        "url": "https://github.com/files-community/Files/issues/15037",
                        "state": "OPEN",
                        "number": 15037,
                        "timelineItems": {
                            "nodes": []
                        }
                    },
                    {
                        "author": {
                            "login": "Triangle-GitHub"
                        },
                        "title": "希望在文件属性中显示数字签名（如果有）",
                        "url": "https://github.com/files-community/Files/issues/15032",
                        "state": "CLOSED",
                        "number": 15032,
                        "timelineItems": {
                            "nodes": []
                        }
                    },
                    {
                        "author": {
                            "login": "hishitetsu"
                        },
                        "title": "Bug: Address bar is empty when opening an ftp server",
                        "url": "https://github.com/files-community/Files/issues/15031",
                        "state": "CLOSED",
                        "number": 15031,
                        "timelineItems": {
                            "nodes": [
                                {
                                    "source": {
                                        "author": {
                                            "login": "hishitetsu"
                                        },
                                        "title": "Fix: Fixed issue where ftp addresses were not displayed in the path bar",
                                        "url": "https://github.com/files-community/Files/pull/15033",
                                        "state": "MERGED",
                                        "number": 15033,
                                        "__typename": "PullRequest"
                                    }
                                }
                            ]
                        }
                    },
                    {
                        "author": {
                            "login": "seanbperiod"
                        },
                        "title": "How to update from within app? ",
                        "url": "https://github.com/files-community/Files/issues/15028",
                        "state": "CLOSED",
                        "number": 15028,
                        "timelineItems": {
                            "nodes": []
                        }
                    },
                    {
                        "author": {
                            "login": "soredake"
                        },
                        "title": "Make drag-icon size constant and preferably small by default",
                        "url": "https://github.com/files-community/Files/issues/15021",
                        "state": "CLOSED",
                        "number": 15021,
                        "timelineItems": {
                            "nodes": []
                        }
                    },
                    {
                        "author": {
                            "login": "Newerty"
                        },
                        "title": "Loading time of context menu when 'Move shell extensions into a sub...' is off. ",
                        "url": "https://github.com/files-community/Files/issues/15020",
                        "state": "CLOSED",
                        "number": 15020,
                        "timelineItems": {
                            "nodes": []
                        }
                    },
                    {
                        "author": {
                            "login": "tidypy"
                        },
                        "title": "Cached or Auto Refresh Pause: Add sorting by properties data",
                        "url": "https://github.com/files-community/Files/issues/15015",
                        "state": "CLOSED",
                        "number": 15015,
                        "timelineItems": {
                            "nodes": []
                        }
                    },
                    {
                        "author": {
                            "login": "rihards-simanovics"
                        },
                        "title": "Feature: Add extra space in column layout for right clicking",
                        "url": "https://github.com/files-community/Files/issues/15012",
                        "state": "CLOSED",
                        "number": 15012,
                        "timelineItems": {
                            "nodes": [
                                {
                                    "source": {
                                        "author": {
                                            "login": "yaira2"
                                        },
                                        "title": "Fix: Fixed an issue where there wasn't enough space to right click folders in Column View",
                                        "url": "https://github.com/files-community/Files/pull/15044",
                                        "state": "MERGED",
                                        "number": 15044,
                                        "__typename": "PullRequest"
                                    }
                                }
                            ]
                        }
                    },
                    {
                        "author": {
                            "login": "beavis82"
                        },
                        "title": "Can't install using the classic installer (v3.3.0.0)",
                        "url": "https://github.com/files-community/Files/issues/15008",
                        "state": "CLOSED",
                        "number": 15008,
                        "timelineItems": {
                            "nodes": []
                        }
                    },
                    {
                        "author": {
                            "login": "XTorLukas"
                        },
                        "title": "Ability to create/remove tags in the context window",
                        "url": "https://github.com/files-community/Files/issues/14981",
                        "state": "CLOSED",
                        "number": 14981,
                        "timelineItems": {
                            "nodes": []
                        }
                    },
                    {
                        "author": {
                            "login": "meemore"
                        },
                        "title": "Right Click  Move to",
                        "url": "https://github.com/files-community/Files/issues/14980",
                        "state": "CLOSED",
                        "number": 14980,
                        "timelineItems": {
                            "nodes": []
                        }
                    },
                    {
                        "author": {
                            "login": "Zusurs"
                        },
                        "title": "Can not drag-n-drop to open files in Corel applications (CorelDRAW, Corel PhotoPaint)",
                        "url": "https://github.com/files-community/Files/issues/14977",
                        "state": "CLOSED",
                        "number": 14977,
                        "timelineItems": {
                            "nodes": []
                        }
                    },
                    {
                        "author": {
                            "login": "D-Maxwell"
                        },
                        "title": "Bug: Status Center doesn't show extraction information for .RAR archives",
                        "url": "https://github.com/files-community/Files/issues/14974",
                        "state": "OPEN",
                        "number": 14974,
                        "timelineItems": {
                            "nodes": []
                        }
                    },
                    {
                        "author": {
                            "login": "Zusurs"
                        },
                        "title": "Search results can not be clicked if using Column layout",
                        "url": "https://github.com/files-community/Files/issues/14973",
                        "state": "CLOSED",
                        "number": 14973,
                        "timelineItems": {
                            "nodes": []
                        }
                    },
                    {
                        "author": {
                            "login": "QiTianzu"
                        },
                        "title": "Can't access Recent folder",
                        "url": "https://github.com/files-community/Files/issues/14972",
                        "state": "CLOSED",
                        "number": 14972,
                        "timelineItems": {
                            "nodes": []
                        }
                    },
                    {
                        "author": {
                            "login": "JTFA"
                        },
                        "title": "Feature: about shell extensions in the right-click menu",
                        "url": "https://github.com/files-community/Files/issues/14971",
                        "state": "CLOSED",
                        "number": 14971,
                        "timelineItems": {
                            "nodes": []
                        }
                    },
                    {
                        "author": {
                            "login": "Bolhoman"
                        },
                        "title": "External Link not pre-select a file",
                        "url": "https://github.com/files-community/Files/issues/14969",
                        "state": "CLOSED",
                        "number": 14969,
                        "timelineItems": {
                            "nodes": []
                        }
                    },
                    {
                        "author": {
                            "login": "star43able"
                        },
                        "title": "PB instead of GB",
                        "url": "https://github.com/files-community/Files/issues/14967",
                        "state": "CLOSED",
                        "number": 14967,
                        "timelineItems": {
                            "nodes": []
                        }
                    },
                    {
                        "author": {
                            "login": "Josh65-2201"
                        },
                        "title": "Bug: Drag gap between tab bar and windows controls doesn't always happen",
                        "url": "https://github.com/files-community/Files/issues/14958",
                        "state": "OPEN",
                        "number": 14958,
                        "timelineItems": {
                            "nodes": [
                                {
                                    "source": {
                                        "author": {
                                            "login": "emkaix"
                                        },
                                        "title": "Add spacing for tabs to allow moving window",
                                        "url": "https://github.com/files-community/Files/issues/14952",
                                        "state": "CLOSED",
                                        "number": 14952,
                                        "__typename": "Issue"
                                    }
                                }
                            ]
                        }
                    },
                    {
                        "author": {
                            "login": "skst"
                        },
                        "title": "Does not \"Continue where you left off\" when Windows restarts",
                        "url": "https://github.com/files-community/Files/issues/14949",
                        "state": "CLOSED",
                        "number": 14949,
                        "timelineItems": {
                            "nodes": []
                        }
                    },
                    {
                        "author": {
                            "login": "A-Loot"
                        },
                        "title": "Feature Request: \"Select All\" Checkbox next to \"Name\" column in Details Layout",
                        "url": "https://github.com/files-community/Files/issues/14940",
                        "state": "CLOSED",
                        "number": 14940,
                        "timelineItems": {
                            "nodes": []
                        }
                    },
                    {
                        "author": {
                            "login": "unfa"
                        },
                        "title": "Files is very slow and unresponsive on Windows 10",
                        "url": "https://github.com/files-community/Files/issues/14939",
                        "state": "CLOSED",
                        "number": 14939,
                        "timelineItems": {
                            "nodes": []
                        }
                    },
                    {
                        "author": {
                            "login": "JTFA"
                        },
                        "title": "Feature: Translate the “Files\" in opening page",
                        "url": "https://github.com/files-community/Files/issues/14931",
                        "state": "CLOSED",
                        "number": 14931,
                        "timelineItems": {
                            "nodes": []
                        }
                    },
                    {
                        "author": {
                            "login": "ajay-mishra7"
                        },
                        "title": "Gallery feature",
                        "url": "https://github.com/files-community/Files/issues/14930",
                        "state": "CLOSED",
                        "number": 14930,
                        "timelineItems": {
                            "nodes": []
                        }
                    },
                    {
                        "author": {
                            "login": "Josh65-2201"
                        },
                        "title": "Feature: Allow pausing operations in Status Center",
                        "url": "https://github.com/files-community/Files/issues/14929",
                        "state": "OPEN",
                        "number": 14929,
                        "timelineItems": {
                            "nodes": []
                        }
                    },
                    {
                        "author": {
                            "login": "TavenenoX"
                        },
                        "title": "7 zip bug",
                        "url": "https://github.com/files-community/Files/issues/14928",
                        "state": "CLOSED",
                        "number": 14928,
                        "timelineItems": {
                            "nodes": []
                        }
                    },
                    {
                        "author": {
                            "login": "lunathanael"
                        },
                        "title": "Fix spelling error",
                        "url": "https://github.com/files-community/Files/issues/14923",
                        "state": "CLOSED",
                        "number": 14923,
                        "timelineItems": {
                            "nodes": [
                                {
                                    "source": {
                                        "author": {
                                            "login": "lunathanael"
                                        },
                                        "title": "GitHub: Fixed typo in code quality template",
                                        "url": "https://github.com/files-community/Files/pull/14924",
                                        "state": "MERGED",
                                        "number": 14924,
                                        "__typename": "PullRequest"
                                    }
                                }
                            ]
                        }
                    },
                    {
                        "author": {
                            "login": "488GTB"
                        },
                        "title": "Copy To Mve To",
                        "url": "https://github.com/files-community/Files/issues/14920",
                        "state": "CLOSED",
                        "number": 14920,
                        "timelineItems": {
                            "nodes": []
                        }
                    },
                    {
                        "author": {
                            "login": "ja422fs"
                        },
                        "title": "Please add \"Owner\" to Details layout columns",
                        "url": "https://github.com/files-community/Files/issues/14919",
                        "state": "CLOSED",
                        "number": 14919,
                        "timelineItems": {
                            "nodes": []
                        }
                    },
                    {
                        "author": {
                            "login": "fellipec"
                        },
                        "title": "Use Everything for search",
                        "url": "https://github.com/files-community/Files/issues/14916",
                        "state": "CLOSED",
                        "number": 14916,
                        "timelineItems": {
                            "nodes": []
                        }
                    },
                    {
                        "author": {
                            "login": "adhhrg"
                        },
                        "title": "restart computer doesnt continue where left off",
                        "url": "https://github.com/files-community/Files/issues/14909",
                        "state": "CLOSED",
                        "number": 14909,
                        "timelineItems": {
                            "nodes": []
                        }
                    },
                    {
                        "author": {
                            "login": "emvaized"
                        },
                        "title": "[Request] Apply \"compact\" view to the \"Tiles\" view mode as well",
                        "url": "https://github.com/files-community/Files/issues/14906",
                        "state": "CLOSED",
                        "number": 14906,
                        "timelineItems": {
                            "nodes": []
                        }
                    },
                    {
                        "author": {
                            "login": "JollyRoger8X"
                        },
                        "title": "Files does not allow Ejection of mounted virtual hard disk drives because it thinks they are Fixed Disk Drives",
                        "url": "https://github.com/files-community/Files/issues/14899",
                        "state": "CLOSED",
                        "number": 14899,
                        "timelineItems": {
                            "nodes": []
                        }
                    },
                    {
                        "author": {
                            "login": "BartHNL"
                        },
                        "title": "PDF file preview in Files and add Tags",
                        "url": "https://github.com/files-community/Files/issues/14896",
                        "state": "CLOSED",
                        "number": 14896,
                        "timelineItems": {
                            "nodes": []
                        }
                    },
                    {
                        "author": {
                            "login": "Josh65-2201"
                        },
                        "title": "Bug: Video encode rate not shown correctly",
                        "url": "https://github.com/files-community/Files/issues/14892",
                        "state": "CLOSED",
                        "number": 14892,
                        "timelineItems": {
                            "nodes": [
                                {
                                    "source": {
                                        "author": {
                                            "login": "0x5bfa"
                                        },
                                        "title": "Fix: Fixed an issue where video bitrate was displayed in plain text",
                                        "url": "https://github.com/files-community/Files/pull/14932",
                                        "state": "MERGED",
                                        "number": 14932,
                                        "__typename": "PullRequest"
                                    }
                                }
                            ]
                        }
                    },
                    {
                        "author": {
                            "login": "davidp88"
                        },
                        "title": "install issue",
                        "url": "https://github.com/files-community/Files/issues/14890",
                        "state": "CLOSED",
                        "number": 14890,
                        "timelineItems": {
                            "nodes": []
                        }
                    },
                    {
                        "author": {
                            "login": "dracp"
                        },
                        "title": "Enlarge space for text in Spanish",
                        "url": "https://github.com/files-community/Files/issues/14889",
                        "state": "CLOSED",
                        "number": 14889,
                        "timelineItems": {
                            "nodes": []
                        }
                    },
                    {
                        "author": {
                            "login": "dracp"
                        },
                        "title": "Bug: \"Open with\" icon on right",
                        "url": "https://github.com/files-community/Files/issues/14888",
                        "state": "CLOSED",
                        "number": 14888,
                        "timelineItems": {
                            "nodes": []
                        }
                    },
                    {
                        "author": {
                            "login": "codingU4EA"
                        },
                        "title": "Horizontal scroll in Column View",
                        "url": "https://github.com/files-community/Files/issues/14886",
                        "state": "CLOSED",
                        "number": 14886,
                        "timelineItems": {
                            "nodes": []
                        }
                    },
                    {
                        "author": {
                            "login": "cybergeek1943"
                        },
                        "title": "Windows Network Sharing",
                        "url": "https://github.com/files-community/Files/issues/14873",
                        "state": "CLOSED",
                        "number": 14873,
                        "timelineItems": {
                            "nodes": []
                        }
                    },
                    {
                        "author": {
                            "login": "meemore"
                        },
                        "title": "Status File Transfer",
                        "url": "https://github.com/files-community/Files/issues/14870",
                        "state": "CLOSED",
                        "number": 14870,
                        "timelineItems": {
                            "nodes": []
                        }
                    },
                    {
                        "author": {
                            "login": "johdeg"
                        },
                        "title": "See not only modified date, but also modified time",
                        "url": "https://github.com/files-community/Files/issues/14868",
                        "state": "CLOSED",
                        "number": 14868,
                        "timelineItems": {
                            "nodes": []
                        }
                    },
                    {
                        "author": {
                            "login": "kafuuchinolpx"
                        },
                        "title": "Background image support",
                        "url": "https://github.com/files-community/Files/issues/14860",
                        "state": "CLOSED",
                        "number": 14860,
                        "timelineItems": {
                            "nodes": []
                        }
                    },
                    {
                        "author": {
                            "login": "noblemd00"
                        },
                        "title": "Multi pane (and other Move operations) - Right Click & Drag = MOVE compatibility",
                        "url": "https://github.com/files-community/Files/issues/14859",
                        "state": "CLOSED",
                        "number": 14859,
                        "timelineItems": {
                            "nodes": []
                        }
                    },
                    {
                        "author": {
                            "login": "yaira2"
                        },
                        "title": "Bug: Continue where you left off is missed up when resuming from the background",
                        "url": "https://github.com/files-community/Files/issues/14856",
                        "state": "CLOSED",
                        "number": 14856,
                        "timelineItems": {
                            "nodes": [
                                {
                                    "source": {
                                        "author": {
                                            "login": "yaira2"
                                        },
                                        "title": "Fix: Fixed issue where tabs weren't restored when resuming from the background",
                                        "url": "https://github.com/files-community/Files/pull/14857",
                                        "state": "MERGED",
                                        "number": 14857,
                                        "__typename": "PullRequest"
                                    }
                                }
                            ]
                        }
                    },
                    {
                        "author": {
                            "login": "AyoungDukie"
                        },
                        "title": "Feature: Remember multiple application windows for \"Continue where I left off\"",
                        "url": "https://github.com/files-community/Files/issues/14855",
                        "state": "OPEN",
                        "number": 14855,
                        "timelineItems": {
                            "nodes": []
                        }
                    },
                    {
                        "author": {
                            "login": "Divers-Seki"
                        },
                        "title": "Initial display when selecting a folder",
                        "url": "https://github.com/files-community/Files/issues/14849",
                        "state": "CLOSED",
                        "number": 14849,
                        "timelineItems": {
                            "nodes": []
                        }
                    },
                    {
                        "author": {
                            "login": "picarica"
                        },
                        "title": "Search in hidden folders/files",
                        "url": "https://github.com/files-community/Files/issues/14840",
                        "state": "CLOSED",
                        "number": 14840,
                        "timelineItems": {
                            "nodes": []
                        }
                    },
                    {
                        "author": {
                            "login": "Lukiluc29"
                        },
                        "title": "Bug: Subfolders Remain Open in Column Mode",
                        "url": "https://github.com/files-community/Files/issues/14833",
                        "state": "OPEN",
                        "number": 14833,
                        "timelineItems": {
                            "nodes": []
                        }
                    },
                    {
                        "author": {
                            "login": "JTFA"
                        },
                        "title": "Bug: when navigating up to the previous folder, the page will flash at the top position and then jump to the previous position",
                        "url": "https://github.com/files-community/Files/issues/14830",
                        "state": "CLOSED",
                        "number": 14830,
                        "timelineItems": {
                            "nodes": []
                        }
                    },
                    {
                        "author": {
                            "login": "JTFA"
                        },
                        "title": "When open download filefolder, the position is not at the top",
                        "url": "https://github.com/files-community/Files/issues/14828",
                        "state": "CLOSED",
                        "number": 14828,
                        "timelineItems": {
                            "nodes": []
                        }
                    },
                    {
                        "author": {
                            "login": "gerard-durand"
                        },
                        "title": "Files 3.2.3 only on an admin account ?",
                        "url": "https://github.com/files-community/Files/issues/14827",
                        "state": "CLOSED",
                        "number": 14827,
                        "timelineItems": {
                            "nodes": []
                        }
                    },
                    {
                        "author": {
                            "login": "gilnett"
                        },
                        "title": "3.2.3 files preview",
                        "url": "https://github.com/files-community/Files/issues/14825",
                        "state": "CLOSED",
                        "number": 14825,
                        "timelineItems": {
                            "nodes": []
                        }
                    },
                    {
                        "author": {
                            "login": "Zhnigo"
                        },
                        "title": "Ability to reorder columns in detail view",
                        "url": "https://github.com/files-community/Files/issues/14819",
                        "state": "CLOSED",
                        "number": 14819,
                        "timelineItems": {
                            "nodes": []
                        }
                    },
                    {
                        "author": {
                            "login": "Davikar"
                        },
                        "title": "Buggy Sort by menu",
                        "url": "https://github.com/files-community/Files/issues/14815",
                        "state": "CLOSED",
                        "number": 14815,
                        "timelineItems": {
                            "nodes": []
                        }
                    },
                    {
                        "author": {
                            "login": "compupix"
                        },
                        "title": "Tree Navigation",
                        "url": "https://github.com/files-community/Files/issues/14814",
                        "state": "CLOSED",
                        "number": 14814,
                        "timelineItems": {
                            "nodes": []
                        }
                    },
                    {
                        "author": {
                            "login": "queenbiscuit311"
                        },
                        "title": "Allow for file transfer progress or status center to be \"popped out\" into its own window",
                        "url": "https://github.com/files-community/Files/issues/14797",
                        "state": "CLOSED",
                        "number": 14797,
                        "timelineItems": {
                            "nodes": []
                        }
                    },
                    {
                        "author": {
                            "login": "clackwell"
                        },
                        "title": "Avoid duplicate tabs for same folder/path",
                        "url": "https://github.com/files-community/Files/issues/14796",
                        "state": "CLOSED",
                        "number": 14796,
                        "timelineItems": {
                            "nodes": []
                        }
                    },
                    {
                        "author": {
                            "login": "lotharschaberg"
                        },
                        "title": "Bug: `COM server is in use` prompt when closing Files sometimes",
                        "url": "https://github.com/files-community/Files/issues/14794",
                        "state": "OPEN",
                        "number": 14794,
                        "timelineItems": {
                            "nodes": []
                        }
                    },
                    {
                        "author": {
                            "login": "noblemd00"
                        },
                        "title": "Question/Feature Request (if not currently possible) re: How to Run \"Files\" - 2 folders in Double Pane Files Window",
                        "url": "https://github.com/files-community/Files/issues/14793",
                        "state": "CLOSED",
                        "number": 14793,
                        "timelineItems": {
                            "nodes": []
                        }
                    },
                    {
                        "author": {
                            "login": "yaira2"
                        },
                        "title": "Bug: OutOfMemoryException in Preview Pane",
                        "url": "https://github.com/files-community/Files/issues/14791",
                        "state": "OPEN",
                        "number": 14791,
                        "timelineItems": {
                            "nodes": []
                        }
                    },
                    {
                        "author": {
                            "login": "littleboot"
                        },
                        "title": "Bug: Files stops responding while loading network share content",
                        "url": "https://github.com/files-community/Files/issues/14777",
                        "state": "OPEN",
                        "number": 14777,
                        "timelineItems": {
                            "nodes": [
                                {
                                    "source": {
                                        "author": {
                                            "login": "SpringsTS"
                                        },
                                        "title": "Exclude network locations from Recents files and history",
                                        "url": "https://github.com/files-community/Files/issues/15454",
                                        "state": "CLOSED",
                                        "number": 15454,
                                        "__typename": "Issue"
                                    }
                                }
                            ]
                        }
                    },
                    {
                        "author": {
                            "login": "bwh1969"
                        },
                        "title": "Copy/Move large amount of files (photos) dismally slow",
                        "url": "https://github.com/files-community/Files/issues/14771",
                        "state": "CLOSED",
                        "number": 14771,
                        "timelineItems": {
                            "nodes": []
                        }
                    },
                    {
                        "author": {
                            "login": "Kagura-Nanaa"
                        },
                        "title": "Requires WSL to be installed when opening files",
                        "url": "https://github.com/files-community/Files/issues/14768",
                        "state": "CLOSED",
                        "number": 14768,
                        "timelineItems": {
                            "nodes": []
                        }
                    },
                    {
                        "author": {
                            "login": "verdaderoken"
                        },
                        "title": "Bug: Extracting items from 7zip to Files doesn't work",
                        "url": "https://github.com/files-community/Files/issues/14765",
                        "state": "CLOSED",
                        "number": 14765,
                        "timelineItems": {
                            "nodes": []
                        }
                    },
                    {
                        "author": {
                            "login": "German-Pine"
                        },
                        "title": "More integration with powertoys",
                        "url": "https://github.com/files-community/Files/issues/14762",
                        "state": "CLOSED",
                        "number": 14762,
                        "timelineItems": {
                            "nodes": []
                        }
                    },
                    {
                        "author": {
                            "login": "0x5bfa"
                        },
                        "title": "Code Quality: Remove ContextMenuFlyoutItemViewModelBuilder",
                        "url": "https://github.com/files-community/Files/issues/14761",
                        "state": "OPEN",
                        "number": 14761,
                        "timelineItems": {
                            "nodes": [
                                {
                                    "source": {
                                        "author": {
                                            "login": "0x5bfa"
                                        },
                                        "title": "Code Quality: Removed ContextMenuFlyoutItemViewModelBuilder",
                                        "url": "https://github.com/files-community/Files/pull/15299",
                                        "state": "OPEN",
                                        "number": 15299,
                                        "__typename": "PullRequest"
                                    }
                                }
                            ]
                        }
                    },
                    {
                        "author": {
                            "login": "sky47sky"
                        },
                        "title": "Github Login doesn't work",
                        "url": "https://github.com/files-community/Files/issues/14758",
                        "state": "CLOSED",
                        "number": 14758,
                        "timelineItems": {
                            "nodes": []
                        }
                    },
                    {
                        "author": {
                            "login": "MarathonMax"
                        },
                        "title": "Feature: Support for displaying \"home\" icon next to navigation buttons",
                        "url": "https://github.com/files-community/Files/issues/14755",
                        "state": "OPEN",
                        "number": 14755,
                        "timelineItems": {
                            "nodes": []
                        }
                    },
                    {
                        "author": {
                            "login": "Morceguillo"
                        },
                        "title": "windows 10 taskbar not showing when set on autohide  ",
                        "url": "https://github.com/files-community/Files/issues/14753",
                        "state": "CLOSED",
                        "number": 14753,
                        "timelineItems": {
                            "nodes": []
                        }
                    },
                    {
                        "author": {
                            "login": "naumgod"
                        },
                        "title": "How to add cloud drives to the files program?",
                        "url": "https://github.com/files-community/Files/issues/14747",
                        "state": "CLOSED",
                        "number": 14747,
                        "timelineItems": {
                            "nodes": []
                        }
                    },
                    {
                        "author": {
                            "login": "jefflord"
                        },
                        "title": "Files - is a good name (dupe I know), re-consider a rename.",
                        "url": "https://github.com/files-community/Files/issues/14742",
                        "state": "CLOSED",
                        "number": 14742,
                        "timelineItems": {
                            "nodes": []
                        }
                    },
                    {
                        "author": {
                            "login": "katastrophe92"
                        },
                        "title": "Icon Packs Feature Request",
                        "url": "https://github.com/files-community/Files/issues/14740",
                        "state": "CLOSED",
                        "number": 14740,
                        "timelineItems": {
                            "nodes": []
                        }
                    },
                    {
                        "author": {
                            "login": "amalmp"
                        },
                        "title": "Open file location not working.",
                        "url": "https://github.com/files-community/Files/issues/14737",
                        "state": "CLOSED",
                        "number": 14737,
                        "timelineItems": {
                            "nodes": []
                        }
                    },
                    {
                        "author": {
                            "login": "MarathonMax"
                        },
                        "title": "Remember opened tabs",
                        "url": "https://github.com/files-community/Files/issues/14736",
                        "state": "CLOSED",
                        "number": 14736,
                        "timelineItems": {
                            "nodes": []
                        }
                    },
                    {
                        "author": {
                            "login": "patela85"
                        },
                        "title": "Indexing",
                        "url": "https://github.com/files-community/Files/issues/14731",
                        "state": "CLOSED",
                        "number": 14731,
                        "timelineItems": {
                            "nodes": []
                        }
                    },
                    {
                        "author": {
                            "login": "SimpleDeath"
                        },
                        "title": "标签查看错误",
                        "url": "https://github.com/files-community/Files/issues/14729",
                        "state": "CLOSED",
                        "number": 14729,
                        "timelineItems": {
                            "nodes": []
                        }
                    },
                    {
                        "author": {
                            "login": "Aghyads"
                        },
                        "title": "Change the distance between file name (like macos). Grid spacing and Icon size. ",
                        "url": "https://github.com/files-community/Files/issues/14725",
                        "state": "CLOSED",
                        "number": 14725,
                        "timelineItems": {
                            "nodes": []
                        }
                    },
                    {
                        "author": {
                            "login": "thebeersmith"
                        },
                        "title": "Dragging a compressed file from 7Zip into the Files interface results in an error \"File not found\"",
                        "url": "https://github.com/files-community/Files/issues/14721",
                        "state": "CLOSED",
                        "number": 14721,
                        "timelineItems": {
                            "nodes": []
                        }
                    },
                    {
                        "author": {
                            "login": "FlyingToaster"
                        },
                        "title": "Add a Length column for Details layout",
                        "url": "https://github.com/files-community/Files/issues/14716",
                        "state": "CLOSED",
                        "number": 14716,
                        "timelineItems": {
                            "nodes": []
                        }
                    },
                    {
                        "author": {
                            "login": "Aghyads"
                        },
                        "title": "Bug when making changes on document while having the side preview ON. ",
                        "url": "https://github.com/files-community/Files/issues/14714",
                        "state": "CLOSED",
                        "number": 14714,
                        "timelineItems": {
                            "nodes": []
                        }
                    },
                    {
                        "author": {
                            "login": "D-Maxwell"
                        },
                        "title": "Titlebar Buttons Icons to be Made Platform Dependant",
                        "url": "https://github.com/files-community/Files/issues/14712",
                        "state": "CLOSED",
                        "number": 14712,
                        "timelineItems": {
                            "nodes": []
                        }
                    },
                    {
                        "author": {
                            "login": "Qin-shihuang"
                        },
                        "title": "Bug: Some thumbnails display too small",
                        "url": "https://github.com/files-community/Files/issues/14705",
                        "state": "CLOSED",
                        "number": 14705,
                        "timelineItems": {
                            "nodes": []
                        }
                    },
                    {
                        "author": {
                            "login": "chooky19"
                        },
                        "title": "Popup when opening Files.",
                        "url": "https://github.com/files-community/Files/issues/14703",
                        "state": "CLOSED",
                        "number": 14703,
                        "timelineItems": {
                            "nodes": []
                        }
                    },
                    {
                        "author": {
                            "login": "specurial"
                        },
                        "title": "Hardlinks in context menu",
                        "url": "https://github.com/files-community/Files/issues/14702",
                        "state": "CLOSED",
                        "number": 14702,
                        "timelineItems": {
                            "nodes": []
                        }
                    },
                    {
                        "author": {
                            "login": "FieldOfRice"
                        },
                        "title": "Unable to install if smartscreen is switched off",
                        "url": "https://github.com/files-community/Files/issues/14695",
                        "state": "CLOSED",
                        "number": 14695,
                        "timelineItems": {
                            "nodes": []
                        }
                    },
                    {
                        "author": {
                            "login": "Raven-713"
                        },
                        "title": "multiple location copying / moving",
                        "url": "https://github.com/files-community/Files/issues/14692",
                        "state": "OPEN",
                        "number": 14692,
                        "timelineItems": {
                            "nodes": []
                        }
                    },
                    {
                        "author": {
                            "login": "Raven-713"
                        },
                        "title": "Flashing when copying/moving files",
                        "url": "https://github.com/files-community/Files/issues/14690",
                        "state": "CLOSED",
                        "number": 14690,
                        "timelineItems": {
                            "nodes": []
                        }
                    },
                    {
                        "author": {
                            "login": "MarathonMax"
                        },
                        "title": "Display issues",
                        "url": "https://github.com/files-community/Files/issues/14686",
                        "state": "CLOSED",
                        "number": 14686,
                        "timelineItems": {
                            "nodes": []
                        }
                    },
                    {
                        "author": {
                            "login": "Koning53"
                        },
                        "title": "Opening a link to a folder while using the columns layout freezes Files",
                        "url": "https://github.com/files-community/Files/issues/14671",
                        "state": "CLOSED",
                        "number": 14671,
                        "timelineItems": {
                            "nodes": []
                        }
                    },
                    {
                        "author": {
                            "login": "hishitetsu"
                        },
                        "title": "Feature: Show a notification when the app goes to the background for the first time",
                        "url": "https://github.com/files-community/Files/issues/14668",
                        "state": "CLOSED",
                        "number": 14668,
                        "timelineItems": {
                            "nodes": [
                                {
                                    "source": {
                                        "author": {
                                            "login": "hishitetsu"
                                        },
                                        "title": "Feature: Added a notification when the app goes to the background for the first time",
                                        "url": "https://github.com/files-community/Files/pull/14673",
                                        "state": "MERGED",
                                        "number": 14673,
                                        "__typename": "PullRequest"
                                    }
                                }
                            ]
                        }
                    },
                    {
                        "author": {
                            "login": "Michellehdr"
                        },
                        "title": "[Animotica - Movie Maker & 1.1.92.0]: \"Votica.exe\" crash is observed while working with app functionality. #14632",
                        "url": "https://github.com/files-community/Files/issues/14658",
                        "state": "CLOSED",
                        "number": 14658,
                        "timelineItems": {
                            "nodes": []
                        }
                    },
                    {
                        "author": {
                            "login": "bassgeeek"
                        },
                        "title": "Folder Pane Tree Structure with Expand to Open Folder",
                        "url": "https://github.com/files-community/Files/issues/14648",
                        "state": "CLOSED",
                        "number": 14648,
                        "timelineItems": {
                            "nodes": []
                        }
                    },
                    {
                        "author": {
                            "login": "mikaeelg"
                        },
                        "title": "Open New Tab in background",
                        "url": "https://github.com/files-community/Files/issues/14633",
                        "state": "CLOSED",
                        "number": 14633,
                        "timelineItems": {
                            "nodes": []
                        }
                    },
                    {
                        "author": {
                            "login": "ehsan54321"
                        },
                        "title": "add powrtoys fichers",
                        "url": "https://github.com/files-community/Files/issues/14625",
                        "state": "CLOSED",
                        "number": 14625,
                        "timelineItems": {
                            "nodes": []
                        }
                    },
                    {
                        "author": {
                            "login": "RickyVercetti"
                        },
                        "title": "Error show selected items in list view",
                        "url": "https://github.com/files-community/Files/issues/14623",
                        "state": "CLOSED",
                        "number": 14623,
                        "timelineItems": {
                            "nodes": []
                        }
                    },
                    {
                        "author": {
                            "login": "QuaintMako"
                        },
                        "title": "Bug: Batch File previews aren't working in 7z archive",
                        "url": "https://github.com/files-community/Files/issues/14614",
                        "state": "CLOSED",
                        "number": 14614,
                        "timelineItems": {
                            "nodes": [
                                {
                                    "source": {
                                        "author": {
                                            "login": "hishitetsu"
                                        },
                                        "title": "Fix: Fixed issue where batch files couldn't be previewed inside archives",
                                        "url": "https://github.com/files-community/Files/pull/14641",
                                        "state": "MERGED",
                                        "number": 14641,
                                        "__typename": "PullRequest"
                                    }
                                }
                            ]
                        }
                    },
                    {
                        "author": {
                            "login": "Qin-shihuang"
                        },
                        "title": "Bug: Clicking the tray icon opens a different channel of Files",
                        "url": "https://github.com/files-community/Files/issues/14611",
                        "state": "CLOSED",
                        "number": 14611,
                        "timelineItems": {
                            "nodes": []
                        }
                    }
                ]
            }
        }
    }
}