{
    "data": {
        "repository": {
            "issues": {
                "pageInfo": {
                    "endCursor": "Y3Vyc29yOnYyOpICzkHyM6k="
                },
                "nodes": [
                    {
                        "author": {
                            "login": "Memesy02"
                        },
                        "title": "Crashes with Onedrive 365 folders",
                        "url": "https://github.com/files-community/Files/issues/8587",
                        "state": "CLOSED",
                        "number": 8587,
                        "timelineItems": {
                            "nodes": []
                        }
                    },
                    {
                        "author": {
                            "login": "gregveres"
                        },
                        "title": "Files do not automatically refresh for network folders",
                        "url": "https://github.com/files-community/Files/issues/8581",
                        "state": "CLOSED",
                        "number": 8581,
                        "timelineItems": {
                            "nodes": []
                        }
                    },
                    {
                        "author": {
                            "login": "jaikomodo"
                        },
                        "title": "Keybinds",
                        "url": "https://github.com/files-community/Files/issues/8576",
                        "state": "CLOSED",
                        "number": 8576,
                        "timelineItems": {
                            "nodes": []
                        }
                    },
                    {
                        "author": {
                            "login": "GrahLnn"
                        },
                        "title": "'设置默认资源管理器'选项消失",
                        "url": "https://github.com/files-community/Files/issues/8562",
                        "state": "CLOSED",
                        "number": 8562,
                        "timelineItems": {
                            "nodes": []
                        }
                    },
                    {
                        "author": {
                            "login": "modest-marmot"
                        },
                        "title": "favorites do not update on other windows",
                        "url": "https://github.com/files-community/Files/issues/8556",
                        "state": "CLOSED",
                        "number": 8556,
                        "timelineItems": {
                            "nodes": [
                                {
                                    "source": {
                                        "author": {
                                            "login": "jiejasonliu"
                                        },
                                        "title": "Notify when pinned items config changes",
                                        "url": "https://github.com/files-community/Files/pull/8712",
                                        "state": "MERGED",
                                        "number": 8712,
                                        "__typename": "PullRequest"
                                    }
                                }
                            ]
                        }
                    },
                    {
                        "author": {
                            "login": "TheBossMagnus"
                        },
                        "title": "Crash when removing a usb phone",
                        "url": "https://github.com/files-community/Files/issues/8554",
                        "state": "CLOSED",
                        "number": 8554,
                        "timelineItems": {
                            "nodes": []
                        }
                    },
                    {
                        "author": {
                            "login": "davidbuckleyni"
                        },
                        "title": "View like folder sizes",
                        "url": "https://github.com/files-community/Files/issues/8531",
                        "state": "CLOSED",
                        "number": 8531,
                        "timelineItems": {
                            "nodes": []
                        }
                    },
                    {
                        "author": null,
                        "title": "Bundles keep resetting",
                        "url": "https://github.com/files-community/Files/issues/8530",
                        "state": "CLOSED",
                        "number": 8530,
                        "timelineItems": {
                            "nodes": [
                                {
                                    "source": {
                                        "author": {
                                            "login": "EvilCheez"
                                        },
                                        "title": "Bundles dissapear on startup",
                                        "url": "https://github.com/files-community/Files/issues/8563",
                                        "state": "CLOSED",
                                        "number": 8563,
                                        "__typename": "Issue"
                                    }
                                },
                                {
                                    "source": {
                                        "author": {
                                            "login": "thorcazo"
                                        },
                                        "title": "Containers disappear",
                                        "url": "https://github.com/files-community/Files/issues/8984",
                                        "state": "CLOSED",
                                        "number": 8984,
                                        "__typename": "Issue"
                                    }
                                }
                            ]
                        }
                    },
                    {
                        "author": {
                            "login": "Someone-Somwhere"
                        },
                        "title": "How to change themes",
                        "url": "https://github.com/files-community/Files/issues/8528",
                        "state": "CLOSED",
                        "number": 8528,
                        "timelineItems": {
                            "nodes": []
                        }
                    },
                    {
                        "author": {
                            "login": "KosmosisDire"
                        },
                        "title": "Feature to \"pin\" folders, to always show at the top of their parent directory",
                        "url": "https://github.com/files-community/Files/issues/8512",
                        "state": "CLOSED",
                        "number": 8512,
                        "timelineItems": {
                            "nodes": []
                        }
                    },
                    {
                        "author": {
                            "login": "lucasaraujocabra"
                        },
                        "title": ">Os temas desapareceram                               >The themes disappeared",
                        "url": "https://github.com/files-community/Files/issues/8509",
                        "state": "CLOSED",
                        "number": 8509,
                        "timelineItems": {
                            "nodes": []
                        }
                    },
                    {
                        "author": {
                            "login": "oleklukasiewicz"
                        },
                        "title": "Moving Sidebar items context menu options from sidebar class to items classes",
                        "url": "https://github.com/files-community/Files/issues/8498",
                        "state": "CLOSED",
                        "number": 8498,
                        "timelineItems": {
                            "nodes": [
                                {
                                    "source": {
                                        "author": {
                                            "login": "oleklukasiewicz"
                                        },
                                        "title": "Moved Sidebar item context menu options from SidebarControl.xaml.cs into INavigationControlItem",
                                        "url": "https://github.com/files-community/Files/pull/8506",
                                        "state": "MERGED",
                                        "number": 8506,
                                        "__typename": "PullRequest"
                                    }
                                }
                            ]
                        }
                    },
                    {
                        "author": {
                            "login": "danielduckworth"
                        },
                        "title": "I love Files, but it's a bit slow compared to the native windows explorer.",
                        "url": "https://github.com/files-community/Files/issues/8468",
                        "state": "CLOSED",
                        "number": 8468,
                        "timelineItems": {
                            "nodes": []
                        }
                    },
                    {
                        "author": {
                            "login": "konradsikorski"
                        },
                        "title": "Build problems",
                        "url": "https://github.com/files-community/Files/issues/8467",
                        "state": "CLOSED",
                        "number": 8467,
                        "timelineItems": {
                            "nodes": [
                                {
                                    "source": {
                                        "author": {
                                            "login": "konradsikorski"
                                        },
                                        "title": "Added required individual components of VS to readme",
                                        "url": "https://github.com/files-community/Files/pull/8480",
                                        "state": "MERGED",
                                        "number": 8480,
                                        "__typename": "PullRequest"
                                    }
                                }
                            ]
                        }
                    },
                    {
                        "author": {
                            "login": "oleklukasiewicz"
                        },
                        "title": "Missing close pane icon",
                        "url": "https://github.com/files-community/Files/issues/8466",
                        "state": "CLOSED",
                        "number": 8466,
                        "timelineItems": {
                            "nodes": [
                                {
                                    "source": {
                                        "author": {
                                            "login": "konradsikorski"
                                        },
                                        "title": "Fixed icon for Close Pane button",
                                        "url": "https://github.com/files-community/Files/pull/8482",
                                        "state": "CLOSED",
                                        "number": 8482,
                                        "__typename": "PullRequest"
                                    }
                                },
                                {
                                    "source": {
                                        "author": {
                                            "login": "bebeyaco"
                                        },
                                        "title": "Fixed the close pane icon",
                                        "url": "https://github.com/files-community/Files/pull/8513",
                                        "state": "MERGED",
                                        "number": 8513,
                                        "__typename": "PullRequest"
                                    }
                                },
                                {
                                    "source": {
                                        "author": {
                                            "login": "yaira2"
                                        },
                                        "title": "Fixed icon for Close Pane button",
                                        "url": "https://github.com/files-community/Files/pull/8605",
                                        "state": "CLOSED",
                                        "number": 8605,
                                        "__typename": "PullRequest"
                                    }
                                }
                            ]
                        }
                    },
                    {
                        "author": {
                            "login": "Hardel-DW"
                        },
                        "title": "Files crash but i don't know why.",
                        "url": "https://github.com/files-community/Files/issues/8461",
                        "state": "CLOSED",
                        "number": 8461,
                        "timelineItems": {
                            "nodes": []
                        }
                    },
                    {
                        "author": {
                            "login": "ChrisBkt"
                        },
                        "title": "Copy / Paste apply behavior for all files",
                        "url": "https://github.com/files-community/Files/issues/8449",
                        "state": "CLOSED",
                        "number": 8449,
                        "timelineItems": {
                            "nodes": []
                        }
                    },
                    {
                        "author": {
                            "login": "KosmosisDire"
                        },
                        "title": "Changing attributes in file properties is not very user friendly",
                        "url": "https://github.com/files-community/Files/issues/8439",
                        "state": "CLOSED",
                        "number": 8439,
                        "timelineItems": {
                            "nodes": []
                        }
                    },
                    {
                        "author": {
                            "login": "tjy-justin"
                        },
                        "title": "Files crashes",
                        "url": "https://github.com/files-community/Files/issues/8436",
                        "state": "CLOSED",
                        "number": 8436,
                        "timelineItems": {
                            "nodes": []
                        }
                    },
                    {
                        "author": {
                            "login": "ChristopherHaws"
                        },
                        "title": "Search box is 1px shorter than address bar",
                        "url": "https://github.com/files-community/Files/issues/8427",
                        "state": "CLOSED",
                        "number": 8427,
                        "timelineItems": {
                            "nodes": [
                                {
                                    "source": {
                                        "author": {
                                            "login": "cinqmilleans"
                                        },
                                        "title": "Fix SearchBox height",
                                        "url": "https://github.com/files-community/Files/pull/8452",
                                        "state": "MERGED",
                                        "number": 8452,
                                        "__typename": "PullRequest"
                                    }
                                }
                            ]
                        }
                    },
                    {
                        "author": {
                            "login": "Djuganight"
                        },
                        "title": "Not performing simple cut/copy/paste drag n' drop",
                        "url": "https://github.com/files-community/Files/issues/8420",
                        "state": "CLOSED",
                        "number": 8420,
                        "timelineItems": {
                            "nodes": [
                                {
                                    "source": {
                                        "author": {
                                            "login": "lukeblevins"
                                        },
                                        "title": "Improved drag and drop with virtual storage items",
                                        "url": "https://github.com/files-community/Files/pull/9014",
                                        "state": "MERGED",
                                        "number": 9014,
                                        "__typename": "PullRequest"
                                    }
                                }
                            ]
                        }
                    },
                    {
                        "author": {
                            "login": "saschakoeth"
                        },
                        "title": "Right Click to open Folder in Files v2",
                        "url": "https://github.com/files-community/Files/issues/8415",
                        "state": "CLOSED",
                        "number": 8415,
                        "timelineItems": {
                            "nodes": []
                        }
                    },
                    {
                        "author": {
                            "login": "farok-amo"
                        },
                        "title": "Crash when going back with mouse button in ColumnsView",
                        "url": "https://github.com/files-community/Files/issues/8409",
                        "state": "CLOSED",
                        "number": 8409,
                        "timelineItems": {
                            "nodes": [
                                {
                                    "source": {
                                        "author": {
                                            "login": "EvilCheez"
                                        },
                                        "title": "The app keeps crashing when I am on column mode and I press the back button from my mouse. ",
                                        "url": "https://github.com/files-community/Files/issues/8489",
                                        "state": "CLOSED",
                                        "number": 8489,
                                        "__typename": "Issue"
                                    }
                                },
                                {
                                    "source": {
                                        "author": {
                                            "login": "imessenger98"
                                        },
                                        "title": "application  getting closed when I open a folder in new tab and I click on secondary mouse button to go back.",
                                        "url": "https://github.com/files-community/Files/issues/8561",
                                        "state": "CLOSED",
                                        "number": 8561,
                                        "__typename": "Issue"
                                    }
                                }
                            ]
                        }
                    },
                    {
                        "author": {
                            "login": "jimmydeanhartog"
                        },
                        "title": "Keyboard arrow support when viewing files in column mode",
                        "url": "https://github.com/files-community/Files/issues/8381",
                        "state": "CLOSED",
                        "number": 8381,
                        "timelineItems": {
                            "nodes": []
                        }
                    },
                    {
                        "author": {
                            "login": "lf5120556"
                        },
                        "title": "Disk C cannot be copied",
                        "url": "https://github.com/files-community/Files/issues/8374",
                        "state": "CLOSED",
                        "number": 8374,
                        "timelineItems": {
                            "nodes": []
                        }
                    },
                    {
                        "author": {
                            "login": "nedpyle"
                        },
                        "title": "Copy & paste not working between SMB shares",
                        "url": "https://github.com/files-community/Files/issues/8369",
                        "state": "CLOSED",
                        "number": 8369,
                        "timelineItems": {
                            "nodes": []
                        }
                    },
                    {
                        "author": {
                            "login": "ACh-K"
                        },
                        "title": "Icons and images become blurry after exiting an empty subfolder",
                        "url": "https://github.com/files-community/Files/issues/8365",
                        "state": "CLOSED",
                        "number": 8365,
                        "timelineItems": {
                            "nodes": []
                        }
                    },
                    {
                        "author": {
                            "login": "ACh-K"
                        },
                        "title": "Music, Pictures, and Videos folders not translated in the homepage",
                        "url": "https://github.com/files-community/Files/issues/8363",
                        "state": "CLOSED",
                        "number": 8363,
                        "timelineItems": {
                            "nodes": []
                        }
                    },
                    {
                        "author": {
                            "login": "MohAbdelhamed"
                        },
                        "title": "Keyboard Navigation Between Files And Folders",
                        "url": "https://github.com/files-community/Files/issues/8352",
                        "state": "CLOSED",
                        "number": 8352,
                        "timelineItems": {
                            "nodes": []
                        }
                    },
                    {
                        "author": {
                            "login": "miguelisidoro"
                        },
                        "title": "Files - When in a folder, I start typing a word, the focus does not go to files or folders started by that folder",
                        "url": "https://github.com/files-community/Files/issues/8334",
                        "state": "CLOSED",
                        "number": 8334,
                        "timelineItems": {
                            "nodes": [
                                {
                                    "source": {
                                        "author": {
                                            "login": "WereWolfix"
                                        },
                                        "title": "Dragging a tab out of the Files window (with only 2 tabs open), Files close the other tab",
                                        "url": "https://github.com/files-community/Files/issues/8345",
                                        "state": "CLOSED",
                                        "number": 8345,
                                        "__typename": "Issue"
                                    }
                                }
                            ]
                        }
                    },
                    {
                        "author": {
                            "login": "itayotten"
                        },
                        "title": "Files Conflict: Replace Exisiting Button for all Conflicts",
                        "url": "https://github.com/files-community/Files/issues/8318",
                        "state": "CLOSED",
                        "number": 8318,
                        "timelineItems": {
                            "nodes": []
                        }
                    },
                    {
                        "author": {
                            "login": "AAP1003"
                        },
                        "title": "Double read",
                        "url": "https://github.com/files-community/Files/issues/8301",
                        "state": "CLOSED",
                        "number": 8301,
                        "timelineItems": {
                            "nodes": []
                        }
                    },
                    {
                        "author": {
                            "login": "pritster5"
                        },
                        "title": "\"Empty Recycle Bin\" option overrides muscle memory from people transitioning from regular File Explorer",
                        "url": "https://github.com/files-community/Files/issues/8297",
                        "state": "CLOSED",
                        "number": 8297,
                        "timelineItems": {
                            "nodes": []
                        }
                    },
                    {
                        "author": {
                            "login": "WereWolfix"
                        },
                        "title": "Slow to open Files",
                        "url": "https://github.com/files-community/Files/issues/8273",
                        "state": "CLOSED",
                        "number": 8273,
                        "timelineItems": {
                            "nodes": []
                        }
                    },
                    {
                        "author": {
                            "login": "waso99"
                        },
                        "title": "Default file manager",
                        "url": "https://github.com/files-community/Files/issues/8271",
                        "state": "CLOSED",
                        "number": 8271,
                        "timelineItems": {
                            "nodes": []
                        }
                    },
                    {
                        "author": {
                            "login": "zex-e"
                        },
                        "title": "CRASHING",
                        "url": "https://github.com/files-community/Files/issues/8252",
                        "state": "CLOSED",
                        "number": 8252,
                        "timelineItems": {
                            "nodes": []
                        }
                    },
                    {
                        "author": {
                            "login": "cinqmilleans"
                        },
                        "title": "Add 7zip integration",
                        "url": "https://github.com/files-community/Files/issues/8232",
                        "state": "CLOSED",
                        "number": 8232,
                        "timelineItems": {
                            "nodes": [
                                {
                                    "source": {
                                        "author": {
                                            "login": "Advik-B"
                                        },
                                        "title": "Add the ablity to mount disc image files",
                                        "url": "https://github.com/files-community/Files/issues/7880",
                                        "state": "CLOSED",
                                        "number": 7880,
                                        "__typename": "Issue"
                                    }
                                }
                            ]
                        }
                    },
                    {
                        "author": {
                            "login": "KumarjitDey"
                        },
                        "title": " Option to hide \"Ongoing tasks\"  button",
                        "url": "https://github.com/files-community/Files/issues/8224",
                        "state": "CLOSED",
                        "number": 8224,
                        "timelineItems": {
                            "nodes": []
                        }
                    },
                    {
                        "author": {
                            "login": "brucebinder"
                        },
                        "title": "Status still not showing everywhere",
                        "url": "https://github.com/files-community/Files/issues/8214",
                        "state": "CLOSED",
                        "number": 8214,
                        "timelineItems": {
                            "nodes": []
                        }
                    },
                    {
                        "author": {
                            "login": "Someone-Somwhere"
                        },
                        "title": "Cant add files/folders to bundles",
                        "url": "https://github.com/files-community/Files/issues/8211",
                        "state": "CLOSED",
                        "number": 8211,
                        "timelineItems": {
                            "nodes": []
                        }
                    },
                    {
                        "author": {
                            "login": "bnbagiz"
                        },
                        "title": "Dragging Tab results in app crashing",
                        "url": "https://github.com/files-community/Files/issues/8203",
                        "state": "CLOSED",
                        "number": 8203,
                        "timelineItems": {
                            "nodes": []
                        }
                    },
                    {
                        "author": {
                            "login": "Agility17"
                        },
                        "title": "Default explorer",
                        "url": "https://github.com/files-community/Files/issues/8197",
                        "state": "CLOSED",
                        "number": 8197,
                        "timelineItems": {
                            "nodes": []
                        }
                    },
                    {
                        "author": {
                            "login": "gTamatea"
                        },
                        "title": "Detailed view column order",
                        "url": "https://github.com/files-community/Files/issues/8192",
                        "state": "CLOSED",
                        "number": 8192,
                        "timelineItems": {
                            "nodes": []
                        }
                    },
                    {
                        "author": {
                            "login": "5vl"
                        },
                        "title": "Can't return to default file explorer.",
                        "url": "https://github.com/files-community/Files/issues/8173",
                        "state": "CLOSED",
                        "number": 8173,
                        "timelineItems": {
                            "nodes": []
                        }
                    },
                    {
                        "author": {
                            "login": "eminaguil"
                        },
                        "title": "Use teracopy for copy files",
                        "url": "https://github.com/files-community/Files/issues/8170",
                        "state": "CLOSED",
                        "number": 8170,
                        "timelineItems": {
                            "nodes": []
                        }
                    },
                    {
                        "author": {
                            "login": "nijoj"
                        },
                        "title": "Random crashes in the background",
                        "url": "https://github.com/files-community/Files/issues/8161",
                        "state": "CLOSED",
                        "number": 8161,
                        "timelineItems": {
                            "nodes": []
                        }
                    },
                    {
                        "author": {
                            "login": "alphapuggle"
                        },
                        "title": "[Experimental] File is not focused when \"Show in Folder\" is called ",
                        "url": "https://github.com/files-community/Files/issues/8160",
                        "state": "CLOSED",
                        "number": 8160,
                        "timelineItems": {
                            "nodes": []
                        }
                    },
                    {
                        "author": {
                            "login": "TheWox"
                        },
                        "title": "Context menus appearing off screen when clicking near the edge of the screen",
                        "url": "https://github.com/files-community/Files/issues/8156",
                        "state": "CLOSED",
                        "number": 8156,
                        "timelineItems": {
                            "nodes": [
                                {
                                    "source": {
                                        "author": {
                                            "login": "cinqmilleans"
                                        },
                                        "title": "The context menu can be displayed on another screen. ",
                                        "url": "https://github.com/files-community/Files/issues/8299",
                                        "state": "CLOSED",
                                        "number": 8299,
                                        "__typename": "Issue"
                                    }
                                }
                            ]
                        }
                    },
                    {
                        "author": {
                            "login": "Josh65-2201"
                        },
                        "title": "Bug: Access denied error doesn't isn't displayed when editing owner in security permissions",
                        "url": "https://github.com/files-community/Files/issues/8154",
                        "state": "OPEN",
                        "number": 8154,
                        "timelineItems": {
                            "nodes": [
                                {
                                    "source": {
                                        "author": {
                                            "login": "0x5bfa"
                                        },
                                        "title": "Fix: Fixed crash that would occur when editing file permissions",
                                        "url": "https://github.com/files-community/Files/pull/13565",
                                        "state": "CLOSED",
                                        "number": 13565,
                                        "__typename": "PullRequest"
                                    }
                                }
                            ]
                        }
                    },
                    {
                        "author": null,
                        "title": "Updated Japanese translation",
                        "url": "https://github.com/files-community/Files/issues/8137",
                        "state": "CLOSED",
                        "number": 8137,
                        "timelineItems": {
                            "nodes": [
                                {
                                    "source": {
                                        "author": {
                                            "login": "elvistkf"
                                        },
                                        "title": "update Files.ja-JP.xlf",
                                        "url": "https://github.com/files-community/Files/pull/8178",
                                        "state": "MERGED",
                                        "number": 8178,
                                        "__typename": "PullRequest"
                                    }
                                }
                            ]
                        }
                    },
                    {
                        "author": {
                            "login": "TheBossMagnus"
                        },
                        "title": "Update Italian translation ",
                        "url": "https://github.com/files-community/Files/issues/8134",
                        "state": "CLOSED",
                        "number": 8134,
                        "timelineItems": {
                            "nodes": [
                                {
                                    "source": {
                                        "author": {
                                            "login": "TheBossMagnus"
                                        },
                                        "title": "Italian Translation minor  fix",
                                        "url": "https://github.com/files-community/Files/pull/8135",
                                        "state": "MERGED",
                                        "number": 8135,
                                        "__typename": "PullRequest"
                                    }
                                }
                            ]
                        }
                    },
                    {
                        "author": {
                            "login": "wpcoe"
                        },
                        "title": "List mode? Compact view?",
                        "url": "https://github.com/files-community/Files/issues/8123",
                        "state": "CLOSED",
                        "number": 8123,
                        "timelineItems": {
                            "nodes": []
                        }
                    },
                    {
                        "author": {
                            "login": "TheBossMagnus"
                        },
                        "title": "Files crashed when scrolling in a folder",
                        "url": "https://github.com/files-community/Files/issues/8117",
                        "state": "CLOSED",
                        "number": 8117,
                        "timelineItems": {
                            "nodes": []
                        }
                    },
                    {
                        "author": {
                            "login": "cleuton4k"
                        },
                        "title": "add search history to search box",
                        "url": "https://github.com/files-community/Files/issues/8104",
                        "state": "CLOSED",
                        "number": 8104,
                        "timelineItems": {
                            "nodes": [
                                {
                                    "source": {
                                        "author": {
                                            "login": "yaira2"
                                        },
                                        "title": "Feature: Add support for searching in recycle bin",
                                        "url": "https://github.com/files-community/Files/issues/2447",
                                        "state": "CLOSED",
                                        "number": 2447,
                                        "__typename": "Issue"
                                    }
                                },
                                {
                                    "source": {
                                        "author": {
                                            "login": "verdaderoken"
                                        },
                                        "title": "Retain the search keywords when searching",
                                        "url": "https://github.com/files-community/Files/issues/9311",
                                        "state": "CLOSED",
                                        "number": 9311,
                                        "__typename": "Issue"
                                    }
                                },
                                {
                                    "source": {
                                        "author": {
                                            "login": "ferrariofilippo"
                                        },
                                        "title": "Feature: Display recent searches when clicking on the search box",
                                        "url": "https://github.com/files-community/Files/pull/9886",
                                        "state": "MERGED",
                                        "number": 9886,
                                        "__typename": "PullRequest"
                                    }
                                }
                            ]
                        }
                    },
                    {
                        "author": {
                            "login": "cleuton4k"
                        },
                        "title": "add a file information bar",
                        "url": "https://github.com/files-community/Files/issues/8103",
                        "state": "CLOSED",
                        "number": 8103,
                        "timelineItems": {
                            "nodes": []
                        }
                    },
                    {
                        "author": {
                            "login": "dimitakhs1"
                        },
                        "title": "i have to select each action after i copy or move multiple files,to other folder with the same files",
                        "url": "https://github.com/files-community/Files/issues/8097",
                        "state": "CLOSED",
                        "number": 8097,
                        "timelineItems": {
                            "nodes": []
                        }
                    },
                    {
                        "author": {
                            "login": "russh26"
                        },
                        "title": "Synology Drive Client",
                        "url": "https://github.com/files-community/Files/issues/8084",
                        "state": "CLOSED",
                        "number": 8084,
                        "timelineItems": {
                            "nodes": [
                                {
                                    "source": {
                                        "author": {
                                            "login": "rkd-me"
                                        },
                                        "title": "Add SynologyDrive to Cloud Drives section",
                                        "url": "https://github.com/files-community/Files/issues/8703",
                                        "state": "CLOSED",
                                        "number": 8703,
                                        "__typename": "Issue"
                                    }
                                },
                                {
                                    "source": {
                                        "author": {
                                            "login": "miqueldespuig"
                                        },
                                        "title": "Synology Drive in Cloud Drives Section",
                                        "url": "https://github.com/files-community/Files/issues/8730",
                                        "state": "CLOSED",
                                        "number": 8730,
                                        "__typename": "Issue"
                                    }
                                },
                                {
                                    "source": {
                                        "author": {
                                            "login": "Jipem"
                                        },
                                        "title": "CloudStation in Cloud Storages",
                                        "url": "https://github.com/files-community/Files/issues/6637",
                                        "state": "CLOSED",
                                        "number": 6637,
                                        "__typename": "Issue"
                                    }
                                },
                                {
                                    "source": {
                                        "author": {
                                            "login": "BanCrash"
                                        },
                                        "title": "Add support for Synology Drive Client",
                                        "url": "https://github.com/files-community/Files/pull/9188",
                                        "state": "MERGED",
                                        "number": 9188,
                                        "__typename": "PullRequest"
                                    }
                                }
                            ]
                        }
                    },
                    {
                        "author": {
                            "login": "yatima1460"
                        },
                        "title": "Loading of C: drive gets blocked by network request ",
                        "url": "https://github.com/files-community/Files/issues/8080",
                        "state": "CLOSED",
                        "number": 8080,
                        "timelineItems": {
                            "nodes": []
                        }
                    },
                    {
                        "author": {
                            "login": "warpdesign"
                        },
                        "title": "Bug: Updating a folder outside Files loses selection",
                        "url": "https://github.com/files-community/Files/issues/8078",
                        "state": "CLOSED",
                        "number": 8078,
                        "timelineItems": {
                            "nodes": [
                                {
                                    "source": {
                                        "author": {
                                            "login": "fbtwitter"
                                        },
                                        "title": "Select position after deleting file can't remain on the current scroll position",
                                        "url": "https://github.com/files-community/Files/issues/11307",
                                        "state": "CLOSED",
                                        "number": 11307,
                                        "__typename": "Issue"
                                    }
                                }
                            ]
                        }
                    },
                    {
                        "author": null,
                        "title": "Files crashes when renaming a item",
                        "url": "https://github.com/files-community/Files/issues/8076",
                        "state": "CLOSED",
                        "number": 8076,
                        "timelineItems": {
                            "nodes": []
                        }
                    },
                    {
                        "author": {
                            "login": "RoyFurious"
                        },
                        "title": "Create link on right-click drag",
                        "url": "https://github.com/files-community/Files/issues/8072",
                        "state": "CLOSED",
                        "number": 8072,
                        "timelineItems": {
                            "nodes": []
                        }
                    },
                    {
                        "author": {
                            "login": "arch12pi"
                        },
                        "title": "Delete warning panel can be turned on/off when deleting item/items",
                        "url": "https://github.com/files-community/Files/issues/8069",
                        "state": "CLOSED",
                        "number": 8069,
                        "timelineItems": {
                            "nodes": []
                        }
                    },
                    {
                        "author": {
                            "login": "samarthiith"
                        },
                        "title": "Not able to open file explorer even after disenabling defult explorer option",
                        "url": "https://github.com/files-community/Files/issues/8065",
                        "state": "CLOSED",
                        "number": 8065,
                        "timelineItems": {
                            "nodes": []
                        }
                    },
                    {
                        "author": {
                            "login": "Felkha"
                        },
                        "title": "Rounded edges have disappeared (Windows 10)",
                        "url": "https://github.com/files-community/Files/issues/8038",
                        "state": "CLOSED",
                        "number": 8038,
                        "timelineItems": {
                            "nodes": []
                        }
                    },
                    {
                        "author": {
                            "login": "kart1ka"
                        },
                        "title": "Error while opening the properties of files and folders",
                        "url": "https://github.com/files-community/Files/issues/8017",
                        "state": "CLOSED",
                        "number": 8017,
                        "timelineItems": {
                            "nodes": []
                        }
                    },
                    {
                        "author": {
                            "login": "CrypticVader"
                        },
                        "title": "Add progress ring when loading custom themes in the settings dialog",
                        "url": "https://github.com/files-community/Files/issues/8012",
                        "state": "CLOSED",
                        "number": 8012,
                        "timelineItems": {
                            "nodes": []
                        }
                    },
                    {
                        "author": {
                            "login": "Josh65-2201"
                        },
                        "title": "Chrash when clicking on a path bar item",
                        "url": "https://github.com/files-community/Files/issues/8004",
                        "state": "CLOSED",
                        "number": 8004,
                        "timelineItems": {
                            "nodes": [
                                {
                                    "source": {
                                        "author": {
                                            "login": "CrypticVader"
                                        },
                                        "title": "Selecting directory from navigation bar crashes Files",
                                        "url": "https://github.com/files-community/Files/issues/8007",
                                        "state": "CLOSED",
                                        "number": 8007,
                                        "__typename": "Issue"
                                    }
                                },
                                {
                                    "source": {
                                        "author": {
                                            "login": "gave92"
                                        },
                                        "title": "Fixed a crash when clicking pathbox items",
                                        "url": "https://github.com/files-community/Files/pull/8010",
                                        "state": "MERGED",
                                        "number": 8010,
                                        "__typename": "PullRequest"
                                    }
                                }
                            ]
                        }
                    },
                    {
                        "author": {
                            "login": "gchegr"
                        },
                        "title": "List Layout",
                        "url": "https://github.com/files-community/Files/issues/8000",
                        "state": "CLOSED",
                        "number": 8000,
                        "timelineItems": {
                            "nodes": []
                        }
                    },
                    {
                        "author": {
                            "login": "anwar3606"
                        },
                        "title": "Better resizing Preview Pane",
                        "url": "https://github.com/files-community/Files/issues/7995",
                        "state": "CLOSED",
                        "number": 7995,
                        "timelineItems": {
                            "nodes": []
                        }
                    },
                    {
                        "author": {
                            "login": "dmegatool"
                        },
                        "title": "Cmder as terminal option",
                        "url": "https://github.com/files-community/Files/issues/7986",
                        "state": "CLOSED",
                        "number": 7986,
                        "timelineItems": {
                            "nodes": []
                        }
                    },
                    {
                        "author": {
                            "login": "ManfredRichthofen"
                        },
                        "title": "Allow disabling the hover effect when clicking on folders",
                        "url": "https://github.com/files-community/Files/issues/7978",
                        "state": "CLOSED",
                        "number": 7978,
                        "timelineItems": {
                            "nodes": []
                        }
                    },
                    {
                        "author": {
                            "login": "cinqmilleans"
                        },
                        "title": "Feature: Always display the size in the status bar when ShowFolderSize is enabled",
                        "url": "https://github.com/files-community/Files/issues/7961",
                        "state": "CLOSED",
                        "number": 7961,
                        "timelineItems": {
                            "nodes": [
                                {
                                    "source": {
                                        "author": {
                                            "login": "cinqmilleans"
                                        },
                                        "title": "Cache folder sizes",
                                        "url": "https://github.com/files-community/Files/pull/7960",
                                        "state": "MERGED",
                                        "number": 7960,
                                        "__typename": "PullRequest"
                                    }
                                }
                            ]
                        }
                    },
                    {
                        "author": {
                            "login": "grahamwheaton"
                        },
                        "title": "Turn of file press animation",
                        "url": "https://github.com/files-community/Files/issues/7956",
                        "state": "CLOSED",
                        "number": 7956,
                        "timelineItems": {
                            "nodes": []
                        }
                    },
                    {
                        "author": {
                            "login": "ismael12br"
                        },
                        "title": "Adding options and optimizing",
                        "url": "https://github.com/files-community/Files/issues/7952",
                        "state": "CLOSED",
                        "number": 7952,
                        "timelineItems": {
                            "nodes": []
                        }
                    },
                    {
                        "author": {
                            "login": "lyonelf"
                        },
                        "title": "Scan for Update available",
                        "url": "https://github.com/files-community/Files/issues/7942",
                        "state": "CLOSED",
                        "number": 7942,
                        "timelineItems": {
                            "nodes": []
                        }
                    },
                    {
                        "author": {
                            "login": "AndrewLaganaro"
                        },
                        "title": "Consider making a Linux beta version?",
                        "url": "https://github.com/files-community/Files/issues/7932",
                        "state": "CLOSED",
                        "number": 7932,
                        "timelineItems": {
                            "nodes": []
                        }
                    },
                    {
                        "author": {
                            "login": "tdw46"
                        },
                        "title": "Launch \"bash\" from Address Bar",
                        "url": "https://github.com/files-community/Files/issues/7930",
                        "state": "CLOSED",
                        "number": 7930,
                        "timelineItems": {
                            "nodes": []
                        }
                    },
                    {
                        "author": {
                            "login": "hanskokx"
                        },
                        "title": "Left-most navigation groups are broken",
                        "url": "https://github.com/files-community/Files/issues/7929",
                        "state": "CLOSED",
                        "number": 7929,
                        "timelineItems": {
                            "nodes": []
                        }
                    },
                    {
                        "author": {
                            "login": "Chaython"
                        },
                        "title": "Winrar Extract / 16 directory limit on copy from temp to dir",
                        "url": "https://github.com/files-community/Files/issues/7928",
                        "state": "CLOSED",
                        "number": 7928,
                        "timelineItems": {
                            "nodes": [
                                {
                                    "source": {
                                        "author": {
                                            "login": "lukeblevins"
                                        },
                                        "title": "fix(paste): Use FullTrustProcess operation to inspect clipboard items",
                                        "url": "https://github.com/files-community/Files/pull/9035",
                                        "state": "CLOSED",
                                        "number": 9035,
                                        "__typename": "PullRequest"
                                    }
                                }
                            ]
                        }
                    },
                    {
                        "author": {
                            "login": "nicholateslaisme"
                        },
                        "title": "ADD LIST VIEW LIKE WINDOWS FILE EXPLORER IN LAYOUT MENU ",
                        "url": "https://github.com/files-community/Files/issues/7924",
                        "state": "CLOSED",
                        "number": 7924,
                        "timelineItems": {
                            "nodes": []
                        }
                    },
                    {
                        "author": {
                            "login": "Josh65-2201"
                        },
                        "title": "Add a need triage or review to new issues",
                        "url": "https://github.com/files-community/Files/issues/7898",
                        "state": "CLOSED",
                        "number": 7898,
                        "timelineItems": {
                            "nodes": []
                        }
                    },
                    {
                        "author": {
                            "login": "Korkman"
                        },
                        "title": "Switching to dual pane view updates sidebar location but doesn't receive focus",
                        "url": "https://github.com/files-community/Files/issues/7896",
                        "state": "CLOSED",
                        "number": 7896,
                        "timelineItems": {
                            "nodes": [
                                {
                                    "source": {
                                        "author": {
                                            "login": "puppetsw"
                                        },
                                        "title": "Automatically focus new pane",
                                        "url": "https://github.com/files-community/Files/pull/9144",
                                        "state": "MERGED",
                                        "number": 9144,
                                        "__typename": "PullRequest"
                                    }
                                }
                            ]
                        }
                    },
                    {
                        "author": {
                            "login": "KevinABK"
                        },
                        "title": "Using Listary's quick switch feature for Files",
                        "url": "https://github.com/files-community/Files/issues/7888",
                        "state": "CLOSED",
                        "number": 7888,
                        "timelineItems": {
                            "nodes": []
                        }
                    },
                    {
                        "author": {
                            "login": "ImoutoChan"
                        },
                        "title": "No way to install your app",
                        "url": "https://github.com/files-community/Files/issues/7877",
                        "state": "CLOSED",
                        "number": 7877,
                        "timelineItems": {
                            "nodes": []
                        }
                    },
                    {
                        "author": {
                            "login": "emanuelbg"
                        },
                        "title": "Bug: Can't move folder to a new empty folder in columns view",
                        "url": "https://github.com/files-community/Files/issues/7864",
                        "state": "CLOSED",
                        "number": 7864,
                        "timelineItems": {
                            "nodes": [
                                {
                                    "source": {
                                        "author": {
                                            "login": "hishitetsu"
                                        },
                                        "title": "Fix: Fixed issue where dragged items sometimes could not be dropped",
                                        "url": "https://github.com/files-community/Files/pull/12898",
                                        "state": "MERGED",
                                        "number": 12898,
                                        "__typename": "PullRequest"
                                    }
                                }
                            ]
                        }
                    },
                    {
                        "author": {
                            "login": "tower-town"
                        },
                        "title": "The file path bar can use input environment variables",
                        "url": "https://github.com/files-community/Files/issues/7861",
                        "state": "CLOSED",
                        "number": 7861,
                        "timelineItems": {
                            "nodes": []
                        }
                    },
                    {
                        "author": {
                            "login": "Josh65-2201"
                        },
                        "title": "Feature: Add an access denied error when drive/folder is blocked because of permissions",
                        "url": "https://github.com/files-community/Files/issues/7856",
                        "state": "CLOSED",
                        "number": 7856,
                        "timelineItems": {
                            "nodes": [
                                {
                                    "source": {
                                        "author": {
                                            "login": "puppetsw"
                                        },
                                        "title": "Feature: Display prompt when user doesn't have permission to access a folder",
                                        "url": "https://github.com/files-community/Files/pull/10174",
                                        "state": "MERGED",
                                        "number": 10174,
                                        "__typename": "PullRequest"
                                    }
                                }
                            ]
                        }
                    },
                    {
                        "author": {
                            "login": "carondaniel1957"
                        },
                        "title": "Files self loading without user intervention",
                        "url": "https://github.com/files-community/Files/issues/7855",
                        "state": "CLOSED",
                        "number": 7855,
                        "timelineItems": {
                            "nodes": []
                        }
                    },
                    {
                        "author": {
                            "login": "Angell1993"
                        },
                        "title": "Layout Mode Missing",
                        "url": "https://github.com/files-community/Files/issues/7845",
                        "state": "CLOSED",
                        "number": 7845,
                        "timelineItems": {
                            "nodes": []
                        }
                    },
                    {
                        "author": {
                            "login": "reedjaz"
                        },
                        "title": "Mapped network drive won't load all files and folders",
                        "url": "https://github.com/files-community/Files/issues/7840",
                        "state": "CLOSED",
                        "number": 7840,
                        "timelineItems": {
                            "nodes": []
                        }
                    },
                    {
                        "author": {
                            "login": "riksque"
                        },
                        "title": "Ajout de l'icone Affiché/Caché les fichiers caché dans la barre d'icone.",
                        "url": "https://github.com/files-community/Files/issues/7821",
                        "state": "CLOSED",
                        "number": 7821,
                        "timelineItems": {
                            "nodes": []
                        }
                    },
                    {
                        "author": {
                            "login": "CrypticVader"
                        },
                        "title": "Reduce Tile height in Tiles layout",
                        "url": "https://github.com/files-community/Files/issues/7820",
                        "state": "CLOSED",
                        "number": 7820,
                        "timelineItems": {
                            "nodes": [
                                {
                                    "source": {
                                        "author": {
                                            "login": "yaira2"
                                        },
                                        "title": "Removed extra controls from the Visual Tree",
                                        "url": "https://github.com/files-community/Files/pull/7824",
                                        "state": "MERGED",
                                        "number": 7824,
                                        "__typename": "PullRequest"
                                    }
                                }
                            ]
                        }
                    },
                    {
                        "author": {
                            "login": "doodlemania2"
                        },
                        "title": "Opening Zip Files",
                        "url": "https://github.com/files-community/Files/issues/7815",
                        "state": "CLOSED",
                        "number": 7815,
                        "timelineItems": {
                            "nodes": []
                        }
                    },
                    {
                        "author": {
                            "login": "azlan-syed"
                        },
                        "title": "one_click_clicker",
                        "url": "https://github.com/files-community/Files/issues/7807",
                        "state": "CLOSED",
                        "number": 7807,
                        "timelineItems": {
                            "nodes": []
                        }
                    },
                    {
                        "author": {
                            "login": "yaira2"
                        },
                        "title": "Add install button to toolbar when inf files are selected",
                        "url": "https://github.com/files-community/Files/issues/7798",
                        "state": "CLOSED",
                        "number": 7798,
                        "timelineItems": {
                            "nodes": [
                                {
                                    "source": {
                                        "author": {
                                            "login": "puppetsw"
                                        },
                                        "title": "Added Install button on toolbar when selecting INF files",
                                        "url": "https://github.com/files-community/Files/pull/7860",
                                        "state": "MERGED",
                                        "number": 7860,
                                        "__typename": "PullRequest"
                                    }
                                }
                            ]
                        }
                    },
                    {
                        "author": {
                            "login": "P3rf3ctXZer0"
                        },
                        "title": "A version that has working indexing when in safemod.",
                        "url": "https://github.com/files-community/Files/issues/7794",
                        "state": "CLOSED",
                        "number": 7794,
                        "timelineItems": {
                            "nodes": []
                        }
                    },
                    {
                        "author": {
                            "login": "ArthurMTX"
                        },
                        "title": "Can't Drag & Drop",
                        "url": "https://github.com/files-community/Files/issues/7781",
                        "state": "CLOSED",
                        "number": 7781,
                        "timelineItems": {
                            "nodes": []
                        }
                    },
                    {
                        "author": {
                            "login": "Kannezzy"
                        },
                        "title": "Adding support for external file copy agents",
                        "url": "https://github.com/files-community/Files/issues/7776",
                        "state": "CLOSED",
                        "number": 7776,
                        "timelineItems": {
                            "nodes": []
                        }
                    },
                    {
                        "author": {
                            "login": "azlan-syed"
                        },
                        "title": "the dark pixel theme is too dark",
                        "url": "https://github.com/files-community/Files/issues/7768",
                        "state": "CLOSED",
                        "number": 7768,
                        "timelineItems": {
                            "nodes": []
                        }
                    },
                    {
                        "author": {
                            "login": "lovexxx"
                        },
                        "title": "Translation issue",
                        "url": "https://github.com/files-community/Files/issues/7765",
                        "state": "CLOSED",
                        "number": 7765,
                        "timelineItems": {
                            "nodes": [
                                {
                                    "source": {
                                        "author": {
                                            "login": "esibruti"
                                        },
                                        "title": "Translation zh-Hans Updated",
                                        "url": "https://github.com/files-community/Files/pull/7831",
                                        "state": "MERGED",
                                        "number": 7831,
                                        "__typename": "PullRequest"
                                    }
                                }
                            ]
                        }
                    }
                ]
            }
        }
    }
}