{
    "data": {
        "repository": {
            "issues": {
                "pageInfo": {
                    "endCursor": "Y3Vyc29yOnYyOpIEznJ-KCw="
                },
                "nodes": [
                    {
                        "author": {
                            "login": "FieryRMS"
                        },
                        "title": "Bug: Address bar does not launch programs when path contains spaces and has parameters",
                        "url": "https://github.com/files-community/Files/issues/15455",
                        "state": "CLOSED",
                        "number": 15455,
                        "timelineItems": {
                            "nodes": [
                                {
                                    "source": {
                                        "author": {
                                            "login": "FieryRMS"
                                        },
                                        "title": "Fix: Fixed an issue with launching programs from the Address Bar",
                                        "url": "https://github.com/files-community/Files/pull/15459",
                                        "state": "MERGED",
                                        "number": 15459,
                                        "__typename": "PullRequest"
                                    }
                                }
                            ]
                        }
                    },
                    {
                        "author": {
                            "login": "theHeadlessGrapes"
                        },
                        "title": "Bug: Can't access any items to display",
                        "url": "https://github.com/files-community/Files/issues/15437",
                        "state": "CLOSED",
                        "number": 15437,
                        "timelineItems": {
                            "nodes": []
                        }
                    },
                    {
                        "author": {
                            "login": "lcmuniz"
                        },
                        "title": "Another way of adding a new tag",
                        "url": "https://github.com/files-community/Files/issues/15436",
                        "state": "CLOSED",
                        "number": 15436,
                        "timelineItems": {
                            "nodes": []
                        }
                    },
                    {
                        "author": {
                            "login": "rospirit"
                        },
                        "title": "when I change my files tag , Files APP crash",
                        "url": "https://github.com/files-community/Files/issues/15413",
                        "state": "CLOSED",
                        "number": 15413,
                        "timelineItems": {
                            "nodes": [
                                {
                                    "source": {
                                        "author": {
                                            "login": "rospirit"
                                        },
                                        "title": "Tag still cause crash after the update, and the same thing happens in the preview version.",
                                        "url": "https://github.com/files-community/Files/issues/15426",
                                        "state": "CLOSED",
                                        "number": 15426,
                                        "__typename": "Issue"
                                    }
                                }
                            ]
                        }
                    },
                    {
                        "author": {
                            "login": "TadhgEomonn"
                        },
                        "title": "Files does not remember custom set column widths ",
                        "url": "https://github.com/files-community/Files/issues/15400",
                        "state": "CLOSED",
                        "number": 15400,
                        "timelineItems": {
                            "nodes": []
                        }
                    },
                    {
                        "author": {
                            "login": "RalkeyOfficial"
                        },
                        "title": "Files app permanently froze after launching it a few times from cmd",
                        "url": "https://github.com/files-community/Files/issues/15380",
                        "state": "OPEN",
                        "number": 15380,
                        "timelineItems": {
                            "nodes": []
                        }
                    },
                    {
                        "author": {
                            "login": "mrzcn"
                        },
                        "title": "High CPU",
                        "url": "https://github.com/files-community/Files/issues/15351",
                        "state": "CLOSED",
                        "number": 15351,
                        "timelineItems": {
                            "nodes": []
                        }
                    },
                    {
                        "author": {
                            "login": "dpbueno"
                        },
                        "title": "Viewing files",
                        "url": "https://github.com/files-community/Files/issues/15261",
                        "state": "CLOSED",
                        "number": 15261,
                        "timelineItems": {
                            "nodes": []
                        }
                    },
                    {
                        "author": {
                            "login": "soredake"
                        },
                        "title": "Feature: Add shadows to thumbnails",
                        "url": "https://github.com/files-community/Files/issues/15248",
                        "state": "OPEN",
                        "number": 15248,
                        "timelineItems": {
                            "nodes": []
                        }
                    },
                    {
                        "author": {
                            "login": "SKU003"
                        },
                        "title": "PREVIEW FILES WITH QUICK LOOK",
                        "url": "https://github.com/files-community/Files/issues/15241",
                        "state": "CLOSED",
                        "number": 15241,
                        "timelineItems": {
                            "nodes": []
                        }
                    },
                    {
                        "author": {
                            "login": "tabethereal"
                        },
                        "title": "Need Vertical List Layout",
                        "url": "https://github.com/files-community/Files/issues/15237",
                        "state": "CLOSED",
                        "number": 15237,
                        "timelineItems": {
                            "nodes": []
                        }
                    },
                    {
                        "author": {
                            "login": "P1A380"
                        },
                        "title": "FILES failure to install version - 3.3.0.0",
                        "url": "https://github.com/files-community/Files/issues/15233",
                        "state": "CLOSED",
                        "number": 15233,
                        "timelineItems": {
                            "nodes": []
                        }
                    },
                    {
                        "author": {
                            "login": "CanePlayz"
                        },
                        "title": "New option: Allow running the app in the background without tray icon",
                        "url": "https://github.com/files-community/Files/issues/15189",
                        "state": "CLOSED",
                        "number": 15189,
                        "timelineItems": {
                            "nodes": []
                        }
                    },
                    {
                        "author": {
                            "login": "LikiaBili"
                        },
                        "title": "Feature: record / sort by folder size",
                        "url": "https://github.com/files-community/Files/issues/15161",
                        "state": "CLOSED",
                        "number": 15161,
                        "timelineItems": {
                            "nodes": []
                        }
                    },
                    {
                        "author": {
                            "login": "PaulisX"
                        },
                        "title": "Jittery scorlling, when displaying a lot of tags",
                        "url": "https://github.com/files-community/Files/issues/15158",
                        "state": "CLOSED",
                        "number": 15158,
                        "timelineItems": {
                            "nodes": [
                                {
                                    "source": {
                                        "author": {
                                            "login": "christosk92"
                                        },
                                        "title": "ItemsRepeater and ScrollView jumping back and forth",
                                        "url": "https://github.com/microsoft/microsoft-ui-xaml/issues/9308",
                                        "state": "OPEN",
                                        "number": 9308,
                                        "__typename": "Issue"
                                    }
                                }
                            ]
                        }
                    },
                    {
                        "author": {
                            "login": "verdaderoken"
                        },
                        "title": "Bug: App crash related to `LibGit2Sharp`",
                        "url": "https://github.com/files-community/Files/issues/15152",
                        "state": "CLOSED",
                        "number": 15152,
                        "timelineItems": {
                            "nodes": []
                        }
                    },
                    {
                        "author": {
                            "login": "whawn1"
                        },
                        "title": "Slower than frozen snot (3.3.0.0 - installer pkg) and it interferes with ProcExplorer",
                        "url": "https://github.com/files-community/Files/issues/15122",
                        "state": "CLOSED",
                        "number": 15122,
                        "timelineItems": {
                            "nodes": []
                        }
                    },
                    {
                        "author": {
                            "login": "kemar-christie"
                        },
                        "title": "Bug: Pinned items don't to load due to recent folders",
                        "url": "https://github.com/files-community/Files/issues/15120",
                        "state": "CLOSED",
                        "number": 15120,
                        "timelineItems": {
                            "nodes": [
                                {
                                    "source": {
                                        "author": {
                                            "login": "Bismvth"
                                        },
                                        "title": "Pin to sidebar not working",
                                        "url": "https://github.com/files-community/Files/issues/15077",
                                        "state": "CLOSED",
                                        "number": 15077,
                                        "__typename": "Issue"
                                    }
                                },
                                {
                                    "source": {
                                        "author": {
                                            "login": "Wakers"
                                        },
                                        "title": "Pinned, Quick Access and Recent Files are all empty, and nothing can be added to them",
                                        "url": "https://github.com/files-community/Files/issues/15034",
                                        "state": "CLOSED",
                                        "number": 15034,
                                        "__typename": "Issue"
                                    }
                                }
                            ]
                        }
                    },
                    {
                        "author": {
                            "login": "ReiNarumiya"
                        },
                        "title": "Bug: Double-byte characters don't show correctly on the preview pane",
                        "url": "https://github.com/files-community/Files/issues/15118",
                        "state": "OPEN",
                        "number": 15118,
                        "timelineItems": {
                            "nodes": []
                        }
                    },
                    {
                        "author": {
                            "login": "MarathonMax"
                        },
                        "title": "Crash after drag and drop",
                        "url": "https://github.com/files-community/Files/issues/15105",
                        "state": "OPEN",
                        "number": 15105,
                        "timelineItems": {
                            "nodes": []
                        }
                    },
                    {
                        "author": {
                            "login": "0x5bfa"
                        },
                        "title": "Feature: Add a richer What's New dialog",
                        "url": "https://github.com/files-community/Files/issues/15103",
                        "state": "OPEN",
                        "number": 15103,
                        "timelineItems": {
                            "nodes": []
                        }
                    },
                    {
                        "author": {
                            "login": "ajay-mishra7"
                        },
                        "title": "Issue with Black Screen when Opening 'This PC' or 'Users' Files from Desktop",
                        "url": "https://github.com/files-community/Files/issues/15101",
                        "state": "OPEN",
                        "number": 15101,
                        "timelineItems": {
                            "nodes": []
                        }
                    },
                    {
                        "author": {
                            "login": "Triangle-GitHub"
                        },
                        "title": "Bug: Tapping blank space (via touch screen) doesn't clear selected item",
                        "url": "https://github.com/files-community/Files/issues/15051",
                        "state": "OPEN",
                        "number": 15051,
                        "timelineItems": {
                            "nodes": [
                                {
                                    "source": {
                                        "author": {
                                            "login": "yaira2"
                                        },
                                        "title": "Fix: Fixed issue with focusing file list using touch",
                                        "url": "https://github.com/files-community/Files/pull/15054",
                                        "state": "CLOSED",
                                        "number": 15054,
                                        "__typename": "PullRequest"
                                    }
                                }
                            ]
                        }
                    },
                    {
                        "author": {
                            "login": "gumbarros"
                        },
                        "title": "Code Quality: Member can be static",
                        "url": "https://github.com/files-community/Files/issues/15001",
                        "state": "CLOSED",
                        "number": 15001,
                        "timelineItems": {
                            "nodes": []
                        }
                    },
                    {
                        "author": {
                            "login": "svatitel"
                        },
                        "title": "Uploading files progress bar ",
                        "url": "https://github.com/files-community/Files/issues/14998",
                        "state": "CLOSED",
                        "number": 14998,
                        "timelineItems": {
                            "nodes": []
                        }
                    },
                    {
                        "author": {
                            "login": "akschy"
                        },
                        "title": " New menu display issue in right-click menu  New menu display issue in right-click menu",
                        "url": "https://github.com/files-community/Files/issues/14992",
                        "state": "OPEN",
                        "number": 14992,
                        "timelineItems": {
                            "nodes": []
                        }
                    },
                    {
                        "author": {
                            "login": "ndierauf"
                        },
                        "title": "Unable to navigate application using keyboard-only",
                        "url": "https://github.com/files-community/Files/issues/14984",
                        "state": "CLOSED",
                        "number": 14984,
                        "timelineItems": {
                            "nodes": []
                        }
                    },
                    {
                        "author": {
                            "login": "vsTianhao"
                        },
                        "title": "Bug: Incorrect display of icons (maybe charset error)",
                        "url": "https://github.com/files-community/Files/issues/14943",
                        "state": "CLOSED",
                        "number": 14943,
                        "timelineItems": {
                            "nodes": []
                        }
                    },
                    {
                        "author": {
                            "login": "DaveFriedel"
                        },
                        "title": "No thumbnails",
                        "url": "https://github.com/files-community/Files/issues/14921",
                        "state": "CLOSED",
                        "number": 14921,
                        "timelineItems": {
                            "nodes": []
                        }
                    },
                    {
                        "author": {
                            "login": "mihail8059784"
                        },
                        "title": "New function ",
                        "url": "https://github.com/files-community/Files/issues/14877",
                        "state": "CLOSED",
                        "number": 14877,
                        "timelineItems": {
                            "nodes": []
                        }
                    },
                    {
                        "author": {
                            "login": "Danszerlied"
                        },
                        "title": "Favourites not showing",
                        "url": "https://github.com/files-community/Files/issues/14816",
                        "state": "CLOSED",
                        "number": 14816,
                        "timelineItems": {
                            "nodes": []
                        }
                    },
                    {
                        "author": {
                            "login": "JiZPaper"
                        },
                        "title": "Bug: 关于背景材质",
                        "url": "https://github.com/files-community/Files/issues/14770",
                        "state": "CLOSED",
                        "number": 14770,
                        "timelineItems": {
                            "nodes": []
                        }
                    },
                    {
                        "author": {
                            "login": "Lukiluc29"
                        },
                        "title": "Bug: Phone icon is missing from the Home Page drives widget",
                        "url": "https://github.com/files-community/Files/issues/14764",
                        "state": "CLOSED",
                        "number": 14764,
                        "timelineItems": {
                            "nodes": [
                                {
                                    "source": {
                                        "author": {
                                            "login": "ferrariofilippo"
                                        },
                                        "title": "Fix: Fixed issue where certain drive icons didn't load on the home page widget",
                                        "url": "https://github.com/files-community/Files/pull/14961",
                                        "state": "MERGED",
                                        "number": 14961,
                                        "__typename": "PullRequest"
                                    }
                                }
                            ]
                        }
                    },
                    {
                        "author": {
                            "login": "Qin-shihuang"
                        },
                        "title": " Bug: App becomes unresponsive when deleting certain files",
                        "url": "https://github.com/files-community/Files/issues/14732",
                        "state": "CLOSED",
                        "number": 14732,
                        "timelineItems": {
                            "nodes": []
                        }
                    },
                    {
                        "author": {
                            "login": "coinzdude"
                        },
                        "title": "Bug: Can get tabs into \"stuck/disabled\" state, reproduceable",
                        "url": "https://github.com/files-community/Files/issues/14726",
                        "state": "OPEN",
                        "number": 14726,
                        "timelineItems": {
                            "nodes": [
                                {
                                    "source": {
                                        "author": {
                                            "login": "vovapaukoff"
                                        },
                                        "title": "Freezes after rearranging tabs",
                                        "url": "https://github.com/files-community/Files/issues/15345",
                                        "state": "CLOSED",
                                        "number": 15345,
                                        "__typename": "Issue"
                                    }
                                }
                            ]
                        }
                    },
                    {
                        "author": {
                            "login": "foriequal0"
                        },
                        "title": "Bug: Path breadcrumb alignment is off except last segment",
                        "url": "https://github.com/files-community/Files/issues/14722",
                        "state": "OPEN",
                        "number": 14722,
                        "timelineItems": {
                            "nodes": []
                        }
                    },
                    {
                        "author": {
                            "login": "0x5bfa"
                        },
                        "title": "Feature: Add RichGlyph to command palette items",
                        "url": "https://github.com/files-community/Files/issues/14707",
                        "state": "OPEN",
                        "number": 14707,
                        "timelineItems": {
                            "nodes": []
                        }
                    },
                    {
                        "author": {
                            "login": "yaira2"
                        },
                        "title": "Bug: Changing sort direction requires multiple clicks",
                        "url": "https://github.com/files-community/Files/issues/14685",
                        "state": "CLOSED",
                        "number": 14685,
                        "timelineItems": {
                            "nodes": [
                                {
                                    "source": {
                                        "author": {
                                            "login": "Davikar"
                                        },
                                        "title": "Buggy Sort by menu",
                                        "url": "https://github.com/files-community/Files/issues/14815",
                                        "state": "CLOSED",
                                        "number": 14815,
                                        "__typename": "Issue"
                                    }
                                },
                                {
                                    "source": {
                                        "author": {
                                            "login": "hishitetsu"
                                        },
                                        "title": "Bug: Sort doesn't work by clicking a header",
                                        "url": "https://github.com/files-community/Files/issues/15121",
                                        "state": "CLOSED",
                                        "number": 15121,
                                        "__typename": "Issue"
                                    }
                                },
                                {
                                    "source": {
                                        "author": {
                                            "login": "hishitetsu"
                                        },
                                        "title": "Fix: Fixed issue where changing sort preferences didn't work properly when the sync option was on",
                                        "url": "https://github.com/files-community/Files/pull/15228",
                                        "state": "MERGED",
                                        "number": 15228,
                                        "__typename": "PullRequest"
                                    }
                                }
                            ]
                        }
                    },
                    {
                        "author": {
                            "login": "QuaintMako"
                        },
                        "title": "Bug: \"Set As Desktop Background\" doesn't work",
                        "url": "https://github.com/files-community/Files/issues/14660",
                        "state": "CLOSED",
                        "number": 14660,
                        "timelineItems": {
                            "nodes": []
                        }
                    },
                    {
                        "author": {
                            "login": "winuitester"
                        },
                        "title": "How we can use NavigationViewItem Style?",
                        "url": "https://github.com/files-community/Files/issues/14656",
                        "state": "CLOSED",
                        "number": 14656,
                        "timelineItems": {
                            "nodes": []
                        }
                    },
                    {
                        "author": {
                            "login": "haterslove4me"
                        },
                        "title": "Multiple Files Selection Issue, Tag Multiple Files Issue",
                        "url": "https://github.com/files-community/Files/issues/14652",
                        "state": "CLOSED",
                        "number": 14652,
                        "timelineItems": {
                            "nodes": []
                        }
                    },
                    {
                        "author": {
                            "login": "justin-a30"
                        },
                        "title": "Bug: \"File Not Found\" on dragging attachment from 7z to Files",
                        "url": "https://github.com/files-community/Files/issues/14636",
                        "state": "CLOSED",
                        "number": 14636,
                        "timelineItems": {
                            "nodes": [
                                {
                                    "source": {
                                        "author": {
                                            "login": "thebeersmith"
                                        },
                                        "title": "Dragging a compressed file from 7Zip into the Files interface results in an error \"File not found\"",
                                        "url": "https://github.com/files-community/Files/issues/14721",
                                        "state": "CLOSED",
                                        "number": 14721,
                                        "__typename": "Issue"
                                    }
                                },
                                {
                                    "source": {
                                        "author": {
                                            "login": "verdaderoken"
                                        },
                                        "title": "Bug: Extracting items from 7zip to Files doesn't work",
                                        "url": "https://github.com/files-community/Files/issues/14765",
                                        "state": "CLOSED",
                                        "number": 14765,
                                        "__typename": "Issue"
                                    }
                                },
                                {
                                    "source": {
                                        "author": {
                                            "login": "hishitetsu"
                                        },
                                        "title": "Fix: Fixed issue where items couldn't be dropped from 7-zip",
                                        "url": "https://github.com/files-community/Files/pull/14918",
                                        "state": "MERGED",
                                        "number": 14918,
                                        "__typename": "PullRequest"
                                    }
                                }
                            ]
                        }
                    },
                    {
                        "author": {
                            "login": "fidelako"
                        },
                        "title": "Hide task bar icon",
                        "url": "https://github.com/files-community/Files/issues/14606",
                        "state": "CLOSED",
                        "number": 14606,
                        "timelineItems": {
                            "nodes": []
                        }
                    },
                    {
                        "author": {
                            "login": "kmitjpaul"
                        },
                        "title": "Tag is display as `Uknown`",
                        "url": "https://github.com/files-community/Files/issues/14562",
                        "state": "CLOSED",
                        "number": 14562,
                        "timelineItems": {
                            "nodes": []
                        }
                    },
                    {
                        "author": {
                            "login": "Fefedu973"
                        },
                        "title": "Everytime I start files app (preview or stable channel) a terminal window from wsl opens up and it's very annoying and happening since a long time",
                        "url": "https://github.com/files-community/Files/issues/14558",
                        "state": "CLOSED",
                        "number": 14558,
                        "timelineItems": {
                            "nodes": []
                        }
                    },
                    {
                        "author": {
                            "login": "kaufmanj1973"
                        },
                        "title": "Install Failed",
                        "url": "https://github.com/files-community/Files/issues/14553",
                        "state": "CLOSED",
                        "number": 14553,
                        "timelineItems": {
                            "nodes": []
                        }
                    },
                    {
                        "author": {
                            "login": "D-Maxwell"
                        },
                        "title": "Bug: Installing multiple fonts triggers multiple UAC prompts",
                        "url": "https://github.com/files-community/Files/issues/14503",
                        "state": "CLOSED",
                        "number": 14503,
                        "timelineItems": {
                            "nodes": [
                                {
                                    "source": {
                                        "author": {
                                            "login": "D-Maxwell"
                                        },
                                        "title": "Feature: Show status when installing fonts",
                                        "url": "https://github.com/files-community/Files/issues/14504",
                                        "state": "OPEN",
                                        "number": 14504,
                                        "__typename": "Issue"
                                    }
                                },
                                {
                                    "source": {
                                        "author": {
                                            "login": "yaira2"
                                        },
                                        "title": "Fix: Fixed crash that could occur when installing a lot of font files",
                                        "url": "https://github.com/files-community/Files/pull/14024",
                                        "state": "MERGED",
                                        "number": 14024,
                                        "__typename": "PullRequest"
                                    }
                                }
                            ]
                        }
                    },
                    {
                        "author": {
                            "login": "Dell-95"
                        },
                        "title": "The app is not installing in my x64 pc",
                        "url": "https://github.com/files-community/Files/issues/14459",
                        "state": "CLOSED",
                        "number": 14459,
                        "timelineItems": {
                            "nodes": []
                        }
                    },
                    {
                        "author": {
                            "login": "ccrooks562"
                        },
                        "title": "Open files in a new window rather than new tab",
                        "url": "https://github.com/files-community/Files/issues/14451",
                        "state": "CLOSED",
                        "number": 14451,
                        "timelineItems": {
                            "nodes": []
                        }
                    },
                    {
                        "author": {
                            "login": "laicasaane"
                        },
                        "title": "Feature: Status Center should be resizable to show more text",
                        "url": "https://github.com/files-community/Files/issues/14438",
                        "state": "OPEN",
                        "number": 14438,
                        "timelineItems": {
                            "nodes": []
                        }
                    },
                    {
                        "author": {
                            "login": "Yentis"
                        },
                        "title": "Pin to start behaviour inconsistent with file explorer & crashes pinned application",
                        "url": "https://github.com/files-community/Files/issues/14401",
                        "state": "CLOSED",
                        "number": 14401,
                        "timelineItems": {
                            "nodes": []
                        }
                    },
                    {
                        "author": {
                            "login": "AntijevicS"
                        },
                        "title": "Bug: Files Crash while selecting properties in \"Recent files\" section in Home tab",
                        "url": "https://github.com/files-community/Files/issues/14379",
                        "state": "CLOSED",
                        "number": 14379,
                        "timelineItems": {
                            "nodes": [
                                {
                                    "source": {
                                        "author": {
                                            "login": "0x5bfa"
                                        },
                                        "title": "Code Quality: Introduced HomePageContext",
                                        "url": "https://github.com/files-community/Files/pull/14115",
                                        "state": "MERGED",
                                        "number": 14115,
                                        "__typename": "PullRequest"
                                    }
                                },
                                {
                                    "source": {
                                        "author": {
                                            "login": "hishitetsu"
                                        },
                                        "title": "Fix: Fixed issue where the properties window could not be opened on the home page",
                                        "url": "https://github.com/files-community/Files/pull/14385",
                                        "state": "MERGED",
                                        "number": 14385,
                                        "__typename": "PullRequest"
                                    }
                                }
                            ]
                        }
                    },
                    {
                        "author": {
                            "login": "rumplin"
                        },
                        "title": "Icons don't update on disconnected network drives",
                        "url": "https://github.com/files-community/Files/issues/14371",
                        "state": "CLOSED",
                        "number": 14371,
                        "timelineItems": {
                            "nodes": []
                        }
                    },
                    {
                        "author": {
                            "login": "baselqt"
                        },
                        "title": "i understand why performance issues happen now",
                        "url": "https://github.com/files-community/Files/issues/14363",
                        "state": "CLOSED",
                        "number": 14363,
                        "timelineItems": {
                            "nodes": []
                        }
                    },
                    {
                        "author": {
                            "login": "Sprinic"
                        },
                        "title": "Bug: Files Crashes a few seconds after opening",
                        "url": "https://github.com/files-community/Files/issues/14358",
                        "state": "CLOSED",
                        "number": 14358,
                        "timelineItems": {
                            "nodes": []
                        }
                    },
                    {
                        "author": {
                            "login": "ElliotS2007"
                        },
                        "title": "Powertoys Peek support",
                        "url": "https://github.com/files-community/Files/issues/14354",
                        "state": "CLOSED",
                        "number": 14354,
                        "timelineItems": {
                            "nodes": []
                        }
                    },
                    {
                        "author": {
                            "login": "mon-jai"
                        },
                        "title": "Files display wrong disk space stats when a drive is almost full",
                        "url": "https://github.com/files-community/Files/issues/14334",
                        "state": "CLOSED",
                        "number": 14334,
                        "timelineItems": {
                            "nodes": [
                                {
                                    "source": {
                                        "author": {
                                            "login": "m1karii"
                                        },
                                        "title": "Feature: Auto refresh drive widget & tags widget when changes are detected",
                                        "url": "https://github.com/files-community/Files/issues/6182",
                                        "state": "OPEN",
                                        "number": 6182,
                                        "__typename": "Issue"
                                    }
                                }
                            ]
                        }
                    },
                    {
                        "author": {
                            "login": "fazioliamboina"
                        },
                        "title": "every tagged file in the tags.db need to store the files hash for automatic recovery after files move.",
                        "url": "https://github.com/files-community/Files/issues/14321",
                        "state": "CLOSED",
                        "number": 14321,
                        "timelineItems": {
                            "nodes": []
                        }
                    },
                    {
                        "author": {
                            "login": "Colin-VideoRevealed"
                        },
                        "title": "Put pCloud Drive back in the Drives list",
                        "url": "https://github.com/files-community/Files/issues/14279",
                        "state": "CLOSED",
                        "number": 14279,
                        "timelineItems": {
                            "nodes": []
                        }
                    },
                    {
                        "author": {
                            "login": "tcressy"
                        },
                        "title": "Undo/Redo functionality",
                        "url": "https://github.com/files-community/Files/issues/14274",
                        "state": "CLOSED",
                        "number": 14274,
                        "timelineItems": {
                            "nodes": []
                        }
                    },
                    {
                        "author": {
                            "login": "Pit1288"
                        },
                        "title": "More options to sort files",
                        "url": "https://github.com/files-community/Files/issues/14271",
                        "state": "CLOSED",
                        "number": 14271,
                        "timelineItems": {
                            "nodes": []
                        }
                    },
                    {
                        "author": {
                            "login": "Cflogithub"
                        },
                        "title": "McAfee doesn't show in context menu",
                        "url": "https://github.com/files-community/Files/issues/14270",
                        "state": "CLOSED",
                        "number": 14270,
                        "timelineItems": {
                            "nodes": []
                        }
                    },
                    {
                        "author": {
                            "login": "azulika"
                        },
                        "title": "Bug: Sorting by type isn't working properly",
                        "url": "https://github.com/files-community/Files/issues/14231",
                        "state": "CLOSED",
                        "number": 14231,
                        "timelineItems": {
                            "nodes": [
                                {
                                    "source": {
                                        "author": {
                                            "login": "azulika"
                                        },
                                        "title": "Feature: Add support for changing File/Folder priority when sorting",
                                        "url": "https://github.com/files-community/Files/issues/14226",
                                        "state": "CLOSED",
                                        "number": 14226,
                                        "__typename": "Issue"
                                    }
                                }
                            ]
                        }
                    },
                    {
                        "author": {
                            "login": "xmha97"
                        },
                        "title": "When I installed the update (3.0.12.0) it worked as intended but now the G drive is back.",
                        "url": "https://github.com/files-community/Files/issues/14191",
                        "state": "CLOSED",
                        "number": 14191,
                        "timelineItems": {
                            "nodes": []
                        }
                    },
                    {
                        "author": {
                            "login": "69RandomDude69"
                        },
                        "title": "provide UNC path support from address bar",
                        "url": "https://github.com/files-community/Files/issues/14172",
                        "state": "CLOSED",
                        "number": 14172,
                        "timelineItems": {
                            "nodes": [
                                {
                                    "source": {
                                        "author": {
                                            "login": "69RandomDude69"
                                        },
                                        "title": "Bug: App hangs when accessing UNC share containing printers",
                                        "url": "https://github.com/files-community/Files/issues/14341",
                                        "state": "OPEN",
                                        "number": 14341,
                                        "__typename": "Issue"
                                    }
                                }
                            ]
                        }
                    },
                    {
                        "author": {
                            "login": "JollyRoger8X"
                        },
                        "title": "Bug: Adding a file to an open Files directory causes a crash",
                        "url": "https://github.com/files-community/Files/issues/14169",
                        "state": "CLOSED",
                        "number": 14169,
                        "timelineItems": {
                            "nodes": [
                                {
                                    "source": {
                                        "author": {
                                            "login": "hishitetsu"
                                        },
                                        "title": "Fix: Fixed issue where the app could crash when adding items from external apps",
                                        "url": "https://github.com/files-community/Files/pull/14567",
                                        "state": "MERGED",
                                        "number": 14567,
                                        "__typename": "PullRequest"
                                    }
                                },
                                {
                                    "source": {
                                        "author": {
                                            "login": "hishitetsu"
                                        },
                                        "title": "Revert \"Fix: Fixed issue where the app could crash when adding items from external apps\"",
                                        "url": "https://github.com/files-community/Files/pull/14624",
                                        "state": "MERGED",
                                        "number": 14624,
                                        "__typename": "PullRequest"
                                    }
                                },
                                {
                                    "source": {
                                        "author": {
                                            "login": "hishitetsu"
                                        },
                                        "title": "Fix: Fixed ArgumentOutOfRangeException in ItemViewModel",
                                        "url": "https://github.com/files-community/Files/pull/14634",
                                        "state": "MERGED",
                                        "number": 14634,
                                        "__typename": "PullRequest"
                                    }
                                }
                            ]
                        }
                    },
                    {
                        "author": {
                            "login": "denisdekh"
                        },
                        "title": "Bug: The add tab button shifts when a non-tab item is dragged next to it",
                        "url": "https://github.com/files-community/Files/issues/14143",
                        "state": "OPEN",
                        "number": 14143,
                        "timelineItems": {
                            "nodes": []
                        }
                    },
                    {
                        "author": {
                            "login": "Swarkin"
                        },
                        "title": "Installation fails with \"There are no more endpoints available from the endpoint mapper\"",
                        "url": "https://github.com/files-community/Files/issues/14106",
                        "state": "CLOSED",
                        "number": 14106,
                        "timelineItems": {
                            "nodes": []
                        }
                    },
                    {
                        "author": {
                            "login": "xmha97"
                        },
                        "title": "Bug: Navigation pane flickers",
                        "url": "https://github.com/files-community/Files/issues/14083",
                        "state": "CLOSED",
                        "number": 14083,
                        "timelineItems": {
                            "nodes": []
                        }
                    },
                    {
                        "author": {
                            "login": "superluig164"
                        },
                        "title": "Option to show the status center flyout on activity",
                        "url": "https://github.com/files-community/Files/issues/14065",
                        "state": "CLOSED",
                        "number": 14065,
                        "timelineItems": {
                            "nodes": []
                        }
                    },
                    {
                        "author": {
                            "login": "Pedrostone"
                        },
                        "title": "Bug: Files crashed when I was uploading a tons of files",
                        "url": "https://github.com/files-community/Files/issues/14039",
                        "state": "CLOSED",
                        "number": 14039,
                        "timelineItems": {
                            "nodes": []
                        }
                    },
                    {
                        "author": {
                            "login": "antonioseet"
                        },
                        "title": "Bug: Drag-and-Drop Multiple Files Opens Multiple Instances Instead of Passing as Arguments for .py and .bat Files",
                        "url": "https://github.com/files-community/Files/issues/14033",
                        "state": "CLOSED",
                        "number": 14033,
                        "timelineItems": {
                            "nodes": [
                                {
                                    "source": {
                                        "author": {
                                            "login": "antonioseet"
                                        },
                                        "title": "Fix: Fixed an issue with dropping multiple items onto executable files",
                                        "url": "https://github.com/files-community/Files/pull/14067",
                                        "state": "MERGED",
                                        "number": 14067,
                                        "__typename": "PullRequest"
                                    }
                                }
                            ]
                        }
                    },
                    {
                        "author": {
                            "login": "bnbagiz"
                        },
                        "title": "cant save attached files in email (outlook) via drag & drop ",
                        "url": "https://github.com/files-community/Files/issues/14020",
                        "state": "CLOSED",
                        "number": 14020,
                        "timelineItems": {
                            "nodes": []
                        }
                    },
                    {
                        "author": {
                            "login": "Josh65-2201"
                        },
                        "title": "Bug: Don't select items that are created externally ",
                        "url": "https://github.com/files-community/Files/issues/14011",
                        "state": "OPEN",
                        "number": 14011,
                        "timelineItems": {
                            "nodes": [
                                {
                                    "source": {
                                        "author": {
                                            "login": "jacekblach"
                                        },
                                        "title": "Feature: Don't reorder files after renaming them",
                                        "url": "https://github.com/files-community/Files/issues/4214",
                                        "state": "OPEN",
                                        "number": 4214,
                                        "__typename": "Issue"
                                    }
                                }
                            ]
                        }
                    },
                    {
                        "author": {
                            "login": "Saransh719"
                        },
                        "title": "Bug: Unable to extract files",
                        "url": "https://github.com/files-community/Files/issues/14001",
                        "state": "OPEN",
                        "number": 14001,
                        "timelineItems": {
                            "nodes": []
                        }
                    },
                    {
                        "author": {
                            "login": "clackwell"
                        },
                        "title": "Automatic crash reporter",
                        "url": "https://github.com/files-community/Files/issues/13996",
                        "state": "CLOSED",
                        "number": 13996,
                        "timelineItems": {
                            "nodes": []
                        }
                    },
                    {
                        "author": {
                            "login": "niznaz"
                        },
                        "title": "Bug: App crashed while in the background",
                        "url": "https://github.com/files-community/Files/issues/13995",
                        "state": "CLOSED",
                        "number": 13995,
                        "timelineItems": {
                            "nodes": [
                                {
                                    "source": {
                                        "author": {
                                            "login": "jman61"
                                        },
                                        "title": "Files3 crashed unexpectedly??",
                                        "url": "https://github.com/files-community/Files/issues/14129",
                                        "state": "CLOSED",
                                        "number": 14129,
                                        "__typename": "Issue"
                                    }
                                },
                                {
                                    "source": {
                                        "author": {
                                            "login": "Sacchid"
                                        },
                                        "title": "Bug: Error while in the background",
                                        "url": "https://github.com/files-community/Files/issues/14228",
                                        "state": "CLOSED",
                                        "number": 14228,
                                        "__typename": "Issue"
                                    }
                                },
                                {
                                    "source": {
                                        "author": {
                                            "login": "Mariepiz"
                                        },
                                        "title": "Files se cierra",
                                        "url": "https://github.com/files-community/Files/issues/14476",
                                        "state": "CLOSED",
                                        "number": 14476,
                                        "__typename": "Issue"
                                    }
                                }
                            ]
                        }
                    },
                    {
                        "author": {
                            "login": "alfio95it"
                        },
                        "title": "files compatibility toggle switch not working",
                        "url": "https://github.com/files-community/Files/issues/13978",
                        "state": "CLOSED",
                        "number": 13978,
                        "timelineItems": {
                            "nodes": [
                                {
                                    "source": {
                                        "author": {
                                            "login": "yaira2"
                                        },
                                        "title": "Fix: Fixed issue where the compatibility toggle wouldn't work for some files",
                                        "url": "https://github.com/files-community/Files/pull/14122",
                                        "state": "MERGED",
                                        "number": 14122,
                                        "__typename": "PullRequest"
                                    }
                                }
                            ]
                        }
                    },
                    {
                        "author": {
                            "login": "parfait8566"
                        },
                        "title": "Add \"Extract here (Smart)\" to the context menu",
                        "url": "https://github.com/files-community/Files/issues/13933",
                        "state": "CLOSED",
                        "number": 13933,
                        "timelineItems": {
                            "nodes": [
                                {
                                    "source": {
                                        "author": {
                                            "login": "hishitetsu"
                                        },
                                        "title": "Feature: Added an option for \"smart\" extract",
                                        "url": "https://github.com/files-community/Files/pull/14205",
                                        "state": "MERGED",
                                        "number": 14205,
                                        "__typename": "PullRequest"
                                    }
                                }
                            ]
                        }
                    },
                    {
                        "author": {
                            "login": "Josh65-2201"
                        },
                        "title": "Bug: Clicking on home page in sidebar crashes Files",
                        "url": "https://github.com/files-community/Files/issues/13926",
                        "state": "CLOSED",
                        "number": 13926,
                        "timelineItems": {
                            "nodes": []
                        }
                    },
                    {
                        "author": {
                            "login": "FAFCosta"
                        },
                        "title": "Bug: Icon overlays for folders/files in Google Drive don't update",
                        "url": "https://github.com/files-community/Files/issues/13901",
                        "state": "CLOSED",
                        "number": 13901,
                        "timelineItems": {
                            "nodes": [
                                {
                                    "source": {
                                        "author": {
                                            "login": "jfsturtz"
                                        },
                                        "title": "Bug: TortoiseHg badges not updated promptly",
                                        "url": "https://github.com/files-community/Files/issues/14026",
                                        "state": "CLOSED",
                                        "number": 14026,
                                        "__typename": "Issue"
                                    }
                                },
                                {
                                    "source": {
                                        "author": {
                                            "login": "yaira2"
                                        },
                                        "title": "Fix: Fixed issue where icon overlays were cached",
                                        "url": "https://github.com/files-community/Files/pull/14727",
                                        "state": "MERGED",
                                        "number": 14727,
                                        "__typename": "PullRequest"
                                    }
                                }
                            ]
                        }
                    },
                    {
                        "author": {
                            "login": "JollyRoger8X"
                        },
                        "title": "Display file path / location of files in search results window",
                        "url": "https://github.com/files-community/Files/issues/13897",
                        "state": "CLOSED",
                        "number": 13897,
                        "timelineItems": {
                            "nodes": []
                        }
                    },
                    {
                        "author": {
                            "login": "jackc0re"
                        },
                        "title": "Stuck on Quick look preview",
                        "url": "https://github.com/files-community/Files/issues/13896",
                        "state": "CLOSED",
                        "number": 13896,
                        "timelineItems": {
                            "nodes": []
                        }
                    },
                    {
                        "author": {
                            "login": "Lukiluc29"
                        },
                        "title": "Bug: Tooltip Issue on Action Titles",
                        "url": "https://github.com/files-community/Files/issues/13873",
                        "state": "CLOSED",
                        "number": 13873,
                        "timelineItems": {
                            "nodes": []
                        }
                    },
                    {
                        "author": {
                            "login": "DarthJahus"
                        },
                        "title": "CTRL+INSERT and SHIFT+INSERT keyborad shortcuts",
                        "url": "https://github.com/files-community/Files/issues/13794",
                        "state": "CLOSED",
                        "number": 13794,
                        "timelineItems": {
                            "nodes": []
                        }
                    },
                    {
                        "author": {
                            "login": "GameBurrow"
                        },
                        "title": "Need option to disable (git) integration(s) completely",
                        "url": "https://github.com/files-community/Files/issues/13791",
                        "state": "CLOSED",
                        "number": 13791,
                        "timelineItems": {
                            "nodes": []
                        }
                    },
                    {
                        "author": {
                            "login": "hishitetsu"
                        },
                        "title": "Bug: The new item dialog cannot be canceled",
                        "url": "https://github.com/files-community/Files/issues/13787",
                        "state": "CLOSED",
                        "number": 13787,
                        "timelineItems": {
                            "nodes": [
                                {
                                    "source": {
                                        "author": {
                                            "login": "MrFrawsty"
                                        },
                                        "title": "Fixed: Fixed issue where the new item dialog cannot be canceled",
                                        "url": "https://github.com/files-community/Files/pull/13846",
                                        "state": "MERGED",
                                        "number": 13846,
                                        "__typename": "PullRequest"
                                    }
                                }
                            ]
                        }
                    },
                    {
                        "author": {
                            "login": "velocity7"
                        },
                        "title": "Link Shell Extension replacement?",
                        "url": "https://github.com/files-community/Files/issues/13783",
                        "state": "CLOSED",
                        "number": 13783,
                        "timelineItems": {
                            "nodes": []
                        }
                    },
                    {
                        "author": {
                            "login": "meemore"
                        },
                        "title": "Feature: Manual calculate button for file sizes on demand",
                        "url": "https://github.com/files-community/Files/issues/13752",
                        "state": "OPEN",
                        "number": 13752,
                        "timelineItems": {
                            "nodes": []
                        }
                    },
                    {
                        "author": {
                            "login": "CocoTang1024"
                        },
                        "title": "Feature: Add pin to start option for shortcuts linked to an exe file",
                        "url": "https://github.com/files-community/Files/issues/13738",
                        "state": "CLOSED",
                        "number": 13738,
                        "timelineItems": {
                            "nodes": [
                                {
                                    "source": {
                                        "author": {
                                            "login": "yaira2"
                                        },
                                        "title": "Feature: Added support for pinning executable shortcuts to start",
                                        "url": "https://github.com/files-community/Files/pull/14667",
                                        "state": "MERGED",
                                        "number": 14667,
                                        "__typename": "PullRequest"
                                    }
                                }
                            ]
                        }
                    },
                    {
                        "author": {
                            "login": "Ni7r4m"
                        },
                        "title": "Bug: Unable to set Files as default file manager on standard/non-administrator user",
                        "url": "https://github.com/files-community/Files/issues/13734",
                        "state": "OPEN",
                        "number": 13734,
                        "timelineItems": {
                            "nodes": []
                        }
                    },
                    {
                        "author": {
                            "login": "konashevich"
                        },
                        "title": "Files - is a good name?",
                        "url": "https://github.com/files-community/Files/issues/13619",
                        "state": "CLOSED",
                        "number": 13619,
                        "timelineItems": {
                            "nodes": [
                                {
                                    "source": {
                                        "author": {
                                            "login": "jefflord"
                                        },
                                        "title": "Files - is a good name (dupe I know), re-consider a rename.",
                                        "url": "https://github.com/files-community/Files/issues/14742",
                                        "state": "CLOSED",
                                        "number": 14742,
                                        "__typename": "Issue"
                                    }
                                }
                            ]
                        }
                    },
                    {
                        "author": {
                            "login": "OwlCacone"
                        },
                        "title": "Gigantic CPU spikes when opening settings window",
                        "url": "https://github.com/files-community/Files/issues/13601",
                        "state": "CLOSED",
                        "number": 13601,
                        "timelineItems": {
                            "nodes": []
                        }
                    },
                    {
                        "author": {
                            "login": "cardin"
                        },
                        "title": "Sluggish File Navigation on Large Git Repository on WSL",
                        "url": "https://github.com/files-community/Files/issues/13596",
                        "state": "CLOSED",
                        "number": 13596,
                        "timelineItems": {
                            "nodes": []
                        }
                    },
                    {
                        "author": {
                            "login": "Josh65-2201"
                        },
                        "title": "Bug: Using Tab selection gets stuck resizing the sidebar",
                        "url": "https://github.com/files-community/Files/issues/13548",
                        "state": "CLOSED",
                        "number": 13548,
                        "timelineItems": {
                            "nodes": [
                                {
                                    "source": {
                                        "author": {
                                            "login": "yaira2"
                                        },
                                        "title": "Fix: Fixed issue where tab selection got stuck on the sidebar",
                                        "url": "https://github.com/files-community/Files/pull/13570",
                                        "state": "MERGED",
                                        "number": 13570,
                                        "__typename": "PullRequest"
                                    }
                                }
                            ]
                        }
                    },
                    {
                        "author": {
                            "login": "mirkixx"
                        },
                        "title": "Preview. Icons / Thumbnails not showing ",
                        "url": "https://github.com/files-community/Files/issues/13547",
                        "state": "CLOSED",
                        "number": 13547,
                        "timelineItems": {
                            "nodes": []
                        }
                    },
                    {
                        "author": {
                            "login": "davidx007"
                        },
                        "title": "Feature Request: Hide the Search Bar",
                        "url": "https://github.com/files-community/Files/issues/13543",
                        "state": "CLOSED",
                        "number": 13543,
                        "timelineItems": {
                            "nodes": []
                        }
                    },
                    {
                        "author": {
                            "login": "D-Maxwell"
                        },
                        "title": "Window not gaining focus on tab creation request",
                        "url": "https://github.com/files-community/Files/issues/13541",
                        "state": "CLOSED",
                        "number": 13541,
                        "timelineItems": {
                            "nodes": []
                        }
                    },
                    {
                        "author": {
                            "login": "HammerOfDaGods"
                        },
                        "title": "Quality-of-Life/Safety features",
                        "url": "https://github.com/files-community/Files/issues/13479",
                        "state": "CLOSED",
                        "number": 13479,
                        "timelineItems": {
                            "nodes": []
                        }
                    },
                    {
                        "author": {
                            "login": "jouyhouy"
                        },
                        "title": "Move and Cut Keyboard Shortcut not usable",
                        "url": "https://github.com/files-community/Files/issues/13460",
                        "state": "CLOSED",
                        "number": 13460,
                        "timelineItems": {
                            "nodes": []
                        }
                    }
                ]
            }
        }
    }
}