{
    "data": {
        "repository": {
            "issues": {
                "pageInfo": {
                    "endCursor": "Y3Vyc29yOnYyOpICziAfnwc="
                },
                "nodes": [
                    {
                        "author": {
                            "login": "lionnesquaer"
                        },
                        "title": "View settings saves individial for each folder",
                        "url": "https://github.com/files-community/Files/issues/1183",
                        "state": "CLOSED",
                        "number": 1183,
                        "timelineItems": {
                            "nodes": []
                        }
                    },
                    {
                        "author": {
                            "login": "jl8n"
                        },
                        "title": "Unused usb ports in Windows show up under 'Drives' in the left column and cause problems with permissions",
                        "url": "https://github.com/files-community/Files/issues/1178",
                        "state": "CLOSED",
                        "number": 1178,
                        "timelineItems": {
                            "nodes": []
                        }
                    },
                    {
                        "author": {
                            "login": "jl8n"
                        },
                        "title": "Select multiple items by clicking and dragging the cursor",
                        "url": "https://github.com/files-community/Files/issues/1177",
                        "state": "CLOSED",
                        "number": 1177,
                        "timelineItems": {
                            "nodes": []
                        }
                    },
                    {
                        "author": {
                            "login": "Rotten-LKZ"
                        },
                        "title": "Anthor way to access File Path",
                        "url": "https://github.com/files-community/Files/issues/1175",
                        "state": "CLOSED",
                        "number": 1175,
                        "timelineItems": {
                            "nodes": []
                        }
                    },
                    {
                        "author": {
                            "login": "Lipus-TRW"
                        },
                        "title": "功能建议",
                        "url": "https://github.com/files-community/Files/issues/1166",
                        "state": "CLOSED",
                        "number": 1166,
                        "timelineItems": {
                            "nodes": []
                        }
                    },
                    {
                        "author": {
                            "login": "a592974776"
                        },
                        "title": "没有搜索功能",
                        "url": "https://github.com/files-community/Files/issues/1164",
                        "state": "CLOSED",
                        "number": 1164,
                        "timelineItems": {
                            "nodes": []
                        }
                    },
                    {
                        "author": {
                            "login": "hc981111"
                        },
                        "title": "quicklook支持问题",
                        "url": "https://github.com/files-community/Files/issues/1163",
                        "state": "CLOSED",
                        "number": 1163,
                        "timelineItems": {
                            "nodes": []
                        }
                    },
                    {
                        "author": {
                            "login": "Alb97"
                        },
                        "title": "All disks are not visisble ",
                        "url": "https://github.com/files-community/Files/issues/1156",
                        "state": "CLOSED",
                        "number": 1156,
                        "timelineItems": {
                            "nodes": [
                                {
                                    "source": {
                                        "author": {
                                            "login": "tsvietOK"
                                        },
                                        "title": "Drives: Fixed drives loading when no letter assigned to partition",
                                        "url": "https://github.com/files-community/Files/pull/1168",
                                        "state": "MERGED",
                                        "number": 1168,
                                        "__typename": "PullRequest"
                                    }
                                }
                            ]
                        }
                    },
                    {
                        "author": {
                            "login": "hez2010"
                        },
                        "title": "Modification to terminal.json won't take effect immediately",
                        "url": "https://github.com/files-community/Files/issues/1140",
                        "state": "CLOSED",
                        "number": 1140,
                        "timelineItems": {
                            "nodes": [
                                {
                                    "source": {
                                        "author": {
                                            "login": "hez2010"
                                        },
                                        "title": "Notify when terminal config changed",
                                        "url": "https://github.com/files-community/Files/pull/6465",
                                        "state": "MERGED",
                                        "number": 6465,
                                        "__typename": "PullRequest"
                                    }
                                }
                            ]
                        }
                    },
                    {
                        "author": {
                            "login": "AbelTheGeorge"
                        },
                        "title": "Some Requests",
                        "url": "https://github.com/files-community/Files/issues/1132",
                        "state": "CLOSED",
                        "number": 1132,
                        "timelineItems": {
                            "nodes": []
                        }
                    },
                    {
                        "author": {
                            "login": "cocoon"
                        },
                        "title": "Open in Terminal + wt.exe + pwsh fails if path ends with backslash",
                        "url": "https://github.com/files-community/Files/issues/1107",
                        "state": "CLOSED",
                        "number": 1107,
                        "timelineItems": {
                            "nodes": []
                        }
                    },
                    {
                        "author": {
                            "login": "MarcAnt01"
                        },
                        "title": "7-zip support",
                        "url": "https://github.com/files-community/Files/issues/1105",
                        "state": "CLOSED",
                        "number": 1105,
                        "timelineItems": {
                            "nodes": []
                        }
                    },
                    {
                        "author": {
                            "login": "Iuyitim"
                        },
                        "title": "作者，您好。我遇到一个问题，无论使用quicklook的哪一个版本，我都无法预览files uwp中的任何文件（我安装所有的插件，且在资源管理器中预览没有问题），真心希望得到您的回复和帮助，祝好",
                        "url": "https://github.com/files-community/Files/issues/1104",
                        "state": "CLOSED",
                        "number": 1104,
                        "timelineItems": {
                            "nodes": []
                        }
                    },
                    {
                        "author": {
                            "login": "Spyromaniac31"
                        },
                        "title": "Add a drop shadow to the Start Menu tile and splash screen to match official Fluent icons",
                        "url": "https://github.com/files-community/Files/issues/1101",
                        "state": "CLOSED",
                        "number": 1101,
                        "timelineItems": {
                            "nodes": [
                                {
                                    "source": {
                                        "author": {
                                            "login": "jayasio"
                                        },
                                        "title": "Refining the app icon",
                                        "url": "https://github.com/files-community/Files/issues/1173",
                                        "state": "CLOSED",
                                        "number": 1173,
                                        "__typename": "Issue"
                                    }
                                }
                            ]
                        }
                    },
                    {
                        "author": {
                            "login": "Br0ckout"
                        },
                        "title": "Auto Delete Zip/Rar when extracting",
                        "url": "https://github.com/files-community/Files/issues/1093",
                        "state": "CLOSED",
                        "number": 1093,
                        "timelineItems": {
                            "nodes": []
                        }
                    },
                    {
                        "author": {
                            "login": "orrzz"
                        },
                        "title": "双击文件，文件闪退",
                        "url": "https://github.com/files-community/Files/issues/1075",
                        "state": "CLOSED",
                        "number": 1075,
                        "timelineItems": {
                            "nodes": []
                        }
                    },
                    {
                        "author": {
                            "login": "SoleFreakee"
                        },
                        "title": "can't save my settings",
                        "url": "https://github.com/files-community/Files/issues/1071",
                        "state": "CLOSED",
                        "number": 1071,
                        "timelineItems": {
                            "nodes": []
                        }
                    },
                    {
                        "author": {
                            "login": "Yeba"
                        },
                        "title": "It's so good!!!! but right click is not power. 这个软件太棒了！但是右键和一些快捷键支持还不是很好，作者加油！",
                        "url": "https://github.com/files-community/Files/issues/1060",
                        "state": "CLOSED",
                        "number": 1060,
                        "timelineItems": {
                            "nodes": []
                        }
                    },
                    {
                        "author": {
                            "login": "VigneshVoid"
                        },
                        "title": "Properties Dialog Doesn't Populate for folders",
                        "url": "https://github.com/files-community/Files/issues/1054",
                        "state": "CLOSED",
                        "number": 1054,
                        "timelineItems": {
                            "nodes": []
                        }
                    },
                    {
                        "author": {
                            "login": "aqilc"
                        },
                        "title": "Incorrect text coloration after switching themes.",
                        "url": "https://github.com/files-community/Files/issues/1045",
                        "state": "CLOSED",
                        "number": 1045,
                        "timelineItems": {
                            "nodes": []
                        }
                    },
                    {
                        "author": {
                            "login": "Richard-HM"
                        },
                        "title": "High cpu and ram usage when calculating the size of folders containing a large number of files",
                        "url": "https://github.com/files-community/Files/issues/1043",
                        "state": "CLOSED",
                        "number": 1043,
                        "timelineItems": {
                            "nodes": [
                                {
                                    "source": {
                                        "author": {
                                            "login": "hez2010"
                                        },
                                        "title": "Make size calculation progressive",
                                        "url": "https://github.com/files-community/Files/pull/1092",
                                        "state": "CLOSED",
                                        "number": 1092,
                                        "__typename": "PullRequest"
                                    }
                                }
                            ]
                        }
                    },
                    {
                        "author": {
                            "login": "chuchanpr"
                        },
                        "title": "Drag and drop window tabs",
                        "url": "https://github.com/files-community/Files/issues/1037",
                        "state": "CLOSED",
                        "number": 1037,
                        "timelineItems": {
                            "nodes": []
                        }
                    },
                    {
                        "author": {
                            "login": "Rebellion2333"
                        },
                        "title": "没办法压缩文件（ZIP、7Z）",
                        "url": "https://github.com/files-community/Files/issues/1036",
                        "state": "CLOSED",
                        "number": 1036,
                        "timelineItems": {
                            "nodes": []
                        }
                    },
                    {
                        "author": {
                            "login": "chuchanpr"
                        },
                        "title": "Provide option to intergrate with some media manages or include some media manager",
                        "url": "https://github.com/files-community/Files/issues/1035",
                        "state": "CLOSED",
                        "number": 1035,
                        "timelineItems": {
                            "nodes": []
                        }
                    },
                    {
                        "author": {
                            "login": "yangjieshao"
                        },
                        "title": "can not find disk H if I had not disk G",
                        "url": "https://github.com/files-community/Files/issues/1031",
                        "state": "CLOSED",
                        "number": 1031,
                        "timelineItems": {
                            "nodes": []
                        }
                    },
                    {
                        "author": {
                            "login": "aqilc"
                        },
                        "title": "A \"Don't ask again\" option for file deletion.",
                        "url": "https://github.com/files-community/Files/issues/1020",
                        "state": "CLOSED",
                        "number": 1020,
                        "timelineItems": {
                            "nodes": []
                        }
                    },
                    {
                        "author": {
                            "login": "chuchanpr"
                        },
                        "title": "Layout model should be unique for each window",
                        "url": "https://github.com/files-community/Files/issues/1014",
                        "state": "CLOSED",
                        "number": 1014,
                        "timelineItems": {
                            "nodes": []
                        }
                    },
                    {
                        "author": {
                            "login": "JaiganeshKumaran"
                        },
                        "title": "You shouldn't be able to pin library folders",
                        "url": "https://github.com/files-community/Files/issues/1009",
                        "state": "CLOSED",
                        "number": 1009,
                        "timelineItems": {
                            "nodes": []
                        }
                    },
                    {
                        "author": {
                            "login": "JaiganeshKumaran"
                        },
                        "title": "Selecting 'Open in new tab' option in preferences causes a crash",
                        "url": "https://github.com/files-community/Files/issues/1008",
                        "state": "CLOSED",
                        "number": 1008,
                        "timelineItems": {
                            "nodes": []
                        }
                    },
                    {
                        "author": {
                            "login": "andyfmidd"
                        },
                        "title": " Home page Recent Items (almost) always empty",
                        "url": "https://github.com/files-community/Files/issues/1007",
                        "state": "CLOSED",
                        "number": 1007,
                        "timelineItems": {
                            "nodes": []
                        }
                    },
                    {
                        "author": {
                            "login": "andyfmidd"
                        },
                        "title": "Rename of items added to sidebar",
                        "url": "https://github.com/files-community/Files/issues/1006",
                        "state": "CLOSED",
                        "number": 1006,
                        "timelineItems": {
                            "nodes": []
                        }
                    },
                    {
                        "author": {
                            "login": "andyfmidd"
                        },
                        "title": "Sidebar tooltips",
                        "url": "https://github.com/files-community/Files/issues/1005",
                        "state": "CLOSED",
                        "number": 1005,
                        "timelineItems": {
                            "nodes": [
                                {
                                    "source": {
                                        "author": {
                                            "login": "yaira2"
                                        },
                                        "title": "Added a tooltip with the path for pinned items on the sidebar",
                                        "url": "https://github.com/files-community/Files/pull/2365",
                                        "state": "MERGED",
                                        "number": 2365,
                                        "__typename": "PullRequest"
                                    }
                                }
                            ]
                        }
                    },
                    {
                        "author": {
                            "login": "Richard-HM"
                        },
                        "title": "Different size for each item in gridview",
                        "url": "https://github.com/files-community/Files/issues/997",
                        "state": "CLOSED",
                        "number": 997,
                        "timelineItems": {
                            "nodes": [
                                {
                                    "source": {
                                        "author": {
                                            "login": "Richard-HM"
                                        },
                                        "title": "Increase max lines of ItemName in grid view",
                                        "url": "https://github.com/files-community/Files/issues/754",
                                        "state": "CLOSED",
                                        "number": 754,
                                        "__typename": "Issue"
                                    }
                                },
                                {
                                    "source": {
                                        "author": {
                                            "login": "trulko"
                                        },
                                        "title": "Dynamic Grid View & Preview Row Height",
                                        "url": "https://github.com/files-community/Files/issues/4703",
                                        "state": "CLOSED",
                                        "number": 4703,
                                        "__typename": "Issue"
                                    }
                                },
                                {
                                    "source": {
                                        "author": {
                                            "login": "JoshKasap"
                                        },
                                        "title": "Show more text in small - large icon view ",
                                        "url": "https://github.com/files-community/Files/issues/5855",
                                        "state": "CLOSED",
                                        "number": 5855,
                                        "__typename": "Issue"
                                    }
                                },
                                {
                                    "source": {
                                        "author": {
                                            "login": "cleuton4k"
                                        },
                                        "title": "files does not show all the characters in the filename.",
                                        "url": "https://github.com/files-community/Files/issues/10959",
                                        "state": "CLOSED",
                                        "number": 10959,
                                        "__typename": "Issue"
                                    }
                                }
                            ]
                        }
                    },
                    {
                        "author": {
                            "login": "aqilc"
                        },
                        "title": "Problems with saving your current Settings",
                        "url": "https://github.com/files-community/Files/issues/993",
                        "state": "CLOSED",
                        "number": 993,
                        "timelineItems": {
                            "nodes": []
                        }
                    },
                    {
                        "author": {
                            "login": "hunterlan"
                        },
                        "title": "Loop loading data in properties",
                        "url": "https://github.com/files-community/Files/issues/991",
                        "state": "CLOSED",
                        "number": 991,
                        "timelineItems": {
                            "nodes": [
                                {
                                    "source": {
                                        "author": {
                                            "login": "tsvietOK"
                                        },
                                        "title": "Properties: Fix Properties window crash on older systems",
                                        "url": "https://github.com/files-community/Files/pull/1012",
                                        "state": "MERGED",
                                        "number": 1012,
                                        "__typename": "PullRequest"
                                    }
                                }
                            ]
                        }
                    },
                    {
                        "author": {
                            "login": "acid1232"
                        },
                        "title": "Option to hide system folders in the sidebar",
                        "url": "https://github.com/files-community/Files/issues/984",
                        "state": "CLOSED",
                        "number": 984,
                        "timelineItems": {
                            "nodes": []
                        }
                    },
                    {
                        "author": {
                            "login": "Mikodzi"
                        },
                        "title": "App crashes when creating and naming a folder on a OneDrive",
                        "url": "https://github.com/files-community/Files/issues/979",
                        "state": "CLOSED",
                        "number": 979,
                        "timelineItems": {
                            "nodes": []
                        }
                    },
                    {
                        "author": {
                            "login": "Serarg95"
                        },
                        "title": "Buggy touch behaviour in \"details\" view",
                        "url": "https://github.com/files-community/Files/issues/974",
                        "state": "CLOSED",
                        "number": 974,
                        "timelineItems": {
                            "nodes": []
                        }
                    },
                    {
                        "author": {
                            "login": "andyfmidd"
                        },
                        "title": "\"This PC\" view - all disk (and network drives)  sizes and free space in one view",
                        "url": "https://github.com/files-community/Files/issues/966",
                        "state": "CLOSED",
                        "number": 966,
                        "timelineItems": {
                            "nodes": []
                        }
                    },
                    {
                        "author": {
                            "login": "SOI7"
                        },
                        "title": "Startup options require multiple clicks to change",
                        "url": "https://github.com/files-community/Files/issues/958",
                        "state": "CLOSED",
                        "number": 958,
                        "timelineItems": {
                            "nodes": []
                        }
                    },
                    {
                        "author": {
                            "login": "TailyFair"
                        },
                        "title": "Allow to hide default library folders in sidebar",
                        "url": "https://github.com/files-community/Files/issues/949",
                        "state": "CLOSED",
                        "number": 949,
                        "timelineItems": {
                            "nodes": []
                        }
                    },
                    {
                        "author": {
                            "login": "Suburbanno"
                        },
                        "title": "Russian perssistent language",
                        "url": "https://github.com/files-community/Files/issues/935",
                        "state": "CLOSED",
                        "number": 935,
                        "timelineItems": {
                            "nodes": []
                        }
                    },
                    {
                        "author": {
                            "login": "Richard-HM"
                        },
                        "title": "Properties dialog: black background in transparent images",
                        "url": "https://github.com/files-community/Files/issues/929",
                        "state": "CLOSED",
                        "number": 929,
                        "timelineItems": {
                            "nodes": [
                                {
                                    "source": {
                                        "author": {
                                            "login": "lukeblevins"
                                        },
                                        "title": "Retrieve Better Thumbnails for files in Properties Dialog",
                                        "url": "https://github.com/files-community/Files/pull/1233",
                                        "state": "MERGED",
                                        "number": 1233,
                                        "__typename": "PullRequest"
                                    }
                                }
                            ]
                        }
                    },
                    {
                        "author": {
                            "login": "luximus-hunter"
                        },
                        "title": "Right-click -> rename opens file",
                        "url": "https://github.com/files-community/Files/issues/927",
                        "state": "CLOSED",
                        "number": 927,
                        "timelineItems": {
                            "nodes": []
                        }
                    },
                    {
                        "author": {
                            "login": "luximus-hunter"
                        },
                        "title": "Open with ...",
                        "url": "https://github.com/files-community/Files/issues/922",
                        "state": "CLOSED",
                        "number": 922,
                        "timelineItems": {
                            "nodes": []
                        }
                    },
                    {
                        "author": {
                            "login": "Richard-HM"
                        },
                        "title": "\"Double tap to rename files\" function",
                        "url": "https://github.com/files-community/Files/issues/917",
                        "state": "CLOSED",
                        "number": 917,
                        "timelineItems": {
                            "nodes": []
                        }
                    },
                    {
                        "author": {
                            "login": "Darhagonable"
                        },
                        "title": "Smart Layout mode",
                        "url": "https://github.com/files-community/Files/issues/915",
                        "state": "CLOSED",
                        "number": 915,
                        "timelineItems": {
                            "nodes": []
                        }
                    },
                    {
                        "author": {
                            "login": "Richard-HM"
                        },
                        "title": "Check \"permanently delete\" automatically by pressing shift + Del",
                        "url": "https://github.com/files-community/Files/issues/901",
                        "state": "CLOSED",
                        "number": 901,
                        "timelineItems": {
                            "nodes": [
                                {
                                    "source": {
                                        "author": {
                                            "login": "gave92"
                                        },
                                        "title": "Check \"permanently delete\" automatically by pressing shift + Del",
                                        "url": "https://github.com/files-community/Files/pull/904",
                                        "state": "MERGED",
                                        "number": 904,
                                        "__typename": "PullRequest"
                                    }
                                }
                            ]
                        }
                    },
                    {
                        "author": {
                            "login": "schmensch"
                        },
                        "title": "Allow option to select files and folders by dragging mouse over them with key pressed",
                        "url": "https://github.com/files-community/Files/issues/896",
                        "state": "CLOSED",
                        "number": 896,
                        "timelineItems": {
                            "nodes": []
                        }
                    },
                    {
                        "author": null,
                        "title": "No thumbnails on images",
                        "url": "https://github.com/files-community/Files/issues/893",
                        "state": "CLOSED",
                        "number": 893,
                        "timelineItems": {
                            "nodes": []
                        }
                    },
                    {
                        "author": {
                            "login": "lextm"
                        },
                        "title": "Port it to macOS via Uno Platform",
                        "url": "https://github.com/files-community/Files/issues/874",
                        "state": "CLOSED",
                        "number": 874,
                        "timelineItems": {
                            "nodes": []
                        }
                    },
                    {
                        "author": {
                            "login": "RomanKornev"
                        },
                        "title": "Crash when changing a drive",
                        "url": "https://github.com/files-community/Files/issues/870",
                        "state": "CLOSED",
                        "number": 870,
                        "timelineItems": {
                            "nodes": []
                        }
                    },
                    {
                        "author": {
                            "login": "machinesmith42"
                        },
                        "title": "Favorite folders",
                        "url": "https://github.com/files-community/Files/issues/868",
                        "state": "CLOSED",
                        "number": 868,
                        "timelineItems": {
                            "nodes": []
                        }
                    },
                    {
                        "author": {
                            "login": "nodew"
                        },
                        "title": "Can't build from visual studio",
                        "url": "https://github.com/files-community/Files/issues/852",
                        "state": "CLOSED",
                        "number": 852,
                        "timelineItems": {
                            "nodes": []
                        }
                    },
                    {
                        "author": {
                            "login": "xumepoc"
                        },
                        "title": "Can't drag and drop file into Files UWP",
                        "url": "https://github.com/files-community/Files/issues/834",
                        "state": "CLOSED",
                        "number": 834,
                        "timelineItems": {
                            "nodes": [
                                {
                                    "source": {
                                        "author": {
                                            "login": "Richard-HM"
                                        },
                                        "title": "The app crashes when dragging an item on it from winrar",
                                        "url": "https://github.com/files-community/Files/issues/798",
                                        "state": "CLOSED",
                                        "number": 798,
                                        "__typename": "Issue"
                                    }
                                },
                                {
                                    "source": {
                                        "author": {
                                            "login": "mtratchet16"
                                        },
                                        "title": "Drag and Drop",
                                        "url": "https://github.com/files-community/Files/issues/4151",
                                        "state": "CLOSED",
                                        "number": 4151,
                                        "__typename": "Issue"
                                    }
                                }
                            ]
                        }
                    },
                    {
                        "author": {
                            "login": "Airloss"
                        },
                        "title": "File sort mode can be independently in different folders",
                        "url": "https://github.com/files-community/Files/issues/826",
                        "state": "CLOSED",
                        "number": 826,
                        "timelineItems": {
                            "nodes": []
                        }
                    },
                    {
                        "author": {
                            "login": "ChelaruCatalin"
                        },
                        "title": "Rename will open the file / folder",
                        "url": "https://github.com/files-community/Files/issues/825",
                        "state": "CLOSED",
                        "number": 825,
                        "timelineItems": {
                            "nodes": []
                        }
                    },
                    {
                        "author": {
                            "login": "innameonly"
                        },
                        "title": "suggest",
                        "url": "https://github.com/files-community/Files/issues/820",
                        "state": "CLOSED",
                        "number": 820,
                        "timelineItems": {
                            "nodes": []
                        }
                    },
                    {
                        "author": {
                            "login": "Richard-HM"
                        },
                        "title": "The app crashes when dragging an item on it from winrar",
                        "url": "https://github.com/files-community/Files/issues/798",
                        "state": "CLOSED",
                        "number": 798,
                        "timelineItems": {
                            "nodes": []
                        }
                    },
                    {
                        "author": {
                            "login": "colinkiama"
                        },
                        "title": "App crashes when accessing android device's drive",
                        "url": "https://github.com/files-community/Files/issues/779",
                        "state": "CLOSED",
                        "number": 779,
                        "timelineItems": {
                            "nodes": [
                                {
                                    "source": {
                                        "author": {
                                            "login": "gave92"
                                        },
                                        "title": "[PROPOSAL] - Access android (MTP) devices",
                                        "url": "https://github.com/files-community/Files/pull/926",
                                        "state": "MERGED",
                                        "number": 926,
                                        "__typename": "PullRequest"
                                    }
                                },
                                {
                                    "source": {
                                        "author": {
                                            "login": "imReker"
                                        },
                                        "title": "Can not open MTP device",
                                        "url": "https://github.com/files-community/Files/issues/976",
                                        "state": "CLOSED",
                                        "number": 976,
                                        "__typename": "Issue"
                                    }
                                },
                                {
                                    "source": {
                                        "author": {
                                            "login": "code-irisnk"
                                        },
                                        "title": "Plugging in an MTP device makes Files unable to detect all system drives and causes erratic explorer.exe behaviour",
                                        "url": "https://github.com/files-community/Files/issues/7943",
                                        "state": "CLOSED",
                                        "number": 7943,
                                        "__typename": "Issue"
                                    }
                                }
                            ]
                        }
                    },
                    {
                        "author": {
                            "login": "KraXen72"
                        },
                        "title": "option for classic context menu/options from it",
                        "url": "https://github.com/files-community/Files/issues/775",
                        "state": "CLOSED",
                        "number": 775,
                        "timelineItems": {
                            "nodes": []
                        }
                    },
                    {
                        "author": {
                            "login": "lukeblevins"
                        },
                        "title": "Decrease the width of the inset sidebar shadow to match Your Phone app",
                        "url": "https://github.com/files-community/Files/issues/763",
                        "state": "CLOSED",
                        "number": 763,
                        "timelineItems": {
                            "nodes": []
                        }
                    },
                    {
                        "author": {
                            "login": "PeterStrick"
                        },
                        "title": "One Cosmetic Bug and One Feature Request",
                        "url": "https://github.com/files-community/Files/issues/760",
                        "state": "CLOSED",
                        "number": 760,
                        "timelineItems": {
                            "nodes": []
                        }
                    },
                    {
                        "author": {
                            "login": "Nyameliaaaa"
                        },
                        "title": "Make it closer to explorer.exe",
                        "url": "https://github.com/files-community/Files/issues/757",
                        "state": "CLOSED",
                        "number": 757,
                        "timelineItems": {
                            "nodes": []
                        }
                    },
                    {
                        "author": {
                            "login": "CatOnYourPorch"
                        },
                        "title": "a few suggestions",
                        "url": "https://github.com/files-community/Files/issues/756",
                        "state": "CLOSED",
                        "number": 756,
                        "timelineItems": {
                            "nodes": [
                                {
                                    "source": {
                                        "author": {
                                            "login": "Dylan-Osborne"
                                        },
                                        "title": "Added/improved layout modes",
                                        "url": "https://github.com/files-community/Files/pull/827",
                                        "state": "MERGED",
                                        "number": 827,
                                        "__typename": "PullRequest"
                                    }
                                }
                            ]
                        }
                    },
                    {
                        "author": {
                            "login": "Daksh777"
                        },
                        "title": "Ability to change the default downloads folder",
                        "url": "https://github.com/files-community/Files/issues/733",
                        "state": "CLOSED",
                        "number": 733,
                        "timelineItems": {
                            "nodes": []
                        }
                    },
                    {
                        "author": {
                            "login": "Alex-Ricardo"
                        },
                        "title": "无法打开部分子文件夹",
                        "url": "https://github.com/files-community/Files/issues/730",
                        "state": "CLOSED",
                        "number": 730,
                        "timelineItems": {
                            "nodes": []
                        }
                    },
                    {
                        "author": {
                            "login": "Mahan3340"
                        },
                        "title": "Selection Bug",
                        "url": "https://github.com/files-community/Files/issues/723",
                        "state": "CLOSED",
                        "number": 723,
                        "timelineItems": {
                            "nodes": []
                        }
                    },
                    {
                        "author": {
                            "login": "Richard-HM"
                        },
                        "title": "If you close the properties dialog before a file info is displayed, sometimes the app crashes",
                        "url": "https://github.com/files-community/Files/issues/697",
                        "state": "CLOSED",
                        "number": 697,
                        "timelineItems": {
                            "nodes": []
                        }
                    },
                    {
                        "author": {
                            "login": "Richard-HM"
                        },
                        "title": "Display dimensions of an image in the properties dialog",
                        "url": "https://github.com/files-community/Files/issues/691",
                        "state": "CLOSED",
                        "number": 691,
                        "timelineItems": {
                            "nodes": [
                                {
                                    "source": {
                                        "author": {
                                            "login": "Richard-HM"
                                        },
                                        "title": "Display more details when hovering the mouse over a file",
                                        "url": "https://github.com/files-community/Files/issues/721",
                                        "state": "CLOSED",
                                        "number": 721,
                                        "__typename": "Issue"
                                    }
                                },
                                {
                                    "source": {
                                        "author": {
                                            "login": "Richard-HM"
                                        },
                                        "title": "Properties: Add \"Details\" tab",
                                        "url": "https://github.com/files-community/Files/issues/1650",
                                        "state": "CLOSED",
                                        "number": 1650,
                                        "__typename": "Issue"
                                    }
                                }
                            ]
                        }
                    },
                    {
                        "author": {
                            "login": "tGecko"
                        },
                        "title": "Renaming an item twice crashes the app",
                        "url": "https://github.com/files-community/Files/issues/688",
                        "state": "CLOSED",
                        "number": 688,
                        "timelineItems": {
                            "nodes": []
                        }
                    },
                    {
                        "author": {
                            "login": "Richard-HM"
                        },
                        "title": "I'd like to be prompted to replace storage items during the Paste operation",
                        "url": "https://github.com/files-community/Files/issues/686",
                        "state": "CLOSED",
                        "number": 686,
                        "timelineItems": {
                            "nodes": []
                        }
                    },
                    {
                        "author": {
                            "login": "xezrunner"
                        },
                        "title": "Ability to resize the sidebar",
                        "url": "https://github.com/files-community/Files/issues/672",
                        "state": "CLOSED",
                        "number": 672,
                        "timelineItems": {
                            "nodes": [
                                {
                                    "source": {
                                        "author": {
                                            "login": "Lusician"
                                        },
                                        "title": "Allow Resizing of the Sidebar",
                                        "url": "https://github.com/files-community/Files/issues/921",
                                        "state": "CLOSED",
                                        "number": 921,
                                        "__typename": "Issue"
                                    }
                                },
                                {
                                    "source": {
                                        "author": {
                                            "login": "AbelTheGeorge"
                                        },
                                        "title": "Some Requests",
                                        "url": "https://github.com/files-community/Files/issues/1132",
                                        "state": "CLOSED",
                                        "number": 1132,
                                        "__typename": "Issue"
                                    }
                                },
                                {
                                    "source": {
                                        "author": {
                                            "login": "moutasem1989"
                                        },
                                        "title": "Side Panel options ",
                                        "url": "https://github.com/files-community/Files/issues/342",
                                        "state": "CLOSED",
                                        "number": 342,
                                        "__typename": "Issue"
                                    }
                                },
                                {
                                    "source": {
                                        "author": {
                                            "login": "soumyamahunt"
                                        },
                                        "title": "Added the ability to resize the sidebar",
                                        "url": "https://github.com/files-community/Files/pull/1512",
                                        "state": "MERGED",
                                        "number": 1512,
                                        "__typename": "PullRequest"
                                    }
                                }
                            ]
                        }
                    },
                    {
                        "author": null,
                        "title": "Search f",
                        "url": "https://github.com/files-community/Files/issues/670",
                        "state": "CLOSED",
                        "number": 670,
                        "timelineItems": {
                            "nodes": []
                        }
                    },
                    {
                        "author": {
                            "login": "Richard-HM"
                        },
                        "title": "Is the \"Up\" button really useful?",
                        "url": "https://github.com/files-community/Files/issues/667",
                        "state": "CLOSED",
                        "number": 667,
                        "timelineItems": {
                            "nodes": []
                        }
                    },
                    {
                        "author": {
                            "login": "Richard-HM"
                        },
                        "title": "The app crashes when trying to interact with a .url file",
                        "url": "https://github.com/files-community/Files/issues/661",
                        "state": "CLOSED",
                        "number": 661,
                        "timelineItems": {
                            "nodes": [
                                {
                                    "source": {
                                        "author": {
                                            "login": "yaira2"
                                        },
                                        "title": "Disabled loading url files",
                                        "url": "https://github.com/files-community/Files/pull/662",
                                        "state": "MERGED",
                                        "number": 662,
                                        "__typename": "PullRequest"
                                    }
                                }
                            ]
                        }
                    },
                    {
                        "author": {
                            "login": "SOI7"
                        },
                        "title": "Several fields in Settings are cut in Italian localization",
                        "url": "https://github.com/files-community/Files/issues/650",
                        "state": "CLOSED",
                        "number": 650,
                        "timelineItems": {
                            "nodes": []
                        }
                    },
                    {
                        "author": {
                            "login": "R3voA3"
                        },
                        "title": "Visual suggestions for properties dialog",
                        "url": "https://github.com/files-community/Files/issues/647",
                        "state": "CLOSED",
                        "number": 647,
                        "timelineItems": {
                            "nodes": []
                        }
                    },
                    {
                        "author": {
                            "login": "Richard-HM"
                        },
                        "title": "In grid view, the icon of the first file is not displayed correctly",
                        "url": "https://github.com/files-community/Files/issues/641",
                        "state": "CLOSED",
                        "number": 641,
                        "timelineItems": {
                            "nodes": []
                        }
                    },
                    {
                        "author": {
                            "login": "Richard-HM"
                        },
                        "title": "Add string for \"New tab\" that appears in path",
                        "url": "https://github.com/files-community/Files/issues/637",
                        "state": "CLOSED",
                        "number": 637,
                        "timelineItems": {
                            "nodes": [
                                {
                                    "source": {
                                        "author": {
                                            "login": "R3voA3"
                                        },
                                        "title": "New Tab in the adress bar is not localized",
                                        "url": "https://github.com/files-community/Files/issues/1206",
                                        "state": "CLOSED",
                                        "number": 1206,
                                        "__typename": "Issue"
                                    }
                                },
                                {
                                    "source": {
                                        "author": {
                                            "login": "yaira2"
                                        },
                                        "title": "Added string for \"New tab\" that appears in path",
                                        "url": "https://github.com/files-community/Files/pull/1239",
                                        "state": "MERGED",
                                        "number": 1239,
                                        "__typename": "PullRequest"
                                    }
                                }
                            ]
                        }
                    },
                    {
                        "author": {
                            "login": "jcardama"
                        },
                        "title": "Crashes when creating a folder or file with a restricted name",
                        "url": "https://github.com/files-community/Files/issues/630",
                        "state": "CLOSED",
                        "number": 630,
                        "timelineItems": {
                            "nodes": [
                                {
                                    "source": {
                                        "author": {
                                            "login": "tsvietOK"
                                        },
                                        "title": "Fix creating a folder or file with restricted names or characters",
                                        "url": "https://github.com/files-community/Files/pull/933",
                                        "state": "MERGED",
                                        "number": 933,
                                        "__typename": "PullRequest"
                                    }
                                }
                            ]
                        }
                    },
                    {
                        "author": {
                            "login": "yaira2"
                        },
                        "title": "The new sorting feature introduced with v0.7.6 crashes the app when navigating to a directory ",
                        "url": "https://github.com/files-community/Files/issues/601",
                        "state": "CLOSED",
                        "number": 601,
                        "timelineItems": {
                            "nodes": [
                                {
                                    "source": {
                                        "author": {
                                            "login": "jeffsieu"
                                        },
                                        "title": "Add Invert Selection, icons to status bar, fix folder navigation and remove space before .dll",
                                        "url": "https://github.com/files-community/Files/pull/604",
                                        "state": "MERGED",
                                        "number": 604,
                                        "__typename": "PullRequest"
                                    }
                                },
                                {
                                    "source": {
                                        "author": {
                                            "login": "Darhagonable"
                                        },
                                        "title": "Crashes when trying to open most folders",
                                        "url": "https://github.com/files-community/Files/issues/602",
                                        "state": "CLOSED",
                                        "number": 602,
                                        "__typename": "Issue"
                                    }
                                }
                            ]
                        }
                    },
                    {
                        "author": {
                            "login": "xtprion"
                        },
                        "title": "Custom documents / download folder not found",
                        "url": "https://github.com/files-community/Files/issues/585",
                        "state": "CLOSED",
                        "number": 585,
                        "timelineItems": {
                            "nodes": []
                        }
                    },
                    {
                        "author": {
                            "login": "BlaT2512"
                        },
                        "title": "Clicking OneDrive tab puts marker on Local Drive",
                        "url": "https://github.com/files-community/Files/issues/559",
                        "state": "CLOSED",
                        "number": 559,
                        "timelineItems": {
                            "nodes": [
                                {
                                    "source": {
                                        "author": {
                                            "login": "yaira2"
                                        },
                                        "title": "Fixed OneDrive selection in the sidebar",
                                        "url": "https://github.com/files-community/Files/pull/617",
                                        "state": "MERGED",
                                        "number": 617,
                                        "__typename": "PullRequest"
                                    }
                                },
                                {
                                    "source": {
                                        "author": {
                                            "login": "PeterStrick"
                                        },
                                        "title": "One Cosmetic Bug and One Feature Request",
                                        "url": "https://github.com/files-community/Files/issues/760",
                                        "state": "CLOSED",
                                        "number": 760,
                                        "__typename": "Issue"
                                    }
                                },
                                {
                                    "source": {
                                        "author": {
                                            "login": "tsvietOK"
                                        },
                                        "title": "Fixed OneDrive selection",
                                        "url": "https://github.com/files-community/Files/pull/816",
                                        "state": "MERGED",
                                        "number": 816,
                                        "__typename": "PullRequest"
                                    }
                                }
                            ]
                        }
                    },
                    {
                        "author": {
                            "login": "bhupathi189"
                        },
                        "title": "add colourful icons instead of monocolor icons",
                        "url": "https://github.com/files-community/Files/issues/545",
                        "state": "CLOSED",
                        "number": 545,
                        "timelineItems": {
                            "nodes": [
                                {
                                    "source": {
                                        "author": {
                                            "login": "Richard-HM"
                                        },
                                        "title": "Concept design V2 - Different icons and a few more things",
                                        "url": "https://github.com/files-community/Files/issues/552",
                                        "state": "CLOSED",
                                        "number": 552,
                                        "__typename": "Issue"
                                    }
                                }
                            ]
                        }
                    },
                    {
                        "author": {
                            "login": "gaviny82"
                        },
                        "title": "Delete file command is triggered when renaming files",
                        "url": "https://github.com/files-community/Files/issues/493",
                        "state": "CLOSED",
                        "number": 493,
                        "timelineItems": {
                            "nodes": []
                        }
                    },
                    {
                        "author": null,
                        "title": "Usage in Windows 8",
                        "url": "https://github.com/files-community/Files/issues/477",
                        "state": "CLOSED",
                        "number": 477,
                        "timelineItems": {
                            "nodes": []
                        }
                    },
                    {
                        "author": {
                            "login": "Uxusk1"
                        },
                        "title": "Application does not launch at all! HELP",
                        "url": "https://github.com/files-community/Files/issues/476",
                        "state": "CLOSED",
                        "number": 476,
                        "timelineItems": {
                            "nodes": []
                        }
                    },
                    {
                        "author": {
                            "login": "carmellolb"
                        },
                        "title": "Add more leading (vertical line space) between items on the sidebar",
                        "url": "https://github.com/files-community/Files/issues/467",
                        "state": "CLOSED",
                        "number": 467,
                        "timelineItems": {
                            "nodes": []
                        }
                    },
                    {
                        "author": {
                            "login": "leyheart"
                        },
                        "title": "Crash when quickly moving between folders",
                        "url": "https://github.com/files-community/Files/issues/454",
                        "state": "CLOSED",
                        "number": 454,
                        "timelineItems": {
                            "nodes": []
                        }
                    },
                    {
                        "author": {
                            "login": "szaimen"
                        },
                        "title": "Right-clicking on an item in the favorites-bar crashes the app",
                        "url": "https://github.com/files-community/Files/issues/439",
                        "state": "CLOSED",
                        "number": 439,
                        "timelineItems": {
                            "nodes": []
                        }
                    },
                    {
                        "author": null,
                        "title": "Right click on favorites causes Files UWP to crash",
                        "url": "https://github.com/files-community/Files/issues/429",
                        "state": "CLOSED",
                        "number": 429,
                        "timelineItems": {
                            "nodes": [
                                {
                                    "source": {
                                        "author": {
                                            "login": "szaimen"
                                        },
                                        "title": "Right-clicking on an item in the favorites-bar crashes the app",
                                        "url": "https://github.com/files-community/Files/issues/439",
                                        "state": "CLOSED",
                                        "number": 439,
                                        "__typename": "Issue"
                                    }
                                }
                            ]
                        }
                    },
                    {
                        "author": {
                            "login": "amellini"
                        },
                        "title": "Direct delete without recicle bin",
                        "url": "https://github.com/files-community/Files/issues/420",
                        "state": "CLOSED",
                        "number": 420,
                        "timelineItems": {
                            "nodes": []
                        }
                    },
                    {
                        "author": {
                            "login": "moutasem1989"
                        },
                        "title": "Adding links to Desktop",
                        "url": "https://github.com/files-community/Files/issues/405",
                        "state": "CLOSED",
                        "number": 405,
                        "timelineItems": {
                            "nodes": []
                        }
                    },
                    {
                        "author": {
                            "login": "3rikk"
                        },
                        "title": "[Not Urgent] Native support for zip files",
                        "url": "https://github.com/files-community/Files/issues/403",
                        "state": "CLOSED",
                        "number": 403,
                        "timelineItems": {
                            "nodes": []
                        }
                    },
                    {
                        "author": {
                            "login": "R3voA3"
                        },
                        "title": "Remove separator from Settings.xml",
                        "url": "https://github.com/files-community/Files/issues/390",
                        "state": "CLOSED",
                        "number": 390,
                        "timelineItems": {
                            "nodes": []
                        }
                    },
                    {
                        "author": {
                            "login": "SOI7"
                        },
                        "title": "[Not urgent] Include instructions for building from source here on GitHub",
                        "url": "https://github.com/files-community/Files/issues/385",
                        "state": "CLOSED",
                        "number": 385,
                        "timelineItems": {
                            "nodes": []
                        }
                    },
                    {
                        "author": {
                            "login": "Shomnipotence"
                        },
                        "title": "Could this app add support for Chinese? I will be able to help translate it",
                        "url": "https://github.com/files-community/Files/issues/369",
                        "state": "CLOSED",
                        "number": 369,
                        "timelineItems": {
                            "nodes": []
                        }
                    },
                    {
                        "author": null,
                        "title": "[Opinion][Feature request] Keyboard navigation",
                        "url": "https://github.com/files-community/Files/issues/367",
                        "state": "CLOSED",
                        "number": 367,
                        "timelineItems": {
                            "nodes": []
                        }
                    },
                    {
                        "author": {
                            "login": "KianoJ"
                        },
                        "title": "OneDrive not found with custom location",
                        "url": "https://github.com/files-community/Files/issues/345",
                        "state": "CLOSED",
                        "number": 345,
                        "timelineItems": {
                            "nodes": []
                        }
                    }
                ]
            }
        }
    }
}