{
    "data": {
        "repository": {
            "issues": {
                "pageInfo": {
                    "endCursor": "Y3Vyc29yOnYyOpIDzi84SiE="
                },
                "nodes": [
                    {
                        "author": {
                            "login": "MRZ07"
                        },
                        "title": "Support for Path Environments",
                        "url": "https://github.com/files-community/Files/issues/4447",
                        "state": "CLOSED",
                        "number": 4447,
                        "timelineItems": {
                            "nodes": []
                        }
                    },
                    {
                        "author": {
                            "login": "winston-de"
                        },
                        "title": "Feature: Add option to sort by date taken",
                        "url": "https://github.com/files-community/Files/issues/4432",
                        "state": "CLOSED",
                        "number": 4432,
                        "timelineItems": {
                            "nodes": [
                                {
                                    "source": {
                                        "author": {
                                            "login": "winston-de"
                                        },
                                        "title": "Feature: Photos view layout mode",
                                        "url": "https://github.com/files-community/Files/issues/5058",
                                        "state": "OPEN",
                                        "number": 5058,
                                        "__typename": "Issue"
                                    }
                                },
                                {
                                    "source": {
                                        "author": {
                                            "login": "jouyhouy"
                                        },
                                        "title": "Consider Adding Sort By Time Taken for Images",
                                        "url": "https://github.com/files-community/Files/issues/13461",
                                        "state": "CLOSED",
                                        "number": 13461,
                                        "__typename": "Issue"
                                    }
                                },
                                {
                                    "source": {
                                        "author": {
                                            "login": "koppor"
                                        },
                                        "title": "Feature: Group by Day",
                                        "url": "https://github.com/files-community/Files/issues/14249",
                                        "state": "CLOSED",
                                        "number": 14249,
                                        "__typename": "Issue"
                                    }
                                }
                            ]
                        }
                    },
                    {
                        "author": {
                            "login": "DHCross"
                        },
                        "title": "I'd love to see Quick Access in this app",
                        "url": "https://github.com/files-community/Files/issues/4415",
                        "state": "CLOSED",
                        "number": 4415,
                        "timelineItems": {
                            "nodes": []
                        }
                    },
                    {
                        "author": {
                            "login": "lettucemarcvel"
                        },
                        "title": "Create a new file does not create the correct extension file.",
                        "url": "https://github.com/files-community/Files/issues/4410",
                        "state": "CLOSED",
                        "number": 4410,
                        "timelineItems": {
                            "nodes": []
                        }
                    },
                    {
                        "author": {
                            "login": "SiRo24"
                        },
                        "title": "File counter",
                        "url": "https://github.com/files-community/Files/issues/4408",
                        "state": "CLOSED",
                        "number": 4408,
                        "timelineItems": {
                            "nodes": []
                        }
                    },
                    {
                        "author": {
                            "login": "olnor18"
                        },
                        "title": "7zip fails when dragging a file/folder into a folder opened in Files",
                        "url": "https://github.com/files-community/Files/issues/4363",
                        "state": "CLOSED",
                        "number": 4363,
                        "timelineItems": {
                            "nodes": [
                                {
                                    "source": {
                                        "author": {
                                            "login": "gave92"
                                        },
                                        "title": "Improve drag&drop",
                                        "url": "https://github.com/files-community/Files/pull/5273",
                                        "state": "MERGED",
                                        "number": 5273,
                                        "__typename": "PullRequest"
                                    }
                                }
                            ]
                        }
                    },
                    {
                        "author": {
                            "login": "Harfenklang"
                        },
                        "title": "Hi, how is it possible to add folders to Libraries?",
                        "url": "https://github.com/files-community/Files/issues/4357",
                        "state": "CLOSED",
                        "number": 4357,
                        "timelineItems": {
                            "nodes": []
                        }
                    },
                    {
                        "author": {
                            "login": "Tropix126"
                        },
                        "title": "[UI] Scrollbar visible on settings button when sidebar is collapsed.",
                        "url": "https://github.com/files-community/Files/issues/4347",
                        "state": "CLOSED",
                        "number": 4347,
                        "timelineItems": {
                            "nodes": []
                        }
                    },
                    {
                        "author": {
                            "login": "winston-de"
                        },
                        "title": "Folders pinned to Start have a gray background",
                        "url": "https://github.com/files-community/Files/issues/4334",
                        "state": "CLOSED",
                        "number": 4334,
                        "timelineItems": {
                            "nodes": [
                                {
                                    "source": {
                                        "author": {
                                            "login": "Harfenklang"
                                        },
                                        "title": "Hi, how is it possible to add folders to Libraries?",
                                        "url": "https://github.com/files-community/Files/issues/4357",
                                        "state": "CLOSED",
                                        "number": 4357,
                                        "__typename": "Issue"
                                    }
                                },
                                {
                                    "source": {
                                        "author": {
                                            "login": "winston-de"
                                        },
                                        "title": "Darken secondary Start tile assets a little bit",
                                        "url": "https://github.com/files-community/Files/pull/4480",
                                        "state": "MERGED",
                                        "number": 4480,
                                        "__typename": "PullRequest"
                                    }
                                }
                            ]
                        }
                    },
                    {
                        "author": {
                            "login": "stanleyowen"
                        },
                        "title": "App Crashes After Deleting Multiple Files",
                        "url": "https://github.com/files-community/Files/issues/4316",
                        "state": "CLOSED",
                        "number": 4316,
                        "timelineItems": {
                            "nodes": [
                                {
                                    "source": {
                                        "author": {
                                            "login": "R3voA3"
                                        },
                                        "title": "App crashed when emptying recycle bin",
                                        "url": "https://github.com/files-community/Files/issues/3493",
                                        "state": "CLOSED",
                                        "number": 3493,
                                        "__typename": "Issue"
                                    }
                                },
                                {
                                    "source": {
                                        "author": {
                                            "login": "karthikeya-Git"
                                        },
                                        "title": "Cannot delete multiple files selected using \"SHIFT\" key",
                                        "url": "https://github.com/files-community/Files/issues/4735",
                                        "state": "CLOSED",
                                        "number": 4735,
                                        "__typename": "Issue"
                                    }
                                }
                            ]
                        }
                    },
                    {
                        "author": {
                            "login": "d-Rickyy-b"
                        },
                        "title": "Directories such as \"Downloads\" and \"Desktop\" not loading - Pipe is broken IOException",
                        "url": "https://github.com/files-community/Files/issues/4310",
                        "state": "CLOSED",
                        "number": 4310,
                        "timelineItems": {
                            "nodes": []
                        }
                    },
                    {
                        "author": {
                            "login": "d-Rickyy-b"
                        },
                        "title": "Homepage and License links to QuickLook",
                        "url": "https://github.com/files-community/Files/issues/4309",
                        "state": "CLOSED",
                        "number": 4309,
                        "timelineItems": {
                            "nodes": []
                        }
                    },
                    {
                        "author": {
                            "login": "Archeol"
                        },
                        "title": "There is no \"Microsoft\" folder",
                        "url": "https://github.com/files-community/Files/issues/4305",
                        "state": "CLOSED",
                        "number": 4305,
                        "timelineItems": {
                            "nodes": []
                        }
                    },
                    {
                        "author": {
                            "login": "oOII-J4HN-IIOo"
                        },
                        "title": "Crashing while Using OneDrive Folder",
                        "url": "https://github.com/files-community/Files/issues/4269",
                        "state": "CLOSED",
                        "number": 4269,
                        "timelineItems": {
                            "nodes": [
                                {
                                    "source": {
                                        "author": {
                                            "login": "RGarrido03"
                                        },
                                        "title": "Cloud drives (OneDrive) makes Files crash",
                                        "url": "https://github.com/files-community/Files/issues/4258",
                                        "state": "CLOSED",
                                        "number": 4258,
                                        "__typename": "Issue"
                                    }
                                }
                            ]
                        }
                    },
                    {
                        "author": {
                            "login": "oOII-J4HN-IIOo"
                        },
                        "title": "Navigation by Scrolling?",
                        "url": "https://github.com/files-community/Files/issues/4267",
                        "state": "CLOSED",
                        "number": 4267,
                        "timelineItems": {
                            "nodes": []
                        }
                    },
                    {
                        "author": {
                            "login": "RGarrido03"
                        },
                        "title": "Cloud drives (OneDrive) makes Files crash",
                        "url": "https://github.com/files-community/Files/issues/4258",
                        "state": "CLOSED",
                        "number": 4258,
                        "timelineItems": {
                            "nodes": []
                        }
                    },
                    {
                        "author": {
                            "login": "TheChief44"
                        },
                        "title": "Files v 1.3.0.0 - Windows 10 Pro; OS build 19042.870-internal SSDs C & E, DVD drive D not displayed; only external backup drives F & G visible.",
                        "url": "https://github.com/files-community/Files/issues/4254",
                        "state": "CLOSED",
                        "number": 4254,
                        "timelineItems": {
                            "nodes": []
                        }
                    },
                    {
                        "author": {
                            "login": "nt4f04uNd"
                        },
                        "title": "allow drag and drop from explorer",
                        "url": "https://github.com/files-community/Files/issues/4253",
                        "state": "CLOSED",
                        "number": 4253,
                        "timelineItems": {
                            "nodes": [
                                {
                                    "source": {
                                        "author": {
                                            "login": "nt4f04uNd"
                                        },
                                        "title": "drag and drop label artifacts",
                                        "url": "https://github.com/files-community/Files/issues/4256",
                                        "state": "CLOSED",
                                        "number": 4256,
                                        "__typename": "Issue"
                                    }
                                }
                            ]
                        }
                    },
                    {
                        "author": {
                            "login": "SiRo24"
                        },
                        "title": "Open items from the sidebar in a new tab by clicking on the mouse wheel",
                        "url": "https://github.com/files-community/Files/issues/4241",
                        "state": "CLOSED",
                        "number": 4241,
                        "timelineItems": {
                            "nodes": [
                                {
                                    "source": {
                                        "author": {
                                            "login": "cinqmilleans"
                                        },
                                        "title": "Action New Tab always available",
                                        "url": "https://github.com/files-community/Files/issues/4510",
                                        "state": "CLOSED",
                                        "number": 4510,
                                        "__typename": "Issue"
                                    }
                                }
                            ]
                        }
                    },
                    {
                        "author": {
                            "login": "generalguy41"
                        },
                        "title": "Crash when changing layout views",
                        "url": "https://github.com/files-community/Files/issues/4239",
                        "state": "CLOSED",
                        "number": 4239,
                        "timelineItems": {
                            "nodes": []
                        }
                    },
                    {
                        "author": {
                            "login": "crashmit"
                        },
                        "title": "Issues with Google Drive through Google Drive FS",
                        "url": "https://github.com/files-community/Files/issues/4238",
                        "state": "CLOSED",
                        "number": 4238,
                        "timelineItems": {
                            "nodes": []
                        }
                    },
                    {
                        "author": {
                            "login": "kimlimjustin"
                        },
                        "title": "Files keep showing previous files and folders inside a drive when it is unplugged or access denied.",
                        "url": "https://github.com/files-community/Files/issues/4235",
                        "state": "CLOSED",
                        "number": 4235,
                        "timelineItems": {
                            "nodes": []
                        }
                    },
                    {
                        "author": {
                            "login": "Josh65-2201"
                        },
                        "title": "Open file location doesn't show path properly.",
                        "url": "https://github.com/files-community/Files/issues/4225",
                        "state": "CLOSED",
                        "number": 4225,
                        "timelineItems": {
                            "nodes": []
                        }
                    },
                    {
                        "author": {
                            "login": "harismuntazir"
                        },
                        "title": "This PC icon from desktop should open Files App.",
                        "url": "https://github.com/files-community/Files/issues/4223",
                        "state": "CLOSED",
                        "number": 4223,
                        "timelineItems": {
                            "nodes": []
                        }
                    },
                    {
                        "author": {
                            "login": "DaveUnicorn"
                        },
                        "title": "Refresh?",
                        "url": "https://github.com/files-community/Files/issues/4197",
                        "state": "CLOSED",
                        "number": 4197,
                        "timelineItems": {
                            "nodes": []
                        }
                    },
                    {
                        "author": {
                            "login": "pklion"
                        },
                        "title": "Make Files to the resident program",
                        "url": "https://github.com/files-community/Files/issues/4170",
                        "state": "CLOSED",
                        "number": 4170,
                        "timelineItems": {
                            "nodes": []
                        }
                    },
                    {
                        "author": {
                            "login": "michaelkremenetsky"
                        },
                        "title": "Paste doesn't work",
                        "url": "https://github.com/files-community/Files/issues/4165",
                        "state": "CLOSED",
                        "number": 4165,
                        "timelineItems": {
                            "nodes": []
                        }
                    },
                    {
                        "author": {
                            "login": "Josh65-2201"
                        },
                        "title": "Side bar doesn't update when devices are unplugged",
                        "url": "https://github.com/files-community/Files/issues/4152",
                        "state": "CLOSED",
                        "number": 4152,
                        "timelineItems": {
                            "nodes": [
                                {
                                    "source": {
                                        "author": {
                                            "login": "gave92"
                                        },
                                        "title": "Fixes an issue for which drives are not removed from sidebar when disconnected",
                                        "url": "https://github.com/files-community/Files/pull/4192",
                                        "state": "MERGED",
                                        "number": 4192,
                                        "__typename": "PullRequest"
                                    }
                                }
                            ]
                        }
                    },
                    {
                        "author": {
                            "login": "Bunter221"
                        },
                        "title": "This program doesnt read the files and directories",
                        "url": "https://github.com/files-community/Files/issues/4150",
                        "state": "CLOSED",
                        "number": 4150,
                        "timelineItems": {
                            "nodes": []
                        }
                    },
                    {
                        "author": {
                            "login": "Josh65-2201"
                        },
                        "title": "Internet shortcuts and UAC",
                        "url": "https://github.com/files-community/Files/issues/4114",
                        "state": "CLOSED",
                        "number": 4114,
                        "timelineItems": {
                            "nodes": [
                                {
                                    "source": {
                                        "author": {
                                            "login": "gave92"
                                        },
                                        "title": "Fixes an issue for which the UAC prompt was shown when opening .url shortcuts",
                                        "url": "https://github.com/files-community/Files/pull/4202",
                                        "state": "MERGED",
                                        "number": 4202,
                                        "__typename": "PullRequest"
                                    }
                                }
                            ]
                        }
                    },
                    {
                        "author": {
                            "login": "SiRo24"
                        },
                        "title": "Save As replaced by Files",
                        "url": "https://github.com/files-community/Files/issues/4106",
                        "state": "CLOSED",
                        "number": 4106,
                        "timelineItems": {
                            "nodes": [
                                {
                                    "source": {
                                        "author": {
                                            "login": "JamesIslan"
                                        },
                                        "title": "Add a pop-up explorer mode for Files",
                                        "url": "https://github.com/files-community/Files/issues/4469",
                                        "state": "CLOSED",
                                        "number": 4469,
                                        "__typename": "Issue"
                                    }
                                },
                                {
                                    "source": {
                                        "author": {
                                            "login": "aayushyap89"
                                        },
                                        "title": "Choose Files",
                                        "url": "https://github.com/files-community/Files/issues/4675",
                                        "state": "CLOSED",
                                        "number": 4675,
                                        "__typename": "Issue"
                                    }
                                },
                                {
                                    "source": {
                                        "author": null,
                                        "title": "full files overule not working",
                                        "url": "https://github.com/files-community/Files/issues/6093",
                                        "state": "CLOSED",
                                        "number": 6093,
                                        "__typename": "Issue"
                                    }
                                }
                            ]
                        }
                    },
                    {
                        "author": {
                            "login": "R3voA3"
                        },
                        "title": "\"Close tabs to the right\" is shown even when there is only one tab opened",
                        "url": "https://github.com/files-community/Files/issues/4062",
                        "state": "CLOSED",
                        "number": 4062,
                        "timelineItems": {
                            "nodes": [
                                {
                                    "source": {
                                        "author": {
                                            "login": "gave92"
                                        },
                                        "title": "Fixes an issue for which \"close tab to the right\" was sometimes improperly enabled ",
                                        "url": "https://github.com/files-community/Files/pull/4198",
                                        "state": "MERGED",
                                        "number": 4198,
                                        "__typename": "PullRequest"
                                    }
                                }
                            ]
                        }
                    },
                    {
                        "author": {
                            "login": "R3voA3"
                        },
                        "title": "Add a new issue template for crashes",
                        "url": "https://github.com/files-community/Files/issues/4045",
                        "state": "CLOSED",
                        "number": 4045,
                        "timelineItems": {
                            "nodes": []
                        }
                    },
                    {
                        "author": {
                            "login": "ellipticview"
                        },
                        "title": "Navigate to another folder very slow: 1-4 seconds",
                        "url": "https://github.com/files-community/Files/issues/4037",
                        "state": "CLOSED",
                        "number": 4037,
                        "timelineItems": {
                            "nodes": [
                                {
                                    "source": {
                                        "author": {
                                            "login": "gave92"
                                        },
                                        "title": "Improve folder enumeration speed",
                                        "url": "https://github.com/files-community/Files/pull/4199",
                                        "state": "MERGED",
                                        "number": 4199,
                                        "__typename": "PullRequest"
                                    }
                                }
                            ]
                        }
                    },
                    {
                        "author": {
                            "login": "aolko"
                        },
                        "title": "Allow to change bundle size and view",
                        "url": "https://github.com/files-community/Files/issues/3997",
                        "state": "CLOSED",
                        "number": 3997,
                        "timelineItems": {
                            "nodes": []
                        }
                    },
                    {
                        "author": {
                            "login": "SamuraisEpic"
                        },
                        "title": "Double Clicking OR Open options in the context menu don't work for any file",
                        "url": "https://github.com/files-community/Files/issues/3957",
                        "state": "CLOSED",
                        "number": 3957,
                        "timelineItems": {
                            "nodes": []
                        }
                    },
                    {
                        "author": {
                            "login": "R3voA3"
                        },
                        "title": "Hide recent files widget if there are no recent files",
                        "url": "https://github.com/files-community/Files/issues/3950",
                        "state": "CLOSED",
                        "number": 3950,
                        "timelineItems": {
                            "nodes": []
                        }
                    },
                    {
                        "author": {
                            "login": "jacobc94"
                        },
                        "title": "Side bar options are limited",
                        "url": "https://github.com/files-community/Files/issues/3945",
                        "state": "CLOSED",
                        "number": 3945,
                        "timelineItems": {
                            "nodes": [
                                {
                                    "source": {
                                        "author": {
                                            "login": "R3voA3"
                                        },
                                        "title": "Side bar suggestions",
                                        "url": "https://github.com/files-community/Files/issues/3948",
                                        "state": "CLOSED",
                                        "number": 3948,
                                        "__typename": "Issue"
                                    }
                                }
                            ]
                        }
                    },
                    {
                        "author": {
                            "login": "Josh65-2201"
                        },
                        "title": "Cant drag and drop multiple files into 7zip UI",
                        "url": "https://github.com/files-community/Files/issues/3937",
                        "state": "CLOSED",
                        "number": 3937,
                        "timelineItems": {
                            "nodes": []
                        }
                    },
                    {
                        "author": {
                            "login": "marcerickson"
                        },
                        "title": "More columns in Details view please",
                        "url": "https://github.com/files-community/Files/issues/3927",
                        "state": "CLOSED",
                        "number": 3927,
                        "timelineItems": {
                            "nodes": [
                                {
                                    "source": {
                                        "author": {
                                            "login": "BertrandLan"
                                        },
                                        "title": "Sorting capillities missing",
                                        "url": "https://github.com/files-community/Files/issues/6747",
                                        "state": "CLOSED",
                                        "number": 6747,
                                        "__typename": "Issue"
                                    }
                                },
                                {
                                    "source": {
                                        "author": {
                                            "login": "SaajidAtVX7"
                                        },
                                        "title": "File sorting options",
                                        "url": "https://github.com/files-community/Files/issues/8615",
                                        "state": "CLOSED",
                                        "number": 8615,
                                        "__typename": "Issue"
                                    }
                                },
                                {
                                    "source": {
                                        "author": {
                                            "login": "Hypersoby"
                                        },
                                        "title": "[Suggestion] Files Sort by ... [New Option ?] ",
                                        "url": "https://github.com/files-community/Files/issues/9100",
                                        "state": "CLOSED",
                                        "number": 9100,
                                        "__typename": "Issue"
                                    }
                                }
                            ]
                        }
                    },
                    {
                        "author": {
                            "login": "tgrelka"
                        },
                        "title": "Copying to same folder should automatically rename",
                        "url": "https://github.com/files-community/Files/issues/3900",
                        "state": "CLOSED",
                        "number": 3900,
                        "timelineItems": {
                            "nodes": [
                                {
                                    "source": {
                                        "author": {
                                            "login": "kimlimjustin"
                                        },
                                        "title": "Automatically generate a new name for copied folder/file if copying from the same directory",
                                        "url": "https://github.com/files-community/Files/issues/4435",
                                        "state": "CLOSED",
                                        "number": 4435,
                                        "__typename": "Issue"
                                    }
                                },
                                {
                                    "source": {
                                        "author": {
                                            "login": "pklion"
                                        },
                                        "title": "Auto renaming when copying & pasting in the same directory",
                                        "url": "https://github.com/files-community/Files/issues/4597",
                                        "state": "CLOSED",
                                        "number": 4597,
                                        "__typename": "Issue"
                                    }
                                },
                                {
                                    "source": {
                                        "author": {
                                            "login": "yaira2"
                                        },
                                        "title": "Conflict dialog doesn't open",
                                        "url": "https://github.com/files-community/Files/issues/8265",
                                        "state": "CLOSED",
                                        "number": 8265,
                                        "__typename": "Issue"
                                    }
                                }
                            ]
                        }
                    },
                    {
                        "author": {
                            "login": "tgrelka"
                        },
                        "title": "Redesign Overflow Menu for Action Bar",
                        "url": "https://github.com/files-community/Files/issues/3883",
                        "state": "CLOSED",
                        "number": 3883,
                        "timelineItems": {
                            "nodes": [
                                {
                                    "source": {
                                        "author": {
                                            "login": "mrcoder991"
                                        },
                                        "title": "add actions somewhere depending upon contents of folder",
                                        "url": "https://github.com/files-community/Files/issues/3265",
                                        "state": "CLOSED",
                                        "number": 3265,
                                        "__typename": "Issue"
                                    }
                                },
                                {
                                    "source": {
                                        "author": {
                                            "login": "lp-001"
                                        },
                                        "title": "Custom Action Buttons Next to Directory Controls",
                                        "url": "https://github.com/files-community/Files/issues/2922",
                                        "state": "CLOSED",
                                        "number": 2922,
                                        "__typename": "Issue"
                                    }
                                }
                            ]
                        }
                    },
                    {
                        "author": {
                            "login": "yaira2"
                        },
                        "title": "Enhancement: Improving the library section on the sidebar",
                        "url": "https://github.com/files-community/Files/issues/3869",
                        "state": "CLOSED",
                        "number": 3869,
                        "timelineItems": {
                            "nodes": [
                                {
                                    "source": {
                                        "author": {
                                            "login": "oleitao"
                                        },
                                        "title": "Added library section to the sidebar",
                                        "url": "https://github.com/files-community/Files/pull/3761",
                                        "state": "MERGED",
                                        "number": 3761,
                                        "__typename": "PullRequest"
                                    }
                                },
                                {
                                    "source": {
                                        "author": {
                                            "login": "Richard-HM"
                                        },
                                        "title": "Libraries are not displayed in the system language",
                                        "url": "https://github.com/files-community/Files/issues/3875",
                                        "state": "CLOSED",
                                        "number": 3875,
                                        "__typename": "Issue"
                                    }
                                },
                                {
                                    "source": {
                                        "author": {
                                            "login": "yaira2"
                                        },
                                        "title": "Library items now display in the correct language",
                                        "url": "https://github.com/files-community/Files/pull/3881",
                                        "state": "MERGED",
                                        "number": 3881,
                                        "__typename": "PullRequest"
                                    }
                                },
                                {
                                    "source": {
                                        "author": {
                                            "login": "nvi9"
                                        },
                                        "title": "Favorites and Libraries section headers are selectable",
                                        "url": "https://github.com/files-community/Files/issues/3885",
                                        "state": "CLOSED",
                                        "number": 3885,
                                        "__typename": "Issue"
                                    }
                                },
                                {
                                    "source": {
                                        "author": {
                                            "login": "gave92"
                                        },
                                        "title": "Restore saving pinned folders",
                                        "url": "https://github.com/files-community/Files/pull/3910",
                                        "state": "MERGED",
                                        "number": 3910,
                                        "__typename": "PullRequest"
                                    }
                                },
                                {
                                    "source": {
                                        "author": {
                                            "login": "oleitao"
                                        },
                                        "title": "Automatically update the library section after toggling the setting",
                                        "url": "https://github.com/files-community/Files/pull/3892",
                                        "state": "MERGED",
                                        "number": 3892,
                                        "__typename": "PullRequest"
                                    }
                                },
                                {
                                    "source": {
                                        "author": {
                                            "login": "yaira2"
                                        },
                                        "title": "Removed desktop path from the library section",
                                        "url": "https://github.com/files-community/Files/pull/4086",
                                        "state": "MERGED",
                                        "number": 4086,
                                        "__typename": "PullRequest"
                                    }
                                }
                            ]
                        }
                    },
                    {
                        "author": {
                            "login": "winston-de"
                        },
                        "title": "[Feature request] Change launch handling to allow opening in new tabs instead of new instances for different launch types",
                        "url": "https://github.com/files-community/Files/issues/3852",
                        "state": "CLOSED",
                        "number": 3852,
                        "timelineItems": {
                            "nodes": [
                                {
                                    "source": {
                                        "author": {
                                            "login": "winston-de"
                                        },
                                        "title": "Change windowing/tab behavior when launching Files though different methods",
                                        "url": "https://github.com/files-community/Files/pull/3854",
                                        "state": "MERGED",
                                        "number": 3854,
                                        "__typename": "PullRequest"
                                    }
                                },
                                {
                                    "source": {
                                        "author": {
                                            "login": "SiRo24"
                                        },
                                        "title": "Open in new tab",
                                        "url": "https://github.com/files-community/Files/issues/4108",
                                        "state": "CLOSED",
                                        "number": 4108,
                                        "__typename": "Issue"
                                    }
                                }
                            ]
                        }
                    },
                    {
                        "author": {
                            "login": "mlagardenhose"
                        },
                        "title": "Collapse sidebar headings",
                        "url": "https://github.com/files-community/Files/issues/3846",
                        "state": "CLOSED",
                        "number": 3846,
                        "timelineItems": {
                            "nodes": []
                        }
                    },
                    {
                        "author": {
                            "login": "CRH380AM0204"
                        },
                        "title": "Every time I open a folder with a lot of content, or a folder that takes up a lot of space, the software suddenly freezes and exits. ",
                        "url": "https://github.com/files-community/Files/issues/3844",
                        "state": "CLOSED",
                        "number": 3844,
                        "timelineItems": {
                            "nodes": [
                                {
                                    "source": {
                                        "author": {
                                            "login": "realsaaw"
                                        },
                                        "title": "files had a problem",
                                        "url": "https://github.com/files-community/Files/issues/3878",
                                        "state": "CLOSED",
                                        "number": 3878,
                                        "__typename": "Issue"
                                    }
                                }
                            ]
                        }
                    },
                    {
                        "author": {
                            "login": "R3voA3"
                        },
                        "title": "Crash when switching tabs [v1.3.5]",
                        "url": "https://github.com/files-community/Files/issues/3829",
                        "state": "CLOSED",
                        "number": 3829,
                        "timelineItems": {
                            "nodes": []
                        }
                    },
                    {
                        "author": {
                            "login": "sansuijiuhenku"
                        },
                        "title": "Sidebar path",
                        "url": "https://github.com/files-community/Files/issues/3812",
                        "state": "CLOSED",
                        "number": 3812,
                        "timelineItems": {
                            "nodes": []
                        }
                    },
                    {
                        "author": {
                            "login": "sansuijiuhenku"
                        },
                        "title": "Copying files between any two folders is invalid and nothing happens",
                        "url": "https://github.com/files-community/Files/issues/3811",
                        "state": "CLOSED",
                        "number": 3811,
                        "timelineItems": {
                            "nodes": []
                        }
                    },
                    {
                        "author": {
                            "login": "iamhashimov"
                        },
                        "title": "deleting bug",
                        "url": "https://github.com/files-community/Files/issues/3788",
                        "state": "CLOSED",
                        "number": 3788,
                        "timelineItems": {
                            "nodes": []
                        }
                    },
                    {
                        "author": {
                            "login": "sguergachi"
                        },
                        "title": "App should automatically upload crash logs",
                        "url": "https://github.com/files-community/Files/issues/3762",
                        "state": "CLOSED",
                        "number": 3762,
                        "timelineItems": {
                            "nodes": [
                                {
                                    "source": {
                                        "author": {
                                            "login": "dreaddr"
                                        },
                                        "title": "Random Crash",
                                        "url": "https://github.com/files-community/Files/issues/3747",
                                        "state": "CLOSED",
                                        "number": 3747,
                                        "__typename": "Issue"
                                    }
                                }
                            ]
                        }
                    },
                    {
                        "author": {
                            "login": "fjmr68"
                        },
                        "title": "Add CTRL+Click for openning sidebar locations in secondary pane.",
                        "url": "https://github.com/files-community/Files/issues/3739",
                        "state": "CLOSED",
                        "number": 3739,
                        "timelineItems": {
                            "nodes": []
                        }
                    },
                    {
                        "author": {
                            "login": "1keyjee1"
                        },
                        "title": "Shortcuts like delete don't work. Please fix the hotkeys, thank you very much for making this project free and open sourced!",
                        "url": "https://github.com/files-community/Files/issues/3726",
                        "state": "CLOSED",
                        "number": 3726,
                        "timelineItems": {
                            "nodes": []
                        }
                    },
                    {
                        "author": {
                            "login": "Motauer84"
                        },
                        "title": "Folder icon issue",
                        "url": "https://github.com/files-community/Files/issues/3721",
                        "state": "CLOSED",
                        "number": 3721,
                        "timelineItems": {
                            "nodes": []
                        }
                    },
                    {
                        "author": {
                            "login": "JaiganeshKumaran"
                        },
                        "title": "Suspend tab if not used for a long time",
                        "url": "https://github.com/files-community/Files/issues/3718",
                        "state": "CLOSED",
                        "number": 3718,
                        "timelineItems": {
                            "nodes": []
                        }
                    },
                    {
                        "author": {
                            "login": "benschlegel"
                        },
                        "title": "\"Free space\" indicator on drives doesnt show properly on startup",
                        "url": "https://github.com/files-community/Files/issues/3701",
                        "state": "CLOSED",
                        "number": 3701,
                        "timelineItems": {
                            "nodes": [
                                {
                                    "source": {
                                        "author": {
                                            "login": "Fantazyjny"
                                        },
                                        "title": "Progressbar of disks space isn't showing.",
                                        "url": "https://github.com/files-community/Files/issues/4022",
                                        "state": "CLOSED",
                                        "number": 4022,
                                        "__typename": "Issue"
                                    }
                                },
                                {
                                    "source": {
                                        "author": {
                                            "login": "p0ryae"
                                        },
                                        "title": "Drives blue sidebar missing on Files Startup",
                                        "url": "https://github.com/files-community/Files/issues/4332",
                                        "state": "CLOSED",
                                        "number": 4332,
                                        "__typename": "Issue"
                                    }
                                },
                                {
                                    "source": {
                                        "author": {
                                            "login": "stanleyowen"
                                        },
                                        "title": "Disk Space Capacity Doesn't Being Previewed on the First Launch",
                                        "url": "https://github.com/files-community/Files/issues/4924",
                                        "state": "CLOSED",
                                        "number": 4924,
                                        "__typename": "Issue"
                                    }
                                }
                            ]
                        }
                    },
                    {
                        "author": {
                            "login": "bl-ue"
                        },
                        "title": "Files-1.3.Msixbundle asset missing on v1.3 GH release",
                        "url": "https://github.com/files-community/Files/issues/3700",
                        "state": "CLOSED",
                        "number": 3700,
                        "timelineItems": {
                            "nodes": []
                        }
                    },
                    {
                        "author": {
                            "login": "nullptr-deref"
                        },
                        "title": "Gaming services' links aren't rendered properly",
                        "url": "https://github.com/files-community/Files/issues/3695",
                        "state": "CLOSED",
                        "number": 3695,
                        "timelineItems": {
                            "nodes": [
                                {
                                    "source": {
                                        "author": {
                                            "login": "gave92"
                                        },
                                        "title": "Show icons for url files",
                                        "url": "https://github.com/files-community/Files/pull/3746",
                                        "state": "MERGED",
                                        "number": 3746,
                                        "__typename": "PullRequest"
                                    }
                                }
                            ]
                        }
                    },
                    {
                        "author": {
                            "login": "linds-codes"
                        },
                        "title": "Right clicking crashes the app",
                        "url": "https://github.com/files-community/Files/issues/3680",
                        "state": "CLOSED",
                        "number": 3680,
                        "timelineItems": {
                            "nodes": [
                                {
                                    "source": {
                                        "author": {
                                            "login": "gave92"
                                        },
                                        "title": "Fixes per version 1.3 (3)",
                                        "url": "https://github.com/files-community/Files/pull/3684",
                                        "state": "MERGED",
                                        "number": 3684,
                                        "__typename": "PullRequest"
                                    }
                                }
                            ]
                        }
                    },
                    {
                        "author": {
                            "login": "AisinGioroKiIoi"
                        },
                        "title": "Issue renaming files when \"open items with one click\" is enabled",
                        "url": "https://github.com/files-community/Files/issues/3660",
                        "state": "CLOSED",
                        "number": 3660,
                        "timelineItems": {
                            "nodes": [
                                {
                                    "source": {
                                        "author": {
                                            "login": "gave92"
                                        },
                                        "title": "Fixes for version 1.3 (2)",
                                        "url": "https://github.com/files-community/Files/pull/3669",
                                        "state": "MERGED",
                                        "number": 3669,
                                        "__typename": "PullRequest"
                                    }
                                }
                            ]
                        }
                    },
                    {
                        "author": {
                            "login": "Notatea"
                        },
                        "title": "[Bug report] - crashing on opening any folder",
                        "url": "https://github.com/files-community/Files/issues/3646",
                        "state": "CLOSED",
                        "number": 3646,
                        "timelineItems": {
                            "nodes": []
                        }
                    },
                    {
                        "author": {
                            "login": "R3voA3"
                        },
                        "title": "Add a \"Shortcut\" dialog",
                        "url": "https://github.com/files-community/Files/issues/3644",
                        "state": "CLOSED",
                        "number": 3644,
                        "timelineItems": {
                            "nodes": []
                        }
                    },
                    {
                        "author": {
                            "login": "sawa-ko"
                        },
                        "title": "I can't open my folder called \"Proyectos\"",
                        "url": "https://github.com/files-community/Files/issues/3629",
                        "state": "CLOSED",
                        "number": 3629,
                        "timelineItems": {
                            "nodes": []
                        }
                    },
                    {
                        "author": {
                            "login": "candrapersada"
                        },
                        "title": "How to automatically switch from Details view to Grid or Tiles view for Thumbnails view and why the filename is incomplete when using grid mode",
                        "url": "https://github.com/files-community/Files/issues/3616",
                        "state": "CLOSED",
                        "number": 3616,
                        "timelineItems": {
                            "nodes": []
                        }
                    },
                    {
                        "author": {
                            "login": "amda-phd"
                        },
                        "title": "External drives not supported",
                        "url": "https://github.com/files-community/Files/issues/3600",
                        "state": "CLOSED",
                        "number": 3600,
                        "timelineItems": {
                            "nodes": []
                        }
                    },
                    {
                        "author": {
                            "login": "osieltorres"
                        },
                        "title": "Home drives are not refreshed after disk size changes",
                        "url": "https://github.com/files-community/Files/issues/3593",
                        "state": "CLOSED",
                        "number": 3593,
                        "timelineItems": {
                            "nodes": []
                        }
                    },
                    {
                        "author": {
                            "login": "perplexityjeff"
                        },
                        "title": "Shared Printers",
                        "url": "https://github.com/files-community/Files/issues/3582",
                        "state": "CLOSED",
                        "number": 3582,
                        "timelineItems": {
                            "nodes": []
                        }
                    },
                    {
                        "author": {
                            "login": "SteveP757"
                        },
                        "title": "crash upon opening ",
                        "url": "https://github.com/files-community/Files/issues/3578",
                        "state": "CLOSED",
                        "number": 3578,
                        "timelineItems": {
                            "nodes": []
                        }
                    },
                    {
                        "author": {
                            "login": "LawMontagut"
                        },
                        "title": "\"Open Folder\" Bug",
                        "url": "https://github.com/files-community/Files/issues/3567",
                        "state": "CLOSED",
                        "number": 3567,
                        "timelineItems": {
                            "nodes": []
                        }
                    },
                    {
                        "author": {
                            "login": "JaiganeshKumaran"
                        },
                        "title": "Can't focus on any data grid item with keyboard navigation",
                        "url": "https://github.com/files-community/Files/issues/3557",
                        "state": "CLOSED",
                        "number": 3557,
                        "timelineItems": {
                            "nodes": []
                        }
                    },
                    {
                        "author": {
                            "login": "wheeljack73"
                        },
                        "title": "Application crashes on launch",
                        "url": "https://github.com/files-community/Files/issues/3554",
                        "state": "CLOSED",
                        "number": 3554,
                        "timelineItems": {
                            "nodes": [
                                {
                                    "source": {
                                        "author": {
                                            "login": "chengshuqiang"
                                        },
                                        "title": "App crashes at launch",
                                        "url": "https://github.com/files-community/Files/issues/3575",
                                        "state": "CLOSED",
                                        "number": 3575,
                                        "__typename": "Issue"
                                    }
                                }
                            ]
                        }
                    },
                    {
                        "author": {
                            "login": "R3voA3"
                        },
                        "title": "Crash when opening folder v1.2.2.0",
                        "url": "https://github.com/files-community/Files/issues/3546",
                        "state": "CLOSED",
                        "number": 3546,
                        "timelineItems": {
                            "nodes": [
                                {
                                    "source": {
                                        "author": {
                                            "login": "Salnikoff"
                                        },
                                        "title": "Crash when opening a folder on 1.2.2",
                                        "url": "https://github.com/files-community/Files/issues/3525",
                                        "state": "CLOSED",
                                        "number": 3525,
                                        "__typename": "Issue"
                                    }
                                }
                            ]
                        }
                    },
                    {
                        "author": {
                            "login": "R3voA3"
                        },
                        "title": "Creating Bundle: Dialog shows incorrect localisation",
                        "url": "https://github.com/files-community/Files/issues/3538",
                        "state": "CLOSED",
                        "number": 3538,
                        "timelineItems": {
                            "nodes": []
                        }
                    },
                    {
                        "author": {
                            "login": "nathanielcwm"
                        },
                        "title": "Cannot create new folders in hidden folders.",
                        "url": "https://github.com/files-community/Files/issues/3533",
                        "state": "CLOSED",
                        "number": 3533,
                        "timelineItems": {
                            "nodes": []
                        }
                    },
                    {
                        "author": {
                            "login": "Majockred"
                        },
                        "title": "新版Windows打开回收站闪退",
                        "url": "https://github.com/files-community/Files/issues/3528",
                        "state": "CLOSED",
                        "number": 3528,
                        "timelineItems": {
                            "nodes": []
                        }
                    },
                    {
                        "author": {
                            "login": "FrozenVertx"
                        },
                        "title": "Can't Mount Virtual Drive (Vhdx)",
                        "url": "https://github.com/files-community/Files/issues/3490",
                        "state": "CLOSED",
                        "number": 3490,
                        "timelineItems": {
                            "nodes": [
                                {
                                    "source": {
                                        "author": {
                                            "login": "Josh65-2201"
                                        },
                                        "title": "Error mounting Hyper-V drive",
                                        "url": "https://github.com/files-community/Files/issues/4529",
                                        "state": "CLOSED",
                                        "number": 4529,
                                        "__typename": "Issue"
                                    }
                                },
                                {
                                    "source": {
                                        "author": {
                                            "login": "gave92"
                                        },
                                        "title": "Fix vhd/vhdx disk mounting and unlocking bitlocker drives",
                                        "url": "https://github.com/files-community/Files/pull/5206",
                                        "state": "MERGED",
                                        "number": 5206,
                                        "__typename": "PullRequest"
                                    }
                                }
                            ]
                        }
                    },
                    {
                        "author": {
                            "login": "angel2973"
                        },
                        "title": "no inicia la aplicación",
                        "url": "https://github.com/files-community/Files/issues/3484",
                        "state": "CLOSED",
                        "number": 3484,
                        "timelineItems": {
                            "nodes": []
                        }
                    },
                    {
                        "author": {
                            "login": "pabloderen"
                        },
                        "title": "Erasing elements at c: drive level doesn't work",
                        "url": "https://github.com/files-community/Files/issues/3448",
                        "state": "CLOSED",
                        "number": 3448,
                        "timelineItems": {
                            "nodes": []
                        }
                    },
                    {
                        "author": {
                            "login": "R3voA3"
                        },
                        "title": "Opening a folder reloads the parent folder first",
                        "url": "https://github.com/files-community/Files/issues/3447",
                        "state": "CLOSED",
                        "number": 3447,
                        "timelineItems": {
                            "nodes": [
                                {
                                    "source": {
                                        "author": {
                                            "login": "gave92"
                                        },
                                        "title": "Enable cache mode for LayoutModes",
                                        "url": "https://github.com/files-community/Files/pull/3464",
                                        "state": "MERGED",
                                        "number": 3464,
                                        "__typename": "PullRequest"
                                    }
                                }
                            ]
                        }
                    },
                    {
                        "author": {
                            "login": "JaiganeshKumaran"
                        },
                        "title": "Preview pane should say no item selected when there's no selected item",
                        "url": "https://github.com/files-community/Files/issues/3446",
                        "state": "CLOSED",
                        "number": 3446,
                        "timelineItems": {
                            "nodes": [
                                {
                                    "source": {
                                        "author": {
                                            "login": "winston-de"
                                        },
                                        "title": "Preview pane improvements 2",
                                        "url": "https://github.com/files-community/Files/pull/3639",
                                        "state": "MERGED",
                                        "number": 3639,
                                        "__typename": "PullRequest"
                                    }
                                }
                            ]
                        }
                    },
                    {
                        "author": {
                            "login": "fthmko"
                        },
                        "title": "Can't launch on offline machine",
                        "url": "https://github.com/files-community/Files/issues/3428",
                        "state": "CLOSED",
                        "number": 3428,
                        "timelineItems": {
                            "nodes": []
                        }
                    },
                    {
                        "author": {
                            "login": "johan-perso"
                        },
                        "title": "3D Objects Folder",
                        "url": "https://github.com/files-community/Files/issues/3425",
                        "state": "CLOSED",
                        "number": 3425,
                        "timelineItems": {
                            "nodes": []
                        }
                    },
                    {
                        "author": {
                            "login": "catwithbanana"
                        },
                        "title": "Dragging and dropping file takes me to the destination folder",
                        "url": "https://github.com/files-community/Files/issues/3423",
                        "state": "CLOSED",
                        "number": 3423,
                        "timelineItems": {
                            "nodes": [
                                {
                                    "source": {
                                        "author": {
                                            "login": "gave92"
                                        },
                                        "title": "Fixes an issue for which folder changes after dropping an item",
                                        "url": "https://github.com/files-community/Files/pull/3468",
                                        "state": "MERGED",
                                        "number": 3468,
                                        "__typename": "PullRequest"
                                    }
                                }
                            ]
                        }
                    },
                    {
                        "author": {
                            "login": "onlycs"
                        },
                        "title": "Navigation Pane Dropdown (Like in original file explorer)",
                        "url": "https://github.com/files-community/Files/issues/3401",
                        "state": "CLOSED",
                        "number": 3401,
                        "timelineItems": {
                            "nodes": [
                                {
                                    "source": {
                                        "author": {
                                            "login": "ALHE3668"
                                        },
                                        "title": "Useless without treeview in leftmost column",
                                        "url": "https://github.com/files-community/Files/issues/4948",
                                        "state": "CLOSED",
                                        "number": 4948,
                                        "__typename": "Issue"
                                    }
                                }
                            ]
                        }
                    },
                    {
                        "author": {
                            "login": "oOII-J4HN-IIOo"
                        },
                        "title": "\"Item already exists...\" - which item?",
                        "url": "https://github.com/files-community/Files/issues/3395",
                        "state": "CLOSED",
                        "number": 3395,
                        "timelineItems": {
                            "nodes": [
                                {
                                    "source": {
                                        "author": {
                                            "login": "d2dyno1"
                                        },
                                        "title": "Added details for deleting, moving, copying items",
                                        "url": "https://github.com/files-community/Files/pull/4411",
                                        "state": "MERGED",
                                        "number": 4411,
                                        "__typename": "PullRequest"
                                    }
                                }
                            ]
                        }
                    },
                    {
                        "author": {
                            "login": "pklion"
                        },
                        "title": "Clicking desktop icons opens old explorer",
                        "url": "https://github.com/files-community/Files/issues/3376",
                        "state": "CLOSED",
                        "number": 3376,
                        "timelineItems": {
                            "nodes": []
                        }
                    },
                    {
                        "author": {
                            "login": "Nisgrak"
                        },
                        "title": "Show additional terminal options in sub menu when holding down shift key",
                        "url": "https://github.com/files-community/Files/issues/3370",
                        "state": "CLOSED",
                        "number": 3370,
                        "timelineItems": {
                            "nodes": []
                        }
                    },
                    {
                        "author": {
                            "login": "NamelessDev0000"
                        },
                        "title": "Start application with Win + E shortcut key.",
                        "url": "https://github.com/files-community/Files/issues/3364",
                        "state": "CLOSED",
                        "number": 3364,
                        "timelineItems": {
                            "nodes": []
                        }
                    },
                    {
                        "author": {
                            "login": "generalguy41"
                        },
                        "title": "Dragging images from browser saves them incorrectly",
                        "url": "https://github.com/files-community/Files/issues/3357",
                        "state": "CLOSED",
                        "number": 3357,
                        "timelineItems": {
                            "nodes": [
                                {
                                    "source": {
                                        "author": {
                                            "login": "Trinitek"
                                        },
                                        "title": "Feature: When dragging images from Firefox, use CF_HDROP",
                                        "url": "https://github.com/files-community/Files/issues/12784",
                                        "state": "CLOSED",
                                        "number": 12784,
                                        "__typename": "Issue"
                                    }
                                }
                            ]
                        }
                    },
                    {
                        "author": {
                            "login": "0x5bfa"
                        },
                        "title": "Feature: Disable splash screen on UWP",
                        "url": "https://github.com/files-community/Files/issues/3356",
                        "state": "CLOSED",
                        "number": 3356,
                        "timelineItems": {
                            "nodes": []
                        }
                    },
                    {
                        "author": {
                            "login": "egirlcatnip"
                        },
                        "title": "Crash at start-up",
                        "url": "https://github.com/files-community/Files/issues/3354",
                        "state": "CLOSED",
                        "number": 3354,
                        "timelineItems": {
                            "nodes": []
                        }
                    },
                    {
                        "author": {
                            "login": "DicksHalfwayInn"
                        },
                        "title": "Renaming files",
                        "url": "https://github.com/files-community/Files/issues/3353",
                        "state": "CLOSED",
                        "number": 3353,
                        "timelineItems": {
                            "nodes": []
                        }
                    },
                    {
                        "author": {
                            "login": "RohitBag"
                        },
                        "title": "The \"Date modified\" of all files and folders are showing wrong value.",
                        "url": "https://github.com/files-community/Files/issues/3345",
                        "state": "CLOSED",
                        "number": 3345,
                        "timelineItems": {
                            "nodes": [
                                {
                                    "source": {
                                        "author": {
                                            "login": "boscorelly"
                                        },
                                        "title": "Hours shown in UTC",
                                        "url": "https://github.com/files-community/Files/issues/3630",
                                        "state": "CLOSED",
                                        "number": 3630,
                                        "__typename": "Issue"
                                    }
                                },
                                {
                                    "source": {
                                        "author": {
                                            "login": "PMExtra"
                                        },
                                        "title": "Fixed an issue where the date would sometimes display the wrong time zone",
                                        "url": "https://github.com/files-community/Files/pull/3776",
                                        "state": "MERGED",
                                        "number": 3776,
                                        "__typename": "PullRequest"
                                    }
                                }
                            ]
                        }
                    },
                    {
                        "author": {
                            "login": "hez2010"
                        },
                        "title": "Crashes while opening on-going tasks after failure",
                        "url": "https://github.com/files-community/Files/issues/3338",
                        "state": "CLOSED",
                        "number": 3338,
                        "timelineItems": {
                            "nodes": []
                        }
                    },
                    {
                        "author": {
                            "login": "AndyMDoyle"
                        },
                        "title": "[Discussion] AppServiceConnection lifecycle question",
                        "url": "https://github.com/files-community/Files/issues/3327",
                        "state": "CLOSED",
                        "number": 3327,
                        "timelineItems": {
                            "nodes": []
                        }
                    },
                    {
                        "author": {
                            "login": "Richard-HM"
                        },
                        "title": "Shortcuts are not loading correctly",
                        "url": "https://github.com/files-community/Files/issues/3310",
                        "state": "CLOSED",
                        "number": 3310,
                        "timelineItems": {
                            "nodes": []
                        }
                    },
                    {
                        "author": {
                            "login": "KristofKekesi"
                        },
                        "title": "[Bug] UI bugs with Bundles widget",
                        "url": "https://github.com/files-community/Files/issues/3269",
                        "state": "CLOSED",
                        "number": 3269,
                        "timelineItems": {
                            "nodes": [
                                {
                                    "source": {
                                        "author": {
                                            "login": "d2dyno1"
                                        },
                                        "title": "Fixed DynamicDialog background and fixed an issue when creating a Bundle",
                                        "url": "https://github.com/files-community/Files/pull/3286",
                                        "state": "MERGED",
                                        "number": 3286,
                                        "__typename": "PullRequest"
                                    }
                                }
                            ]
                        }
                    },
                    {
                        "author": {
                            "login": "ungubajue90k"
                        },
                        "title": "Add MFT Entry modified timestamps for NTFS filesystem",
                        "url": "https://github.com/files-community/Files/issues/3244",
                        "state": "CLOSED",
                        "number": 3244,
                        "timelineItems": {
                            "nodes": []
                        }
                    },
                    {
                        "author": {
                            "login": "uladz-zubrycki"
                        },
                        "title": "Visual Studio context action opens built-in File explorer instead of Files",
                        "url": "https://github.com/files-community/Files/issues/3241",
                        "state": "CLOSED",
                        "number": 3241,
                        "timelineItems": {
                            "nodes": []
                        }
                    },
                    {
                        "author": {
                            "login": "winston-de"
                        },
                        "title": "Allow extensions to provide file/folder actions",
                        "url": "https://github.com/files-community/Files/issues/3232",
                        "state": "CLOSED",
                        "number": 3232,
                        "timelineItems": {
                            "nodes": []
                        }
                    }
                ]
            }
        }
    }
}