{
    "data": {
        "repository": {
            "issues": {
                "pageInfo": {
                    "endCursor": "Y3Vyc29yOnYyOpIBzkH_YRY="
                },
                "nodes": [
                    {
                        "author": {
                            "login": "RichardMiami"
                        },
                        "title": "MS Office previews",
                        "url": "https://github.com/files-community/Files/issues/8067",
                        "state": "CLOSED",
                        "number": 8067,
                        "timelineItems": {
                            "nodes": []
                        }
                    },
                    {
                        "author": {
                            "login": "Pratham-Galaxy"
                        },
                        "title": "Can you made Preview Pane that is not integrated to Files",
                        "url": "https://github.com/files-community/Files/issues/8064",
                        "state": "CLOSED",
                        "number": 8064,
                        "timelineItems": {
                            "nodes": []
                        }
                    },
                    {
                        "author": {
                            "login": "Pratham-Galaxy"
                        },
                        "title": "After settings Files as default file manager, i am facing issue while opening control panel",
                        "url": "https://github.com/files-community/Files/issues/8063",
                        "state": "CLOSED",
                        "number": 8063,
                        "timelineItems": {
                            "nodes": []
                        }
                    },
                    {
                        "author": {
                            "login": "dpi0"
                        },
                        "title": "Add support for 4 finger windows shortcut for going forward and backward",
                        "url": "https://github.com/files-community/Files/issues/8059",
                        "state": "CLOSED",
                        "number": 8059,
                        "timelineItems": {
                            "nodes": []
                        }
                    },
                    {
                        "author": {
                            "login": "Pratham-Galaxy"
                        },
                        "title": "Give a GUI Interface to Create Custom Theme",
                        "url": "https://github.com/files-community/Files/issues/8053",
                        "state": "CLOSED",
                        "number": 8053,
                        "timelineItems": {
                            "nodes": []
                        }
                    },
                    {
                        "author": {
                            "login": "astroboy314"
                        },
                        "title": "Can't move files between panes",
                        "url": "https://github.com/files-community/Files/issues/8051",
                        "state": "CLOSED",
                        "number": 8051,
                        "timelineItems": {
                            "nodes": []
                        }
                    },
                    {
                        "author": {
                            "login": "ctrlbrk42"
                        },
                        "title": "Compact display (rows are more tightly spaced)",
                        "url": "https://github.com/files-community/Files/issues/8048",
                        "state": "CLOSED",
                        "number": 8048,
                        "timelineItems": {
                            "nodes": []
                        }
                    },
                    {
                        "author": {
                            "login": "PXSchool"
                        },
                        "title": "IceDrive integration",
                        "url": "https://github.com/files-community/Files/issues/8043",
                        "state": "CLOSED",
                        "number": 8043,
                        "timelineItems": {
                            "nodes": []
                        }
                    },
                    {
                        "author": {
                            "login": "Antyos"
                        },
                        "title": "Symlink file extensions don't display",
                        "url": "https://github.com/files-community/Files/issues/8040",
                        "state": "CLOSED",
                        "number": 8040,
                        "timelineItems": {
                            "nodes": [
                                {
                                    "source": {
                                        "author": {
                                            "login": "acesyde"
                                        },
                                        "title": "Fixed an issue where symlinks weren't displaying properly",
                                        "url": "https://github.com/files-community/Files/pull/8145",
                                        "state": "MERGED",
                                        "number": 8145,
                                        "__typename": "PullRequest"
                                    }
                                }
                            ]
                        }
                    },
                    {
                        "author": {
                            "login": "RedIODev"
                        },
                        "title": "Everything integeration as alternative search engine",
                        "url": "https://github.com/files-community/Files/issues/8037",
                        "state": "CLOSED",
                        "number": 8037,
                        "timelineItems": {
                            "nodes": []
                        }
                    },
                    {
                        "author": {
                            "login": "BusteanHAN"
                        },
                        "title": "Resizing file filter categories does not follow mouse",
                        "url": "https://github.com/files-community/Files/issues/8031",
                        "state": "CLOSED",
                        "number": 8031,
                        "timelineItems": {
                            "nodes": []
                        }
                    },
                    {
                        "author": {
                            "login": "GinCanhViet"
                        },
                        "title": "No access to connected device",
                        "url": "https://github.com/files-community/Files/issues/8030",
                        "state": "CLOSED",
                        "number": 8030,
                        "timelineItems": {
                            "nodes": []
                        }
                    },
                    {
                        "author": {
                            "login": "hl2guide"
                        },
                        "title": "File Name Setting - Always Show Full Name",
                        "url": "https://github.com/files-community/Files/issues/8029",
                        "state": "CLOSED",
                        "number": 8029,
                        "timelineItems": {
                            "nodes": []
                        }
                    },
                    {
                        "author": {
                            "login": "portablevampire"
                        },
                        "title": "Crash when dragging files between tabs",
                        "url": "https://github.com/files-community/Files/issues/8027",
                        "state": "CLOSED",
                        "number": 8027,
                        "timelineItems": {
                            "nodes": []
                        }
                    },
                    {
                        "author": {
                            "login": "ajilidali"
                        },
                        "title": "Files app crashes when navigating dirs",
                        "url": "https://github.com/files-community/Files/issues/8025",
                        "state": "CLOSED",
                        "number": 8025,
                        "timelineItems": {
                            "nodes": []
                        }
                    },
                    {
                        "author": {
                            "login": "Ahmad-Hummoody"
                        },
                        "title": "Send to Option",
                        "url": "https://github.com/files-community/Files/issues/8024",
                        "state": "CLOSED",
                        "number": 8024,
                        "timelineItems": {
                            "nodes": []
                        }
                    },
                    {
                        "author": {
                            "login": "cleuton4k"
                        },
                        "title": "the app crashes when clicking on the address bar",
                        "url": "https://github.com/files-community/Files/issues/8022",
                        "state": "CLOSED",
                        "number": 8022,
                        "timelineItems": {
                            "nodes": []
                        }
                    },
                    {
                        "author": {
                            "login": "CrypticVader"
                        },
                        "title": "Selecting directory from navigation bar crashes Files",
                        "url": "https://github.com/files-community/Files/issues/8007",
                        "state": "CLOSED",
                        "number": 8007,
                        "timelineItems": {
                            "nodes": []
                        }
                    },
                    {
                        "author": {
                            "login": "PavelDobCZ23"
                        },
                        "title": "Download folder opens at a wrong group.",
                        "url": "https://github.com/files-community/Files/issues/8006",
                        "state": "CLOSED",
                        "number": 8006,
                        "timelineItems": {
                            "nodes": []
                        }
                    },
                    {
                        "author": {
                            "login": "pc-v2"
                        },
                        "title": "Open In Terminal Button Broken (Weird Naming)",
                        "url": "https://github.com/files-community/Files/issues/8003",
                        "state": "CLOSED",
                        "number": 8003,
                        "timelineItems": {
                            "nodes": [
                                {
                                    "source": {
                                        "author": {
                                            "login": "gave92"
                                        },
                                        "title": "Fix weird open in terminal label",
                                        "url": "https://github.com/files-community/Files/pull/8008",
                                        "state": "MERGED",
                                        "number": 8008,
                                        "__typename": "PullRequest"
                                    }
                                }
                            ]
                        }
                    },
                    {
                        "author": {
                            "login": "dippa-1"
                        },
                        "title": "Can't restore deleted file that needs admin",
                        "url": "https://github.com/files-community/Files/issues/8001",
                        "state": "CLOSED",
                        "number": 8001,
                        "timelineItems": {
                            "nodes": [
                                {
                                    "source": {
                                        "author": {
                                            "login": "gave92"
                                        },
                                        "title": "Show which process is locking a file",
                                        "url": "https://github.com/files-community/Files/pull/8809",
                                        "state": "MERGED",
                                        "number": 8809,
                                        "__typename": "PullRequest"
                                    }
                                }
                            ]
                        }
                    },
                    {
                        "author": {
                            "login": "gchegr"
                        },
                        "title": "Content of folders does not get displayed in Columns layout",
                        "url": "https://github.com/files-community/Files/issues/7999",
                        "state": "CLOSED",
                        "number": 7999,
                        "timelineItems": {
                            "nodes": []
                        }
                    },
                    {
                        "author": {
                            "login": "jasonsafir"
                        },
                        "title": "Navigation Pane Hide/Show Keyboard Shortcut",
                        "url": "https://github.com/files-community/Files/issues/7998",
                        "state": "CLOSED",
                        "number": 7998,
                        "timelineItems": {
                            "nodes": [
                                {
                                    "source": {
                                        "author": {
                                            "login": "oleklukasiewicz"
                                        },
                                        "title": "Added shortcut to collapse sidebar",
                                        "url": "https://github.com/files-community/Files/pull/8157",
                                        "state": "MERGED",
                                        "number": 8157,
                                        "__typename": "PullRequest"
                                    }
                                }
                            ]
                        }
                    },
                    {
                        "author": {
                            "login": "ddetton"
                        },
                        "title": "Drive Properties in Dark Mode Unreadable",
                        "url": "https://github.com/files-community/Files/issues/7997",
                        "state": "CLOSED",
                        "number": 7997,
                        "timelineItems": {
                            "nodes": []
                        }
                    },
                    {
                        "author": {
                            "login": "Slowwwww"
                        },
                        "title": "Option for bigger file preview with the preview pane",
                        "url": "https://github.com/files-community/Files/issues/7994",
                        "state": "CLOSED",
                        "number": 7994,
                        "timelineItems": {
                            "nodes": []
                        }
                    },
                    {
                        "author": {
                            "login": "GkqqNkKC"
                        },
                        "title": "Words correction does worse than better",
                        "url": "https://github.com/files-community/Files/issues/7993",
                        "state": "CLOSED",
                        "number": 7993,
                        "timelineItems": {
                            "nodes": []
                        }
                    },
                    {
                        "author": {
                            "login": "abizeauMaxon"
                        },
                        "title": "Cannot add more than one bundle",
                        "url": "https://github.com/files-community/Files/issues/7990",
                        "state": "CLOSED",
                        "number": 7990,
                        "timelineItems": {
                            "nodes": []
                        }
                    },
                    {
                        "author": {
                            "login": "ukyouz"
                        },
                        "title": "Can not overwrite all files at once",
                        "url": "https://github.com/files-community/Files/issues/7989",
                        "state": "CLOSED",
                        "number": 7989,
                        "timelineItems": {
                            "nodes": []
                        }
                    },
                    {
                        "author": {
                            "login": "Pietro228"
                        },
                        "title": "Automatically select file when opening it's location",
                        "url": "https://github.com/files-community/Files/issues/7987",
                        "state": "CLOSED",
                        "number": 7987,
                        "timelineItems": {
                            "nodes": []
                        }
                    },
                    {
                        "author": null,
                        "title": "Animations speed",
                        "url": "https://github.com/files-community/Files/issues/7984",
                        "state": "CLOSED",
                        "number": 7984,
                        "timelineItems": {
                            "nodes": []
                        }
                    },
                    {
                        "author": {
                            "login": "osaunier"
                        },
                        "title": "Can't go back on default File explorer",
                        "url": "https://github.com/files-community/Files/issues/7981",
                        "state": "CLOSED",
                        "number": 7981,
                        "timelineItems": {
                            "nodes": []
                        }
                    },
                    {
                        "author": {
                            "login": "AlYahyaMajed"
                        },
                        "title": "sudden death when browsing through network folder",
                        "url": "https://github.com/files-community/Files/issues/7977",
                        "state": "CLOSED",
                        "number": 7977,
                        "timelineItems": {
                            "nodes": []
                        }
                    },
                    {
                        "author": null,
                        "title": "Linking with QuickLook",
                        "url": "https://github.com/files-community/Files/issues/7976",
                        "state": "CLOSED",
                        "number": 7976,
                        "timelineItems": {
                            "nodes": []
                        }
                    },
                    {
                        "author": {
                            "login": "FionNoir"
                        },
                        "title": "Drag and Drop to Windows Mail",
                        "url": "https://github.com/files-community/Files/issues/7975",
                        "state": "CLOSED",
                        "number": 7975,
                        "timelineItems": {
                            "nodes": []
                        }
                    },
                    {
                        "author": {
                            "login": "rGunti"
                        },
                        "title": "Acryll effect bugs out, getting dark",
                        "url": "https://github.com/files-community/Files/issues/7972",
                        "state": "CLOSED",
                        "number": 7972,
                        "timelineItems": {
                            "nodes": []
                        }
                    },
                    {
                        "author": {
                            "login": "lightningHoneypot"
                        },
                        "title": "Automatically delete/discard illegal filename characters when *pasting* a string on a *new* file/folder",
                        "url": "https://github.com/files-community/Files/issues/7967",
                        "state": "CLOSED",
                        "number": 7967,
                        "timelineItems": {
                            "nodes": [
                                {
                                    "source": {
                                        "author": {
                                            "login": "szabolcstarnai"
                                        },
                                        "title": "Improved behavior when entering restricted characters",
                                        "url": "https://github.com/files-community/Files/pull/8204",
                                        "state": "MERGED",
                                        "number": 8204,
                                        "__typename": "PullRequest"
                                    }
                                },
                                {
                                    "source": {
                                        "author": {
                                            "login": "hecksmosis"
                                        },
                                        "title": "Fix: Fixed create file button when entering text with Chinese input flyout",
                                        "url": "https://github.com/files-community/Files/pull/11040",
                                        "state": "MERGED",
                                        "number": 11040,
                                        "__typename": "PullRequest"
                                    }
                                }
                            ]
                        }
                    },
                    {
                        "author": null,
                        "title": "设置成默认文件管理器后，无法调出系统的控制面板",
                        "url": "https://github.com/files-community/Files/issues/7966",
                        "state": "CLOSED",
                        "number": 7966,
                        "timelineItems": {
                            "nodes": []
                        }
                    },
                    {
                        "author": {
                            "login": "diegoborgh"
                        },
                        "title": "Copy operation doesn't auto refresh on network drives",
                        "url": "https://github.com/files-community/Files/issues/7965",
                        "state": "CLOSED",
                        "number": 7965,
                        "timelineItems": {
                            "nodes": []
                        }
                    },
                    {
                        "author": {
                            "login": "RusterX16"
                        },
                        "title": "Crash when a Flash Drive is plugged",
                        "url": "https://github.com/files-community/Files/issues/7962",
                        "state": "CLOSED",
                        "number": 7962,
                        "timelineItems": {
                            "nodes": []
                        }
                    },
                    {
                        "author": {
                            "login": "Quinten0508"
                        },
                        "title": "Can't change default File explorer",
                        "url": "https://github.com/files-community/Files/issues/7959",
                        "state": "CLOSED",
                        "number": 7959,
                        "timelineItems": {
                            "nodes": []
                        }
                    },
                    {
                        "author": {
                            "login": "ChristianLempa"
                        },
                        "title": "Copying a file shows \"success\" when there is no space left on the disk",
                        "url": "https://github.com/files-community/Files/issues/7957",
                        "state": "CLOSED",
                        "number": 7957,
                        "timelineItems": {
                            "nodes": []
                        }
                    },
                    {
                        "author": {
                            "login": "spooferjahks"
                        },
                        "title": "Crash while Hiding Folder",
                        "url": "https://github.com/files-community/Files/issues/7954",
                        "state": "CLOSED",
                        "number": 7954,
                        "timelineItems": {
                            "nodes": []
                        }
                    },
                    {
                        "author": {
                            "login": "Yoshomay"
                        },
                        "title": "Compact mode",
                        "url": "https://github.com/files-community/Files/issues/7953",
                        "state": "CLOSED",
                        "number": 7953,
                        "timelineItems": {
                            "nodes": []
                        }
                    },
                    {
                        "author": {
                            "login": "tiomanisland"
                        },
                        "title": "Scrolling is weird",
                        "url": "https://github.com/files-community/Files/issues/7950",
                        "state": "CLOSED",
                        "number": 7950,
                        "timelineItems": {
                            "nodes": []
                        }
                    },
                    {
                        "author": {
                            "login": "sivelswhy"
                        },
                        "title": "Error :  NotAFolder when refreshing in the home tab",
                        "url": "https://github.com/files-community/Files/issues/7944",
                        "state": "CLOSED",
                        "number": 7944,
                        "timelineItems": {
                            "nodes": []
                        }
                    },
                    {
                        "author": {
                            "login": "AndrewLaganaro"
                        },
                        "title": "Flash drive opens on regular windows explorer",
                        "url": "https://github.com/files-community/Files/issues/7933",
                        "state": "CLOSED",
                        "number": 7933,
                        "timelineItems": {
                            "nodes": []
                        }
                    },
                    {
                        "author": {
                            "login": "vineetk101"
                        },
                        "title": "Add a drive to favorites",
                        "url": "https://github.com/files-community/Files/issues/7927",
                        "state": "CLOSED",
                        "number": 7927,
                        "timelineItems": {
                            "nodes": []
                        }
                    },
                    {
                        "author": {
                            "login": "nicholateslaisme"
                        },
                        "title": " QL-Win / QuickLook NOT WORKING",
                        "url": "https://github.com/files-community/Files/issues/7925",
                        "state": "CLOSED",
                        "number": 7925,
                        "timelineItems": {
                            "nodes": []
                        }
                    },
                    {
                        "author": {
                            "login": "MaxSteven"
                        },
                        "title": "Open New tab by duplicate current tab not open the default Home Directory",
                        "url": "https://github.com/files-community/Files/issues/7923",
                        "state": "CLOSED",
                        "number": 7923,
                        "timelineItems": {
                            "nodes": []
                        }
                    },
                    {
                        "author": {
                            "login": "brucebinder"
                        },
                        "title": "Status field does not show in all OneDrive folders",
                        "url": "https://github.com/files-community/Files/issues/7922",
                        "state": "CLOSED",
                        "number": 7922,
                        "timelineItems": {
                            "nodes": [
                                {
                                    "source": {
                                        "author": {
                                            "login": "brucebinder"
                                        },
                                        "title": "Status field does not show in all OneDrive folders",
                                        "url": "https://github.com/files-community/Files/issues/6227",
                                        "state": "CLOSED",
                                        "number": 6227,
                                        "__typename": "Issue"
                                    }
                                },
                                {
                                    "source": {
                                        "author": {
                                            "login": "brucebinder"
                                        },
                                        "title": "Status still not showing everywhere",
                                        "url": "https://github.com/files-community/Files/issues/8214",
                                        "state": "CLOSED",
                                        "number": 8214,
                                        "__typename": "Issue"
                                    }
                                }
                            ]
                        }
                    },
                    {
                        "author": {
                            "login": "antpowell"
                        },
                        "title": "Crashed after moving tab",
                        "url": "https://github.com/files-community/Files/issues/7919",
                        "state": "CLOSED",
                        "number": 7919,
                        "timelineItems": {
                            "nodes": []
                        }
                    },
                    {
                        "author": {
                            "login": "mhoude1966"
                        },
                        "title": "Resizing preview pane",
                        "url": "https://github.com/files-community/Files/issues/7917",
                        "state": "CLOSED",
                        "number": 7917,
                        "timelineItems": {
                            "nodes": []
                        }
                    },
                    {
                        "author": {
                            "login": "kakalpa"
                        },
                        "title": "Can't type on New File Popup ",
                        "url": "https://github.com/files-community/Files/issues/7914",
                        "state": "CLOSED",
                        "number": 7914,
                        "timelineItems": {
                            "nodes": []
                        }
                    },
                    {
                        "author": {
                            "login": "saaiful"
                        },
                        "title": "Search Improvement",
                        "url": "https://github.com/files-community/Files/issues/7912",
                        "state": "CLOSED",
                        "number": 7912,
                        "timelineItems": {
                            "nodes": []
                        }
                    },
                    {
                        "author": {
                            "login": "Chaython"
                        },
                        "title": "Font Scaling / Text cut off",
                        "url": "https://github.com/files-community/Files/issues/7910",
                        "state": "CLOSED",
                        "number": 7910,
                        "timelineItems": {
                            "nodes": []
                        }
                    },
                    {
                        "author": {
                            "login": "Mneyuu"
                        },
                        "title": "Sending Files to Devices",
                        "url": "https://github.com/files-community/Files/issues/7908",
                        "state": "CLOSED",
                        "number": 7908,
                        "timelineItems": {
                            "nodes": []
                        }
                    },
                    {
                        "author": {
                            "login": "OpenSource03"
                        },
                        "title": "Other apps still don't consider Files as default file manager",
                        "url": "https://github.com/files-community/Files/issues/7904",
                        "state": "CLOSED",
                        "number": 7904,
                        "timelineItems": {
                            "nodes": []
                        }
                    },
                    {
                        "author": {
                            "login": "ohidurbappy"
                        },
                        "title": "Make the home sections movable",
                        "url": "https://github.com/files-community/Files/issues/7903",
                        "state": "CLOSED",
                        "number": 7903,
                        "timelineItems": {
                            "nodes": []
                        }
                    },
                    {
                        "author": {
                            "login": "tsvetnoff"
                        },
                        "title": "Compact format for files list",
                        "url": "https://github.com/files-community/Files/issues/7899",
                        "state": "CLOSED",
                        "number": 7899,
                        "timelineItems": {
                            "nodes": []
                        }
                    },
                    {
                        "author": {
                            "login": "Tximistargi"
                        },
                        "title": "Malfunción en Biblioteca",
                        "url": "https://github.com/files-community/Files/issues/7893",
                        "state": "CLOSED",
                        "number": 7893,
                        "timelineItems": {
                            "nodes": []
                        }
                    },
                    {
                        "author": {
                            "login": "AnupNair08"
                        },
                        "title": "Global option for setting layout",
                        "url": "https://github.com/files-community/Files/issues/7890",
                        "state": "CLOSED",
                        "number": 7890,
                        "timelineItems": {
                            "nodes": []
                        }
                    },
                    {
                        "author": {
                            "login": "cbsims"
                        },
                        "title": "Startup settings - Open in dual pane view",
                        "url": "https://github.com/files-community/Files/issues/7889",
                        "state": "CLOSED",
                        "number": 7889,
                        "timelineItems": {
                            "nodes": []
                        }
                    },
                    {
                        "author": {
                            "login": "sunshineharry"
                        },
                        "title": "Invoke a third-party replication engine",
                        "url": "https://github.com/files-community/Files/issues/7887",
                        "state": "CLOSED",
                        "number": 7887,
                        "timelineItems": {
                            "nodes": []
                        }
                    },
                    {
                        "author": {
                            "login": "SaccoSVD"
                        },
                        "title": "Report and a few requests.",
                        "url": "https://github.com/files-community/Files/issues/7885",
                        "state": "CLOSED",
                        "number": 7885,
                        "timelineItems": {
                            "nodes": []
                        }
                    },
                    {
                        "author": {
                            "login": "dano227"
                        },
                        "title": "7zip",
                        "url": "https://github.com/files-community/Files/issues/7883",
                        "state": "CLOSED",
                        "number": 7883,
                        "timelineItems": {
                            "nodes": []
                        }
                    },
                    {
                        "author": {
                            "login": "tothambrus11"
                        },
                        "title": "Dragging a tab out of the window produces closes all tabs and opens the dragged tab again.",
                        "url": "https://github.com/files-community/Files/issues/7879",
                        "state": "CLOSED",
                        "number": 7879,
                        "timelineItems": {
                            "nodes": []
                        }
                    },
                    {
                        "author": {
                            "login": "ThemisterNaim"
                        },
                        "title": "add the old toolbar ",
                        "url": "https://github.com/files-community/Files/issues/7875",
                        "state": "CLOSED",
                        "number": 7875,
                        "timelineItems": {
                            "nodes": []
                        }
                    },
                    {
                        "author": {
                            "login": "hooddy"
                        },
                        "title": "Android phone issue",
                        "url": "https://github.com/files-community/Files/issues/7873",
                        "state": "CLOSED",
                        "number": 7873,
                        "timelineItems": {
                            "nodes": []
                        }
                    },
                    {
                        "author": {
                            "login": "flamesred"
                        },
                        "title": "Can't open files at all",
                        "url": "https://github.com/files-community/Files/issues/7872",
                        "state": "CLOSED",
                        "number": 7872,
                        "timelineItems": {
                            "nodes": []
                        }
                    },
                    {
                        "author": {
                            "login": "StormDragon-64"
                        },
                        "title": "Grouping order",
                        "url": "https://github.com/files-community/Files/issues/7868",
                        "state": "CLOSED",
                        "number": 7868,
                        "timelineItems": {
                            "nodes": []
                        }
                    },
                    {
                        "author": {
                            "login": "emmanuel-th"
                        },
                        "title": "Black color background behide folder icon thumbnail",
                        "url": "https://github.com/files-community/Files/issues/7866",
                        "state": "CLOSED",
                        "number": 7866,
                        "timelineItems": {
                            "nodes": []
                        }
                    },
                    {
                        "author": {
                            "login": "aindriu80"
                        },
                        "title": "Smaller Larger font size in Details view",
                        "url": "https://github.com/files-community/Files/issues/7858",
                        "state": "CLOSED",
                        "number": 7858,
                        "timelineItems": {
                            "nodes": []
                        }
                    },
                    {
                        "author": {
                            "login": "jaredratcliff"
                        },
                        "title": "Compact View",
                        "url": "https://github.com/files-community/Files/issues/7854",
                        "state": "CLOSED",
                        "number": 7854,
                        "timelineItems": {
                            "nodes": []
                        }
                    },
                    {
                        "author": {
                            "login": "Animanion"
                        },
                        "title": "mouse clicks are buggy sometimes",
                        "url": "https://github.com/files-community/Files/issues/7853",
                        "state": "CLOSED",
                        "number": 7853,
                        "timelineItems": {
                            "nodes": []
                        }
                    },
                    {
                        "author": {
                            "login": "BusteanHAN"
                        },
                        "title": "Cannot resize or move from top bar when settings menu is open",
                        "url": "https://github.com/files-community/Files/issues/7852",
                        "state": "CLOSED",
                        "number": 7852,
                        "timelineItems": {
                            "nodes": []
                        }
                    },
                    {
                        "author": {
                            "login": "BusteanHAN"
                        },
                        "title": "Opening new tabs duplicates themes",
                        "url": "https://github.com/files-community/Files/issues/7851",
                        "state": "CLOSED",
                        "number": 7851,
                        "timelineItems": {
                            "nodes": [
                                {
                                    "source": {
                                        "author": {
                                            "login": "IgorKordiukiewicz"
                                        },
                                        "title": "Fixes duplicated themes when opening new tab using win + e",
                                        "url": "https://github.com/files-community/Files/pull/9317",
                                        "state": "MERGED",
                                        "number": 9317,
                                        "__typename": "PullRequest"
                                    }
                                }
                            ]
                        }
                    },
                    {
                        "author": {
                            "login": "vadinoguerrero"
                        },
                        "title": "Files and folders dissappear after moving them",
                        "url": "https://github.com/files-community/Files/issues/7850",
                        "state": "CLOSED",
                        "number": 7850,
                        "timelineItems": {
                            "nodes": []
                        }
                    },
                    {
                        "author": {
                            "login": "upintheairsheep"
                        },
                        "title": "New Icons",
                        "url": "https://github.com/files-community/Files/issues/7849",
                        "state": "CLOSED",
                        "number": 7849,
                        "timelineItems": {
                            "nodes": []
                        }
                    },
                    {
                        "author": {
                            "login": "littlefooch"
                        },
                        "title": "Network - work in progress?",
                        "url": "https://github.com/files-community/Files/issues/7848",
                        "state": "CLOSED",
                        "number": 7848,
                        "timelineItems": {
                            "nodes": []
                        }
                    },
                    {
                        "author": {
                            "login": "andrefiaschi"
                        },
                        "title": "Bundle not working",
                        "url": "https://github.com/files-community/Files/issues/7847",
                        "state": "CLOSED",
                        "number": 7847,
                        "timelineItems": {
                            "nodes": []
                        }
                    },
                    {
                        "author": {
                            "login": "JackPro72"
                        },
                        "title": "Fonction Couper/Coller inactive dans Win11",
                        "url": "https://github.com/files-community/Files/issues/7844",
                        "state": "CLOSED",
                        "number": 7844,
                        "timelineItems": {
                            "nodes": []
                        }
                    },
                    {
                        "author": {
                            "login": "the-mr-matt"
                        },
                        "title": "Mapped network drive is not remembered upon system restart",
                        "url": "https://github.com/files-community/Files/issues/7843",
                        "state": "CLOSED",
                        "number": 7843,
                        "timelineItems": {
                            "nodes": [
                                {
                                    "source": {
                                        "author": {
                                            "login": "TLC-John"
                                        },
                                        "title": "Network Drives not showing up.",
                                        "url": "https://github.com/files-community/Files/issues/7673",
                                        "state": "CLOSED",
                                        "number": 7673,
                                        "__typename": "Issue"
                                    }
                                }
                            ]
                        }
                    },
                    {
                        "author": {
                            "login": "mclaudiopt"
                        },
                        "title": "error after uninstalling",
                        "url": "https://github.com/files-community/Files/issues/7841",
                        "state": "CLOSED",
                        "number": 7841,
                        "timelineItems": {
                            "nodes": []
                        }
                    },
                    {
                        "author": {
                            "login": "Woksben"
                        },
                        "title": "Bundles Widget",
                        "url": "https://github.com/files-community/Files/issues/7837",
                        "state": "CLOSED",
                        "number": 7837,
                        "timelineItems": {
                            "nodes": []
                        }
                    },
                    {
                        "author": {
                            "login": "data-scientist-ml1"
                        },
                        "title": "Ability to set a Default Layout",
                        "url": "https://github.com/files-community/Files/issues/7833",
                        "state": "CLOSED",
                        "number": 7833,
                        "timelineItems": {
                            "nodes": []
                        }
                    },
                    {
                        "author": {
                            "login": "lakani"
                        },
                        "title": "Create New any Office Document is not working",
                        "url": "https://github.com/files-community/Files/issues/7830",
                        "state": "CLOSED",
                        "number": 7830,
                        "timelineItems": {
                            "nodes": []
                        }
                    },
                    {
                        "author": {
                            "login": "EvaRune"
                        },
                        "title": "OneDrive sync Icon too big on Small/Medium/Large icons or Tiles layout.",
                        "url": "https://github.com/files-community/Files/issues/7829",
                        "state": "CLOSED",
                        "number": 7829,
                        "timelineItems": {
                            "nodes": []
                        }
                    },
                    {
                        "author": {
                            "login": "CEbbinghaus"
                        },
                        "title": "Unmapped Network drives and WSL directories not showing",
                        "url": "https://github.com/files-community/Files/issues/7826",
                        "state": "CLOSED",
                        "number": 7826,
                        "timelineItems": {
                            "nodes": [
                                {
                                    "source": {
                                        "author": {
                                            "login": "gave92"
                                        },
                                        "title": "Fixed loading of items under network",
                                        "url": "https://github.com/files-community/Files/pull/7931",
                                        "state": "MERGED",
                                        "number": 7931,
                                        "__typename": "PullRequest"
                                    }
                                }
                            ]
                        }
                    },
                    {
                        "author": null,
                        "title": "Redirect issues",
                        "url": "https://github.com/files-community/Files/issues/7825",
                        "state": "CLOSED",
                        "number": 7825,
                        "timelineItems": {
                            "nodes": []
                        }
                    },
                    {
                        "author": {
                            "login": "the-mr-matt"
                        },
                        "title": "[Feature Request] Option to not show delete confirmation popup",
                        "url": "https://github.com/files-community/Files/issues/7823",
                        "state": "CLOSED",
                        "number": 7823,
                        "timelineItems": {
                            "nodes": []
                        }
                    },
                    {
                        "author": {
                            "login": "EricAtORS"
                        },
                        "title": "Recent files does not respect the \"single click\" to open a file preference",
                        "url": "https://github.com/files-community/Files/issues/7818",
                        "state": "CLOSED",
                        "number": 7818,
                        "timelineItems": {
                            "nodes": []
                        }
                    },
                    {
                        "author": {
                            "login": "onurbbr"
                        },
                        "title": "[BUG] Open folder action in any application opens explorer.exe after Files.",
                        "url": "https://github.com/files-community/Files/issues/7812",
                        "state": "CLOSED",
                        "number": 7812,
                        "timelineItems": {
                            "nodes": []
                        }
                    },
                    {
                        "author": {
                            "login": "roxxel"
                        },
                        "title": "Ability to choose action for all files when delete fails",
                        "url": "https://github.com/files-community/Files/issues/7811",
                        "state": "CLOSED",
                        "number": 7811,
                        "timelineItems": {
                            "nodes": []
                        }
                    },
                    {
                        "author": {
                            "login": "Ossy81"
                        },
                        "title": "Only 1 OneDrive location is shown",
                        "url": "https://github.com/files-community/Files/issues/7810",
                        "state": "CLOSED",
                        "number": 7810,
                        "timelineItems": {
                            "nodes": []
                        }
                    },
                    {
                        "author": {
                            "login": "tlitookilakin"
                        },
                        "title": "Right-click drag support",
                        "url": "https://github.com/files-community/Files/issues/7804",
                        "state": "CLOSED",
                        "number": 7804,
                        "timelineItems": {
                            "nodes": []
                        }
                    },
                    {
                        "author": {
                            "login": "washicjr"
                        },
                        "title": "Folders icons have a black square border around them",
                        "url": "https://github.com/files-community/Files/issues/7802",
                        "state": "CLOSED",
                        "number": 7802,
                        "timelineItems": {
                            "nodes": []
                        }
                    },
                    {
                        "author": {
                            "login": "artbat"
                        },
                        "title": "Sugestions: Queue file operations and a more compact details view",
                        "url": "https://github.com/files-community/Files/issues/7801",
                        "state": "CLOSED",
                        "number": 7801,
                        "timelineItems": {
                            "nodes": []
                        }
                    },
                    {
                        "author": {
                            "login": "legalMori"
                        },
                        "title": "Is it possible to bring flash memory/drive formatting feature?",
                        "url": "https://github.com/files-community/Files/issues/7793",
                        "state": "CLOSED",
                        "number": 7793,
                        "timelineItems": {
                            "nodes": []
                        }
                    },
                    {
                        "author": {
                            "login": "mattish91"
                        },
                        "title": "Better search with multiple files of the same name.",
                        "url": "https://github.com/files-community/Files/issues/7791",
                        "state": "CLOSED",
                        "number": 7791,
                        "timelineItems": {
                            "nodes": []
                        }
                    },
                    {
                        "author": {
                            "login": "14AUDDIN"
                        },
                        "title": "Add option to share with bluetooth",
                        "url": "https://github.com/files-community/Files/issues/7789",
                        "state": "CLOSED",
                        "number": 7789,
                        "timelineItems": {
                            "nodes": [
                                {
                                    "source": {
                                        "author": {
                                            "login": "Mneyuu"
                                        },
                                        "title": "Sending Files to Devices",
                                        "url": "https://github.com/files-community/Files/issues/7908",
                                        "state": "CLOSED",
                                        "number": 7908,
                                        "__typename": "Issue"
                                    }
                                },
                                {
                                    "source": {
                                        "author": {
                                            "login": "wonderNG"
                                        },
                                        "title": "Make bluetoth transferst available",
                                        "url": "https://github.com/files-community/Files/issues/9369",
                                        "state": "CLOSED",
                                        "number": 9369,
                                        "__typename": "Issue"
                                    }
                                }
                            ]
                        }
                    }
                ]
            }
        }
    }
}