{
    "data": {
        "repository": {
            "issues": {
                "pageInfo": {
                    "endCursor": "Y3Vyc29yOnYyOpICzjpFiaA="
                },
                "nodes": [
                    {
                        "author": {
                            "login": "myfix16"
                        },
                        "title": "Support drag and drop on Favorites sidebar",
                        "url": "https://github.com/files-community/Files/issues/6913",
                        "state": "CLOSED",
                        "number": 6913,
                        "timelineItems": {
                            "nodes": []
                        }
                    },
                    {
                        "author": {
                            "login": "00LT00"
                        },
                        "title": "Every folder will create the same file \"desktop.files.json\"",
                        "url": "https://github.com/files-community/Files/issues/6904",
                        "state": "CLOSED",
                        "number": 6904,
                        "timelineItems": {
                            "nodes": []
                        }
                    },
                    {
                        "author": {
                            "login": "cleuton4k"
                        },
                        "title": "Add context menu option to pin program files to the start menu",
                        "url": "https://github.com/files-community/Files/issues/6888",
                        "state": "CLOSED",
                        "number": 6888,
                        "timelineItems": {
                            "nodes": [
                                {
                                    "source": {
                                        "author": {
                                            "login": "AisinGioroKiIoi"
                                        },
                                        "title": "固定软件至开始屏幕",
                                        "url": "https://github.com/files-community/Files/issues/9279",
                                        "state": "CLOSED",
                                        "number": 9279,
                                        "__typename": "Issue"
                                    }
                                }
                            ]
                        }
                    },
                    {
                        "author": {
                            "login": "prakharb5"
                        },
                        "title": "Folders pinned from removable storage disappear from favorites on disconnecting",
                        "url": "https://github.com/files-community/Files/issues/6860",
                        "state": "CLOSED",
                        "number": 6860,
                        "timelineItems": {
                            "nodes": [
                                {
                                    "source": {
                                        "author": {
                                            "login": "osieltorres"
                                        },
                                        "title": "Network folders pinned to sidebar are removed after disconnection from network",
                                        "url": "https://github.com/files-community/Files/issues/2316",
                                        "state": "CLOSED",
                                        "number": 2316,
                                        "__typename": "Issue"
                                    }
                                },
                                {
                                    "source": {
                                        "author": {
                                            "login": "fabian-st"
                                        },
                                        "title": "Stop favorites from disappearing when drive is not mounted",
                                        "url": "https://github.com/files-community/Files/issues/8575",
                                        "state": "CLOSED",
                                        "number": 8575,
                                        "__typename": "Issue"
                                    }
                                },
                                {
                                    "source": {
                                        "author": {
                                            "login": "AaronKatzin"
                                        },
                                        "title": "Invalid favorites are no longer removed from the sidebar",
                                        "url": "https://github.com/files-community/Files/pull/8767",
                                        "state": "MERGED",
                                        "number": 8767,
                                        "__typename": "PullRequest"
                                    }
                                }
                            ]
                        }
                    },
                    {
                        "author": {
                            "login": "Josh65-2201"
                        },
                        "title": "UI cause chrashes",
                        "url": "https://github.com/files-community/Files/issues/6856",
                        "state": "CLOSED",
                        "number": 6856,
                        "timelineItems": {
                            "nodes": []
                        }
                    },
                    {
                        "author": {
                            "login": "lsassx64"
                        },
                        "title": "Expand to current folder",
                        "url": "https://github.com/files-community/Files/issues/6828",
                        "state": "CLOSED",
                        "number": 6828,
                        "timelineItems": {
                            "nodes": []
                        }
                    },
                    {
                        "author": {
                            "login": "chking999"
                        },
                        "title": "PowerToys Integration",
                        "url": "https://github.com/files-community/Files/issues/6818",
                        "state": "CLOSED",
                        "number": 6818,
                        "timelineItems": {
                            "nodes": []
                        }
                    },
                    {
                        "author": {
                            "login": "cyril59310"
                        },
                        "title": "cannot access %appdata%",
                        "url": "https://github.com/files-community/Files/issues/6811",
                        "state": "CLOSED",
                        "number": 6811,
                        "timelineItems": {
                            "nodes": []
                        }
                    },
                    {
                        "author": {
                            "login": "SiRo24"
                        },
                        "title": "Network symlink reloading",
                        "url": "https://github.com/files-community/Files/issues/6806",
                        "state": "CLOSED",
                        "number": 6806,
                        "timelineItems": {
                            "nodes": []
                        }
                    },
                    {
                        "author": {
                            "login": "tesar-tech"
                        },
                        "title": "Ctrl + L, Alt +D do not focus location bar on a new tab page",
                        "url": "https://github.com/files-community/Files/issues/6800",
                        "state": "CLOSED",
                        "number": 6800,
                        "timelineItems": {
                            "nodes": [
                                {
                                    "source": {
                                        "author": {
                                            "login": "richardhttps"
                                        },
                                        "title": "Alt+D / Ctrl+L hotkeys don't focus the address bar when the active tab is on Home",
                                        "url": "https://github.com/files-community/Files/issues/7040",
                                        "state": "CLOSED",
                                        "number": 7040,
                                        "__typename": "Issue"
                                    }
                                },
                                {
                                    "source": {
                                        "author": {
                                            "login": "MervinHernandez"
                                        },
                                        "title": "Keyboard Shortcut - Alt-D",
                                        "url": "https://github.com/files-community/Files/issues/7752",
                                        "state": "CLOSED",
                                        "number": 7752,
                                        "__typename": "Issue"
                                    }
                                },
                                {
                                    "source": {
                                        "author": {
                                            "login": "MikeFarrington"
                                        },
                                        "title": "Please add Alt+D keyboard shortcut to get to the address bar",
                                        "url": "https://github.com/files-community/Files/issues/8702",
                                        "state": "CLOSED",
                                        "number": 8702,
                                        "__typename": "Issue"
                                    }
                                },
                                {
                                    "source": {
                                        "author": {
                                            "login": "gave92"
                                        },
                                        "title": "Fix Ctrl+L on homepage",
                                        "url": "https://github.com/files-community/Files/pull/8861",
                                        "state": "MERGED",
                                        "number": 8861,
                                        "__typename": "PullRequest"
                                    }
                                }
                            ]
                        }
                    },
                    {
                        "author": {
                            "login": "psl3"
                        },
                        "title": "Cast to Device - not working",
                        "url": "https://github.com/files-community/Files/issues/6790",
                        "state": "CLOSED",
                        "number": 6790,
                        "timelineItems": {
                            "nodes": []
                        }
                    },
                    {
                        "author": {
                            "login": "Hellobrine"
                        },
                        "title": "Window loses transparency when inactive",
                        "url": "https://github.com/files-community/Files/issues/6785",
                        "state": "CLOSED",
                        "number": 6785,
                        "timelineItems": {
                            "nodes": []
                        }
                    },
                    {
                        "author": {
                            "login": "2021rom"
                        },
                        "title": "explorer windows off",
                        "url": "https://github.com/files-community/Files/issues/6775",
                        "state": "CLOSED",
                        "number": 6775,
                        "timelineItems": {
                            "nodes": [
                                {
                                    "source": {
                                        "author": {
                                            "login": "Caiiqef"
                                        },
                                        "title": "Windows folders corrupted",
                                        "url": "https://github.com/files-community/Files/issues/6804",
                                        "state": "CLOSED",
                                        "number": 6804,
                                        "__typename": "Issue"
                                    }
                                }
                            ]
                        }
                    },
                    {
                        "author": {
                            "login": "1Tatsumaru1"
                        },
                        "title": "Configure default layout / Apply layout configuration to all subfolders in tree",
                        "url": "https://github.com/files-community/Files/issues/6771",
                        "state": "CLOSED",
                        "number": 6771,
                        "timelineItems": {
                            "nodes": []
                        }
                    },
                    {
                        "author": {
                            "login": "didierhassio"
                        },
                        "title": "Disposition mode liste",
                        "url": "https://github.com/files-community/Files/issues/6761",
                        "state": "CLOSED",
                        "number": 6761,
                        "timelineItems": {
                            "nodes": []
                        }
                    },
                    {
                        "author": {
                            "login": "BANGKOKTAGANROG"
                        },
                        "title": "Flies crashes when trying to open user's folders and videos folder",
                        "url": "https://github.com/files-community/Files/issues/6752",
                        "state": "CLOSED",
                        "number": 6752,
                        "timelineItems": {
                            "nodes": []
                        }
                    },
                    {
                        "author": {
                            "login": "Arihant25"
                        },
                        "title": "Add Support for PowerToys Power Rename in the Context Menu",
                        "url": "https://github.com/files-community/Files/issues/6748",
                        "state": "CLOSED",
                        "number": 6748,
                        "timelineItems": {
                            "nodes": []
                        }
                    },
                    {
                        "author": {
                            "login": "xmha97"
                        },
                        "title": "Merge two folder",
                        "url": "https://github.com/files-community/Files/issues/6745",
                        "state": "CLOSED",
                        "number": 6745,
                        "timelineItems": {
                            "nodes": []
                        }
                    },
                    {
                        "author": {
                            "login": "krystofkrticka"
                        },
                        "title": "File created when changing sorting settings of folder",
                        "url": "https://github.com/files-community/Files/issues/6739",
                        "state": "CLOSED",
                        "number": 6739,
                        "timelineItems": {
                            "nodes": [
                                {
                                    "source": {
                                        "author": {
                                            "login": "gave92"
                                        },
                                        "title": "Fixed an issue where changing the sort option would create a hidden file",
                                        "url": "https://github.com/files-community/Files/pull/6741",
                                        "state": "MERGED",
                                        "number": 6741,
                                        "__typename": "PullRequest"
                                    }
                                }
                            ]
                        }
                    },
                    {
                        "author": {
                            "login": "R3voA3"
                        },
                        "title": "Clicking restore to default repeatedly crashes files",
                        "url": "https://github.com/files-community/Files/issues/6737",
                        "state": "CLOSED",
                        "number": 6737,
                        "timelineItems": {
                            "nodes": [
                                {
                                    "source": {
                                        "author": {
                                            "login": "puppetsw"
                                        },
                                        "title": "Fixed repeatedly clicking Restore Default button causing crash",
                                        "url": "https://github.com/files-community/Files/pull/7891",
                                        "state": "MERGED",
                                        "number": 7891,
                                        "__typename": "PullRequest"
                                    }
                                }
                            ]
                        }
                    },
                    {
                        "author": {
                            "login": "d2dyno1"
                        },
                        "title": "Some UI elements don't update after importing settings",
                        "url": "https://github.com/files-community/Files/issues/6673",
                        "state": "CLOSED",
                        "number": 6673,
                        "timelineItems": {
                            "nodes": []
                        }
                    },
                    {
                        "author": {
                            "login": "sawa-ko"
                        },
                        "title": "Improve animations in the settings dialog",
                        "url": "https://github.com/files-community/Files/issues/6643",
                        "state": "CLOSED",
                        "number": 6643,
                        "timelineItems": {
                            "nodes": []
                        }
                    },
                    {
                        "author": {
                            "login": "starkgate"
                        },
                        "title": "Terminal opened by Files doesn't update its environment variables with each launch",
                        "url": "https://github.com/files-community/Files/issues/6634",
                        "state": "CLOSED",
                        "number": 6634,
                        "timelineItems": {
                            "nodes": [
                                {
                                    "source": {
                                        "author": {
                                            "login": "gave92"
                                        },
                                        "title": "Refresh env variables when launching terminal",
                                        "url": "https://github.com/files-community/Files/pull/6663",
                                        "state": "MERGED",
                                        "number": 6663,
                                        "__typename": "PullRequest"
                                    }
                                }
                            ]
                        }
                    },
                    {
                        "author": {
                            "login": "TnDoshi"
                        },
                        "title": "Search issue",
                        "url": "https://github.com/files-community/Files/issues/6618",
                        "state": "CLOSED",
                        "number": 6618,
                        "timelineItems": {
                            "nodes": [
                                {
                                    "source": {
                                        "author": {
                                            "login": "gave92"
                                        },
                                        "title": "Improved reliability of the search experience ",
                                        "url": "https://github.com/files-community/Files/pull/6671",
                                        "state": "MERGED",
                                        "number": 6671,
                                        "__typename": "PullRequest"
                                    }
                                }
                            ]
                        }
                    },
                    {
                        "author": {
                            "login": "seiyria"
                        },
                        "title": "Can't copy/-drag files from Files onto VSCode",
                        "url": "https://github.com/files-community/Files/issues/6613",
                        "state": "CLOSED",
                        "number": 6613,
                        "timelineItems": {
                            "nodes": []
                        }
                    },
                    {
                        "author": {
                            "login": "frg2089"
                        },
                        "title": "Feature: Show pinned items in Folders Widget",
                        "url": "https://github.com/files-community/Files/issues/6596",
                        "state": "CLOSED",
                        "number": 6596,
                        "timelineItems": {
                            "nodes": [
                                {
                                    "source": {
                                        "author": {
                                            "login": "AndrewLaganaro"
                                        },
                                        "title": "Add support customizing items in the folder widget on the home page",
                                        "url": "https://github.com/files-community/Files/issues/7395",
                                        "state": "CLOSED",
                                        "number": 7395,
                                        "__typename": "Issue"
                                    }
                                },
                                {
                                    "source": {
                                        "author": {
                                            "login": "SakethKanchi"
                                        },
                                        "title": "Task-Bar Pins",
                                        "url": "https://github.com/files-community/Files/issues/7590",
                                        "state": "CLOSED",
                                        "number": 7590,
                                        "__typename": "Issue"
                                    }
                                },
                                {
                                    "source": {
                                        "author": {
                                            "login": "hecksmosis"
                                        },
                                        "title": "Feature: Display recent folders in the folders widget",
                                        "url": "https://github.com/files-community/Files/pull/11155",
                                        "state": "MERGED",
                                        "number": 11155,
                                        "__typename": "PullRequest"
                                    }
                                }
                            ]
                        }
                    },
                    {
                        "author": {
                            "login": "zzz6839"
                        },
                        "title": "Add list layout",
                        "url": "https://github.com/files-community/Files/issues/6560",
                        "state": "CLOSED",
                        "number": 6560,
                        "timelineItems": {
                            "nodes": []
                        }
                    },
                    {
                        "author": {
                            "login": "riccardo-franchi"
                        },
                        "title": "App freezes on splash screen",
                        "url": "https://github.com/files-community/Files/issues/6551",
                        "state": "CLOSED",
                        "number": 6551,
                        "timelineItems": {
                            "nodes": []
                        }
                    },
                    {
                        "author": {
                            "login": "moodyking"
                        },
                        "title": "override file without asking",
                        "url": "https://github.com/files-community/Files/issues/6545",
                        "state": "CLOSED",
                        "number": 6545,
                        "timelineItems": {
                            "nodes": []
                        }
                    },
                    {
                        "author": {
                            "login": "tellmewhy12"
                        },
                        "title": "Feature: Ctrl + alt + enter to open in new window",
                        "url": "https://github.com/files-community/Files/issues/6539",
                        "state": "CLOSED",
                        "number": 6539,
                        "timelineItems": {
                            "nodes": [
                                {
                                    "source": {
                                        "author": {
                                            "login": "ELowry"
                                        },
                                        "title": "Feature: Open folder in new tab with ctrl + enter",
                                        "url": "https://github.com/files-community/Files/issues/9499",
                                        "state": "CLOSED",
                                        "number": 9499,
                                        "__typename": "Issue"
                                    }
                                },
                                {
                                    "source": {
                                        "author": {
                                            "login": "yaira2"
                                        },
                                        "title": "Feature: Open folder in new window via `ctrl` + `alt` + `enter`",
                                        "url": "https://github.com/files-community/Files/pull/13837",
                                        "state": "MERGED",
                                        "number": 13837,
                                        "__typename": "PullRequest"
                                    }
                                }
                            ]
                        }
                    },
                    {
                        "author": {
                            "login": "wo4861069"
                        },
                        "title": "multiple files cannot be dragged directly with a cut to another folder",
                        "url": "https://github.com/files-community/Files/issues/6536",
                        "state": "CLOSED",
                        "number": 6536,
                        "timelineItems": {
                            "nodes": []
                        }
                    },
                    {
                        "author": {
                            "login": "sam1357"
                        },
                        "title": "New Tabs on Files do not show title/icon",
                        "url": "https://github.com/files-community/Files/issues/6533",
                        "state": "CLOSED",
                        "number": 6533,
                        "timelineItems": {
                            "nodes": []
                        }
                    },
                    {
                        "author": {
                            "login": "ezxpro"
                        },
                        "title": "Pasting from MTP device doesn't work.",
                        "url": "https://github.com/files-community/Files/issues/6518",
                        "state": "CLOSED",
                        "number": 6518,
                        "timelineItems": {
                            "nodes": []
                        }
                    },
                    {
                        "author": {
                            "login": "MohammadMD1383"
                        },
                        "title": "boost app startup",
                        "url": "https://github.com/files-community/Files/issues/6516",
                        "state": "CLOSED",
                        "number": 6516,
                        "timelineItems": {
                            "nodes": []
                        }
                    },
                    {
                        "author": {
                            "login": "marcdfranc"
                        },
                        "title": "Drivers do not appear in side Bar",
                        "url": "https://github.com/files-community/Files/issues/6515",
                        "state": "CLOSED",
                        "number": 6515,
                        "timelineItems": {
                            "nodes": []
                        }
                    },
                    {
                        "author": {
                            "login": "StormDragon-64"
                        },
                        "title": "Low resolution images are blurry. ",
                        "url": "https://github.com/files-community/Files/issues/6473",
                        "state": "CLOSED",
                        "number": 6473,
                        "timelineItems": {
                            "nodes": []
                        }
                    },
                    {
                        "author": {
                            "login": "sultanmckings"
                        },
                        "title": "In a files properties, under the details tab, the information is center ruled, may look better left ruled.",
                        "url": "https://github.com/files-community/Files/issues/6470",
                        "state": "CLOSED",
                        "number": 6470,
                        "timelineItems": {
                            "nodes": []
                        }
                    },
                    {
                        "author": {
                            "login": "aayushyap89"
                        },
                        "title": "Display Google Drive in the cloud drive section on the sidebar",
                        "url": "https://github.com/files-community/Files/issues/6456",
                        "state": "CLOSED",
                        "number": 6456,
                        "timelineItems": {
                            "nodes": []
                        }
                    },
                    {
                        "author": {
                            "login": "NicoDominique"
                        },
                        "title": "Can't drag folders to another folder",
                        "url": "https://github.com/files-community/Files/issues/6451",
                        "state": "CLOSED",
                        "number": 6451,
                        "timelineItems": {
                            "nodes": []
                        }
                    },
                    {
                        "author": {
                            "login": "nachazo"
                        },
                        "title": "List view for folders",
                        "url": "https://github.com/files-community/Files/issues/6438",
                        "state": "CLOSED",
                        "number": 6438,
                        "timelineItems": {
                            "nodes": []
                        }
                    },
                    {
                        "author": {
                            "login": "ivanjx"
                        },
                        "title": "Drag and drop gets stuck until transfer is finished",
                        "url": "https://github.com/files-community/Files/issues/6430",
                        "state": "CLOSED",
                        "number": 6430,
                        "timelineItems": {
                            "nodes": []
                        }
                    },
                    {
                        "author": {
                            "login": "Syltti"
                        },
                        "title": "Deleting large files.",
                        "url": "https://github.com/files-community/Files/issues/6429",
                        "state": "CLOSED",
                        "number": 6429,
                        "timelineItems": {
                            "nodes": []
                        }
                    },
                    {
                        "author": {
                            "login": "PicoPlanetDev"
                        },
                        "title": "Hover effect for items in the left navigation pane has a broken line visual glitch",
                        "url": "https://github.com/files-community/Files/issues/6422",
                        "state": "CLOSED",
                        "number": 6422,
                        "timelineItems": {
                            "nodes": []
                        }
                    },
                    {
                        "author": {
                            "login": "Zusurs"
                        },
                        "title": "iCloud link should be shown in Files v2 sidebar like it does in Windows Explorer (see screenshot attached)",
                        "url": "https://github.com/files-community/Files/issues/6419",
                        "state": "CLOSED",
                        "number": 6419,
                        "timelineItems": {
                            "nodes": []
                        }
                    },
                    {
                        "author": {
                            "login": "ezxpro"
                        },
                        "title": "Change view on folder and it's subfolders",
                        "url": "https://github.com/files-community/Files/issues/6417",
                        "state": "CLOSED",
                        "number": 6417,
                        "timelineItems": {
                            "nodes": [
                                {
                                    "source": {
                                        "author": {
                                            "login": "yaira2"
                                        },
                                        "title": "📢📢 Planning for the v2.3 release",
                                        "url": "https://github.com/files-community/Files/issues/9095",
                                        "state": "CLOSED",
                                        "number": 9095,
                                        "__typename": "Issue"
                                    }
                                }
                            ]
                        }
                    },
                    {
                        "author": {
                            "login": "ezxpro"
                        },
                        "title": "[QUESTION] How can I use shell extensions with Files v2?",
                        "url": "https://github.com/files-community/Files/issues/6415",
                        "state": "CLOSED",
                        "number": 6415,
                        "timelineItems": {
                            "nodes": []
                        }
                    },
                    {
                        "author": {
                            "login": "mertbakir"
                        },
                        "title": "Docs AHK Win+E Doesn't Work",
                        "url": "https://github.com/files-community/Files/issues/6413",
                        "state": "CLOSED",
                        "number": 6413,
                        "timelineItems": {
                            "nodes": []
                        }
                    },
                    {
                        "author": {
                            "login": "bznemmanuel"
                        },
                        "title": "FTP function not working",
                        "url": "https://github.com/files-community/Files/issues/6402",
                        "state": "CLOSED",
                        "number": 6402,
                        "timelineItems": {
                            "nodes": []
                        }
                    },
                    {
                        "author": {
                            "login": "wnstngs"
                        },
                        "title": "Application crashes on click item in the sidebar",
                        "url": "https://github.com/files-community/Files/issues/6395",
                        "state": "CLOSED",
                        "number": 6395,
                        "timelineItems": {
                            "nodes": []
                        }
                    },
                    {
                        "author": {
                            "login": "IplaygamesIhate"
                        },
                        "title": "Couldn't copy huge files",
                        "url": "https://github.com/files-community/Files/issues/6392",
                        "state": "CLOSED",
                        "number": 6392,
                        "timelineItems": {
                            "nodes": []
                        }
                    },
                    {
                        "author": {
                            "login": "TechJack78"
                        },
                        "title": "Doesn't respect default zip app",
                        "url": "https://github.com/files-community/Files/issues/6381",
                        "state": "CLOSED",
                        "number": 6381,
                        "timelineItems": {
                            "nodes": [
                                {
                                    "source": {
                                        "author": {
                                            "login": "gave92"
                                        },
                                        "title": "Respect default app for zip files",
                                        "url": "https://github.com/files-community/Files/pull/6457",
                                        "state": "MERGED",
                                        "number": 6457,
                                        "__typename": "PullRequest"
                                    }
                                }
                            ]
                        }
                    },
                    {
                        "author": {
                            "login": "pratyakshm"
                        },
                        "title": "[Feature Request] Warning on closing Files app if an active file transfer operation is going on",
                        "url": "https://github.com/files-community/Files/issues/6368",
                        "state": "CLOSED",
                        "number": 6368,
                        "timelineItems": {
                            "nodes": []
                        }
                    },
                    {
                        "author": {
                            "login": "pratyakshm"
                        },
                        "title": "[Feature Request] Add clear all button in the Ongoing tasks flyout",
                        "url": "https://github.com/files-community/Files/issues/6365",
                        "state": "CLOSED",
                        "number": 6365,
                        "timelineItems": {
                            "nodes": [
                                {
                                    "source": {
                                        "author": {
                                            "login": "petrjancar"
                                        },
                                        "title": "Added clear all button",
                                        "url": "https://github.com/files-community/Files/pull/7025",
                                        "state": "MERGED",
                                        "number": 7025,
                                        "__typename": "PullRequest"
                                    }
                                }
                            ]
                        }
                    },
                    {
                        "author": {
                            "login": "ddudda174"
                        },
                        "title": "Renaming a file is aborted when marking text parts with the keyboard in specific layout modes",
                        "url": "https://github.com/files-community/Files/issues/6363",
                        "state": "CLOSED",
                        "number": 6363,
                        "timelineItems": {
                            "nodes": []
                        }
                    },
                    {
                        "author": {
                            "login": "SubjunctiveQuaver"
                        },
                        "title": "Exploration for title bar design to match that of Edge more closely",
                        "url": "https://github.com/files-community/Files/issues/6351",
                        "state": "CLOSED",
                        "number": 6351,
                        "timelineItems": {
                            "nodes": []
                        }
                    },
                    {
                        "author": {
                            "login": "creativefisher"
                        },
                        "title": "Consider participating in Hacktoberfest",
                        "url": "https://github.com/files-community/Files/issues/6349",
                        "state": "CLOSED",
                        "number": 6349,
                        "timelineItems": {
                            "nodes": []
                        }
                    },
                    {
                        "author": {
                            "login": "KarimMandor"
                        },
                        "title": "Files app crash every time i try to use it",
                        "url": "https://github.com/files-community/Files/issues/6347",
                        "state": "CLOSED",
                        "number": 6347,
                        "timelineItems": {
                            "nodes": []
                        }
                    },
                    {
                        "author": {
                            "login": "lawilson97"
                        },
                        "title": "Screen dips down to 60fps when opening the app",
                        "url": "https://github.com/files-community/Files/issues/6344",
                        "state": "CLOSED",
                        "number": 6344,
                        "timelineItems": {
                            "nodes": []
                        }
                    },
                    {
                        "author": {
                            "login": "iAmThatMichael"
                        },
                        "title": "Internal drives not showing, external does",
                        "url": "https://github.com/files-community/Files/issues/6342",
                        "state": "CLOSED",
                        "number": 6342,
                        "timelineItems": {
                            "nodes": []
                        }
                    },
                    {
                        "author": {
                            "login": "Zusurs"
                        },
                        "title": "Clicking on an empty space while in column layout crashes the Files2.0 on Windows 10",
                        "url": "https://github.com/files-community/Files/issues/6341",
                        "state": "CLOSED",
                        "number": 6341,
                        "timelineItems": {
                            "nodes": []
                        }
                    },
                    {
                        "author": {
                            "login": "CROSS-GAMER"
                        },
                        "title": "FOLDERS VIEW",
                        "url": "https://github.com/files-community/Files/issues/6325",
                        "state": "CLOSED",
                        "number": 6325,
                        "timelineItems": {
                            "nodes": []
                        }
                    },
                    {
                        "author": {
                            "login": "Alanimdeo"
                        },
                        "title": "When trying to make AppData folder favorite, the program crashes",
                        "url": "https://github.com/files-community/Files/issues/6269",
                        "state": "CLOSED",
                        "number": 6269,
                        "timelineItems": {
                            "nodes": []
                        }
                    },
                    {
                        "author": {
                            "login": "John-Zampa"
                        },
                        "title": "New Tab Display text change",
                        "url": "https://github.com/files-community/Files/issues/6267",
                        "state": "CLOSED",
                        "number": 6267,
                        "timelineItems": {
                            "nodes": []
                        }
                    },
                    {
                        "author": {
                            "login": "whmsft"
                        },
                        "title": ".exe or .msi installer file?",
                        "url": "https://github.com/files-community/Files/issues/6257",
                        "state": "CLOSED",
                        "number": 6257,
                        "timelineItems": {
                            "nodes": []
                        }
                    },
                    {
                        "author": {
                            "login": "Sage222"
                        },
                        "title": "When creating new items in mapped network drives you have to refresh to be able to see it",
                        "url": "https://github.com/files-community/Files/issues/6246",
                        "state": "CLOSED",
                        "number": 6246,
                        "timelineItems": {
                            "nodes": []
                        }
                    },
                    {
                        "author": {
                            "login": "defutian"
                        },
                        "title": "When you right-click and move to the submenu option, the submenu cannot be automatically closed when a new window is opened",
                        "url": "https://github.com/files-community/Files/issues/6244",
                        "state": "CLOSED",
                        "number": 6244,
                        "timelineItems": {
                            "nodes": []
                        }
                    },
                    {
                        "author": {
                            "login": "defutian"
                        },
                        "title": "Some problems in using files in China",
                        "url": "https://github.com/files-community/Files/issues/6243",
                        "state": "CLOSED",
                        "number": 6243,
                        "timelineItems": {
                            "nodes": []
                        }
                    },
                    {
                        "author": {
                            "login": "KibSquib48"
                        },
                        "title": "Show images on folder hover",
                        "url": "https://github.com/files-community/Files/issues/6228",
                        "state": "CLOSED",
                        "number": 6228,
                        "timelineItems": {
                            "nodes": []
                        }
                    },
                    {
                        "author": {
                            "login": "Josh65-2201"
                        },
                        "title": "Colum sizes don't save position when re entering the folder",
                        "url": "https://github.com/files-community/Files/issues/6199",
                        "state": "CLOSED",
                        "number": 6199,
                        "timelineItems": {
                            "nodes": []
                        }
                    },
                    {
                        "author": {
                            "login": "ZoroNasr"
                        },
                        "title": "To be able to move with the arrows once i entered the folder",
                        "url": "https://github.com/files-community/Files/issues/6198",
                        "state": "CLOSED",
                        "number": 6198,
                        "timelineItems": {
                            "nodes": [
                                {
                                    "source": {
                                        "author": {
                                            "login": "ivanjx"
                                        },
                                        "title": "Use arrow keys to select files/folder",
                                        "url": "https://github.com/files-community/Files/issues/6428",
                                        "state": "CLOSED",
                                        "number": 6428,
                                        "__typename": "Issue"
                                    }
                                },
                                {
                                    "source": {
                                        "author": {
                                            "login": "gave92"
                                        },
                                        "title": "Fix issues with keyboard focus in Details view",
                                        "url": "https://github.com/files-community/Files/pull/7390",
                                        "state": "MERGED",
                                        "number": 7390,
                                        "__typename": "PullRequest"
                                    }
                                }
                            ]
                        }
                    },
                    {
                        "author": {
                            "login": "ZoroNasr"
                        },
                        "title": "Change color of new and selection pane toolbar",
                        "url": "https://github.com/files-community/Files/issues/6196",
                        "state": "CLOSED",
                        "number": 6196,
                        "timelineItems": {
                            "nodes": []
                        }
                    },
                    {
                        "author": {
                            "login": "rafaelsouzams"
                        },
                        "title": "\"Info\" button on toolbar",
                        "url": "https://github.com/files-community/Files/issues/6195",
                        "state": "CLOSED",
                        "number": 6195,
                        "timelineItems": {
                            "nodes": []
                        }
                    },
                    {
                        "author": null,
                        "title": "The sub category in the right click drop down menu not working",
                        "url": "https://github.com/files-community/Files/issues/6194",
                        "state": "CLOSED",
                        "number": 6194,
                        "timelineItems": {
                            "nodes": []
                        }
                    },
                    {
                        "author": {
                            "login": "23Bluemaster23"
                        },
                        "title": "Crash when open folder on 1809",
                        "url": "https://github.com/files-community/Files/issues/6176",
                        "state": "CLOSED",
                        "number": 6176,
                        "timelineItems": {
                            "nodes": [
                                {
                                    "source": {
                                        "author": {
                                            "login": "gave92"
                                        },
                                        "title": "Add version check before accessing HasThreadAccess property",
                                        "url": "https://github.com/files-community/Files/pull/6180",
                                        "state": "MERGED",
                                        "number": 6180,
                                        "__typename": "PullRequest"
                                    }
                                }
                            ]
                        }
                    },
                    {
                        "author": {
                            "login": "cleuton4k"
                        },
                        "title": "add checkboxes to select items.",
                        "url": "https://github.com/files-community/Files/issues/6174",
                        "state": "CLOSED",
                        "number": 6174,
                        "timelineItems": {
                            "nodes": []
                        }
                    },
                    {
                        "author": {
                            "login": "cleuton4k"
                        },
                        "title": "some menus are dimmed",
                        "url": "https://github.com/files-community/Files/issues/6172",
                        "state": "CLOSED",
                        "number": 6172,
                        "timelineItems": {
                            "nodes": []
                        }
                    },
                    {
                        "author": {
                            "login": "cleuton4k"
                        },
                        "title": "The tab loading indicator keeps loading infinitely",
                        "url": "https://github.com/files-community/Files/issues/6171",
                        "state": "CLOSED",
                        "number": 6171,
                        "timelineItems": {
                            "nodes": [
                                {
                                    "source": {
                                        "author": {
                                            "login": "gave92"
                                        },
                                        "title": "Show file operation progress on Taskbar & continue operations when minimized",
                                        "url": "https://github.com/files-community/Files/pull/6273",
                                        "state": "MERGED",
                                        "number": 6273,
                                        "__typename": "PullRequest"
                                    }
                                }
                            ]
                        }
                    },
                    {
                        "author": {
                            "login": "ketonik"
                        },
                        "title": "Ability to reorder sidebar sections",
                        "url": "https://github.com/files-community/Files/issues/6161",
                        "state": "CLOSED",
                        "number": 6161,
                        "timelineItems": {
                            "nodes": []
                        }
                    },
                    {
                        "author": {
                            "login": "hez2010"
                        },
                        "title": "Use InfoBadge for indicating remaining works on status center icon",
                        "url": "https://github.com/files-community/Files/issues/6155",
                        "state": "CLOSED",
                        "number": 6155,
                        "timelineItems": {
                            "nodes": [
                                {
                                    "source": {
                                        "author": {
                                            "login": "dependabot"
                                        },
                                        "title": "Bump Microsoft.UI.Xaml from 2.6.2 to 2.7.0",
                                        "url": "https://github.com/files-community/Files/pull/6136",
                                        "state": "MERGED",
                                        "number": 6136,
                                        "__typename": "PullRequest"
                                    }
                                },
                                {
                                    "source": {
                                        "author": {
                                            "login": "Josh65-2201"
                                        },
                                        "title": "Add a tick or X for operation status like MS edge downloads",
                                        "url": "https://github.com/files-community/Files/issues/6038",
                                        "state": "CLOSED",
                                        "number": 6038,
                                        "__typename": "Issue"
                                    }
                                },
                                {
                                    "source": {
                                        "author": {
                                            "login": "hez2010"
                                        },
                                        "title": "Added InfoBadge to status center",
                                        "url": "https://github.com/files-community/Files/pull/6525",
                                        "state": "MERGED",
                                        "number": 6525,
                                        "__typename": "PullRequest"
                                    }
                                }
                            ]
                        }
                    },
                    {
                        "author": {
                            "login": "rigorimpossible"
                        },
                        "title": "Preview Pane displays nothing when no item is selected",
                        "url": "https://github.com/files-community/Files/issues/6137",
                        "state": "CLOSED",
                        "number": 6137,
                        "timelineItems": {
                            "nodes": []
                        }
                    },
                    {
                        "author": {
                            "login": "flumiie"
                        },
                        "title": "Context menu on offset",
                        "url": "https://github.com/files-community/Files/issues/6125",
                        "state": "CLOSED",
                        "number": 6125,
                        "timelineItems": {
                            "nodes": []
                        }
                    },
                    {
                        "author": {
                            "login": "Josh65-2201"
                        },
                        "title": "Only open .zip files if file explorer is set to open them by default",
                        "url": "https://github.com/files-community/Files/issues/6110",
                        "state": "CLOSED",
                        "number": 6110,
                        "timelineItems": {
                            "nodes": [
                                {
                                    "source": {
                                        "author": {
                                            "login": "TechJack78"
                                        },
                                        "title": "Doesn't respect default zip app",
                                        "url": "https://github.com/files-community/Files/issues/6381",
                                        "state": "CLOSED",
                                        "number": 6381,
                                        "__typename": "Issue"
                                    }
                                },
                                {
                                    "source": {
                                        "author": {
                                            "login": "gave92"
                                        },
                                        "title": "Respect default app for zip files",
                                        "url": "https://github.com/files-community/Files/pull/6457",
                                        "state": "MERGED",
                                        "number": 6457,
                                        "__typename": "PullRequest"
                                    }
                                },
                                {
                                    "source": {
                                        "author": {
                                            "login": "Josh65-2201"
                                        },
                                        "title": "Open .zips in files rather than file explorer using external programs when it's set as default",
                                        "url": "https://github.com/files-community/Files/issues/7600",
                                        "state": "CLOSED",
                                        "number": 7600,
                                        "__typename": "Issue"
                                    }
                                }
                            ]
                        }
                    },
                    {
                        "author": {
                            "login": "Josh65-2201"
                        },
                        "title": "Can't copy or move shortcuts",
                        "url": "https://github.com/files-community/Files/issues/6108",
                        "state": "CLOSED",
                        "number": 6108,
                        "timelineItems": {
                            "nodes": [
                                {
                                    "source": {
                                        "author": {
                                            "login": "gave92"
                                        },
                                        "title": "Fix copy/paste for shortcuts",
                                        "url": "https://github.com/files-community/Files/pull/6109",
                                        "state": "MERGED",
                                        "number": 6109,
                                        "__typename": "PullRequest"
                                    }
                                }
                            ]
                        }
                    },
                    {
                        "author": {
                            "login": "Lamparter"
                        },
                        "title": "Use custom fonts in Files",
                        "url": "https://github.com/files-community/Files/issues/6102",
                        "state": "CLOSED",
                        "number": 6102,
                        "timelineItems": {
                            "nodes": []
                        }
                    },
                    {
                        "author": {
                            "login": "Asymmetric1"
                        },
                        "title": "Icons",
                        "url": "https://github.com/files-community/Files/issues/6095",
                        "state": "CLOSED",
                        "number": 6095,
                        "timelineItems": {
                            "nodes": []
                        }
                    },
                    {
                        "author": {
                            "login": "BanCrash"
                        },
                        "title": "Add a Bundles sidebar section",
                        "url": "https://github.com/files-community/Files/issues/6075",
                        "state": "CLOSED",
                        "number": 6075,
                        "timelineItems": {
                            "nodes": []
                        }
                    },
                    {
                        "author": {
                            "login": "JuanChiogna"
                        },
                        "title": "Can't write \"á\" using \"ctrl + alt + a\" with English international keyboard layout when renaming files",
                        "url": "https://github.com/files-community/Files/issues/6062",
                        "state": "CLOSED",
                        "number": 6062,
                        "timelineItems": {
                            "nodes": []
                        }
                    },
                    {
                        "author": {
                            "login": "cleuton4k"
                        },
                        "title": "error showing hidden files.",
                        "url": "https://github.com/files-community/Files/issues/6059",
                        "state": "CLOSED",
                        "number": 6059,
                        "timelineItems": {
                            "nodes": []
                        }
                    },
                    {
                        "author": {
                            "login": "padredalvi"
                        },
                        "title": "\"extract\" in context menu",
                        "url": "https://github.com/files-community/Files/issues/6050",
                        "state": "CLOSED",
                        "number": 6050,
                        "timelineItems": {
                            "nodes": []
                        }
                    },
                    {
                        "author": {
                            "login": "Josh65-2201"
                        },
                        "title": "Working directory in shortcuts are not editable or shown",
                        "url": "https://github.com/files-community/Files/issues/6048",
                        "state": "CLOSED",
                        "number": 6048,
                        "timelineItems": {
                            "nodes": []
                        }
                    },
                    {
                        "author": {
                            "login": "SED4906"
                        },
                        "title": "Renaming folders may rip them in half",
                        "url": "https://github.com/files-community/Files/issues/6043",
                        "state": "CLOSED",
                        "number": 6043,
                        "timelineItems": {
                            "nodes": []
                        }
                    },
                    {
                        "author": {
                            "login": "BanCrash"
                        },
                        "title": "Folders on Home are not working",
                        "url": "https://github.com/files-community/Files/issues/6034",
                        "state": "CLOSED",
                        "number": 6034,
                        "timelineItems": {
                            "nodes": [
                                {
                                    "source": {
                                        "author": {
                                            "login": "BanCrash"
                                        },
                                        "title": "Accessing a network folder by writing it on the address bar crash Files",
                                        "url": "https://github.com/files-community/Files/issues/6042",
                                        "state": "CLOSED",
                                        "number": 6042,
                                        "__typename": "Issue"
                                    }
                                },
                                {
                                    "source": {
                                        "author": {
                                            "login": "d2dyno1"
                                        },
                                        "title": "Fixed library cards not opening on click",
                                        "url": "https://github.com/files-community/Files/pull/6045",
                                        "state": "MERGED",
                                        "number": 6045,
                                        "__typename": "PullRequest"
                                    }
                                }
                            ]
                        }
                    },
                    {
                        "author": {
                            "login": "yaira2"
                        },
                        "title": "Transition settings to json format",
                        "url": "https://github.com/files-community/Files/issues/6033",
                        "state": "CLOSED",
                        "number": 6033,
                        "timelineItems": {
                            "nodes": [
                                {
                                    "source": {
                                        "author": {
                                            "login": "oleitao"
                                        },
                                        "title": "Add option to export\\import settings #1260",
                                        "url": "https://github.com/files-community/Files/pull/6001",
                                        "state": "CLOSED",
                                        "number": 6001,
                                        "__typename": "PullRequest"
                                    }
                                },
                                {
                                    "source": {
                                        "author": {
                                            "login": "d2dyno1"
                                        },
                                        "title": "Transitioned to Json Settings",
                                        "url": "https://github.com/files-community/Files/pull/6113",
                                        "state": "MERGED",
                                        "number": 6113,
                                        "__typename": "PullRequest"
                                    }
                                }
                            ]
                        }
                    },
                    {
                        "author": {
                            "login": "yaira2"
                        },
                        "title": "Bug: Multiselect doesn't work in the columns layout",
                        "url": "https://github.com/files-community/Files/issues/6031",
                        "state": "CLOSED",
                        "number": 6031,
                        "timelineItems": {
                            "nodes": []
                        }
                    },
                    {
                        "author": {
                            "login": "stanleyowen"
                        },
                        "title": "Allow Users to Scroll Horizontally when `y-overflow` is Present and No `x-overflow`",
                        "url": "https://github.com/files-community/Files/issues/6013",
                        "state": "CLOSED",
                        "number": 6013,
                        "timelineItems": {
                            "nodes": []
                        }
                    },
                    {
                        "author": {
                            "login": "xumepoc"
                        },
                        "title": "Releases",
                        "url": "https://github.com/files-community/Files/issues/6006",
                        "state": "CLOSED",
                        "number": 6006,
                        "timelineItems": {
                            "nodes": []
                        }
                    },
                    {
                        "author": {
                            "login": "PostboxRetinal"
                        },
                        "title": "Can't create files on protected folders",
                        "url": "https://github.com/files-community/Files/issues/5956",
                        "state": "CLOSED",
                        "number": 5956,
                        "timelineItems": {
                            "nodes": [
                                {
                                    "source": {
                                        "author": {
                                            "login": "gave92"
                                        },
                                        "title": "Create files and folder as admin",
                                        "url": "https://github.com/files-community/Files/pull/5967",
                                        "state": "MERGED",
                                        "number": 5967,
                                        "__typename": "PullRequest"
                                    }
                                }
                            ]
                        }
                    },
                    {
                        "author": {
                            "login": "SikSlayer"
                        },
                        "title": "Would like to be able to rearrange favorites by dragging them around",
                        "url": "https://github.com/files-community/Files/issues/5951",
                        "state": "CLOSED",
                        "number": 5951,
                        "timelineItems": {
                            "nodes": []
                        }
                    },
                    {
                        "author": {
                            "login": "Weshnaw"
                        },
                        "title": "Allow MEGA to show up in cloud drives",
                        "url": "https://github.com/files-community/Files/issues/5946",
                        "state": "CLOSED",
                        "number": 5946,
                        "timelineItems": {
                            "nodes": [
                                {
                                    "source": {
                                        "author": {
                                            "login": "gave92"
                                        },
                                        "title": "Re-add support for MEGA cloud drive",
                                        "url": "https://github.com/files-community/Files/pull/6076",
                                        "state": "MERGED",
                                        "number": 6076,
                                        "__typename": "PullRequest"
                                    }
                                }
                            ]
                        }
                    },
                    {
                        "author": {
                            "login": "stanleyowen"
                        },
                        "title": "Unresponsive Drive Section",
                        "url": "https://github.com/files-community/Files/issues/5917",
                        "state": "CLOSED",
                        "number": 5917,
                        "timelineItems": {
                            "nodes": []
                        }
                    }
                ]
            }
        }
    }
}