{
    "data": {
        "repository": {
            "issues": {
                "pageInfo": {
                    "endCursor": "Y3Vyc29yOnYyOpIBzkO6p2g="
                },
                "nodes": [
                    {
                        "author": {
                            "login": "narutophuc113"
                        },
                        "title": "Favorites section always collapse when open",
                        "url": "https://github.com/files-community/Files/issues/8631",
                        "state": "CLOSED",
                        "number": 8631,
                        "timelineItems": {
                            "nodes": []
                        }
                    },
                    {
                        "author": {
                            "login": "pli7pli7"
                        },
                        "title": "Files App: MS Office files cannot be previewed",
                        "url": "https://github.com/files-community/Files/issues/8628",
                        "state": "CLOSED",
                        "number": 8628,
                        "timelineItems": {
                            "nodes": []
                        }
                    },
                    {
                        "author": {
                            "login": "fori920"
                        },
                        "title": "Crash when removing multiple .exe files",
                        "url": "https://github.com/files-community/Files/issues/8627",
                        "state": "CLOSED",
                        "number": 8627,
                        "timelineItems": {
                            "nodes": []
                        }
                    },
                    {
                        "author": {
                            "login": "SaajidAtVX7"
                        },
                        "title": "Bottom deatils pane",
                        "url": "https://github.com/files-community/Files/issues/8620",
                        "state": "CLOSED",
                        "number": 8620,
                        "timelineItems": {
                            "nodes": []
                        }
                    },
                    {
                        "author": {
                            "login": "SaajidAtVX7"
                        },
                        "title": "Option for hinding sidebar",
                        "url": "https://github.com/files-community/Files/issues/8618",
                        "state": "CLOSED",
                        "number": 8618,
                        "timelineItems": {
                            "nodes": []
                        }
                    },
                    {
                        "author": {
                            "login": "SaajidAtVX7"
                        },
                        "title": "Adjusting width of the columm in column layout",
                        "url": "https://github.com/files-community/Files/issues/8617",
                        "state": "CLOSED",
                        "number": 8617,
                        "timelineItems": {
                            "nodes": []
                        }
                    },
                    {
                        "author": {
                            "login": "SaajidAtVX7"
                        },
                        "title": "Sorting options are not available in column layout",
                        "url": "https://github.com/files-community/Files/issues/8616",
                        "state": "CLOSED",
                        "number": 8616,
                        "timelineItems": {
                            "nodes": []
                        }
                    },
                    {
                        "author": {
                            "login": "SaajidAtVX7"
                        },
                        "title": "File sorting options",
                        "url": "https://github.com/files-community/Files/issues/8615",
                        "state": "CLOSED",
                        "number": 8615,
                        "timelineItems": {
                            "nodes": []
                        }
                    },
                    {
                        "author": {
                            "login": "Splitpulse"
                        },
                        "title": "Thumbnails Not showing",
                        "url": "https://github.com/files-community/Files/issues/8614",
                        "state": "CLOSED",
                        "number": 8614,
                        "timelineItems": {
                            "nodes": []
                        }
                    },
                    {
                        "author": {
                            "login": "almes10"
                        },
                        "title": "User/PW window do not show when access to file server",
                        "url": "https://github.com/files-community/Files/issues/8613",
                        "state": "CLOSED",
                        "number": 8613,
                        "timelineItems": {
                            "nodes": []
                        }
                    },
                    {
                        "author": {
                            "login": "mursonic"
                        },
                        "title": "No error message if a USB stick hasn't any space left",
                        "url": "https://github.com/files-community/Files/issues/8610",
                        "state": "CLOSED",
                        "number": 8610,
                        "timelineItems": {
                            "nodes": []
                        }
                    },
                    {
                        "author": {
                            "login": "dhbtfs"
                        },
                        "title": "Add support for showing dot files on network drives",
                        "url": "https://github.com/files-community/Files/issues/8607",
                        "state": "CLOSED",
                        "number": 8607,
                        "timelineItems": {
                            "nodes": []
                        }
                    },
                    {
                        "author": {
                            "login": "SpoonMcForky"
                        },
                        "title": "Can't access root of Drives",
                        "url": "https://github.com/files-community/Files/issues/8606",
                        "state": "CLOSED",
                        "number": 8606,
                        "timelineItems": {
                            "nodes": []
                        }
                    },
                    {
                        "author": {
                            "login": "Viole403"
                        },
                        "title": "Can't open terminal",
                        "url": "https://github.com/files-community/Files/issues/8603",
                        "state": "CLOSED",
                        "number": 8603,
                        "timelineItems": {
                            "nodes": [
                                {
                                    "source": {
                                        "author": {
                                            "login": "AlexNakamuraDF"
                                        },
                                        "title": "Can't open folder in Windows Terminal",
                                        "url": "https://github.com/files-community/Files/issues/11554",
                                        "state": "CLOSED",
                                        "number": 11554,
                                        "__typename": "Issue"
                                    }
                                }
                            ]
                        }
                    },
                    {
                        "author": {
                            "login": "BryanHJH"
                        },
                        "title": "Files Crashing when opening cloud drive folder",
                        "url": "https://github.com/files-community/Files/issues/8599",
                        "state": "CLOSED",
                        "number": 8599,
                        "timelineItems": {
                            "nodes": [
                                {
                                    "source": {
                                        "author": {
                                            "login": "ludo3163"
                                        },
                                        "title": "ondrive crash",
                                        "url": "https://github.com/files-community/Files/issues/8881",
                                        "state": "CLOSED",
                                        "number": 8881,
                                        "__typename": "Issue"
                                    }
                                }
                            ]
                        }
                    },
                    {
                        "author": {
                            "login": "shetozz"
                        },
                        "title": "Hover margin for tabs",
                        "url": "https://github.com/files-community/Files/issues/8597",
                        "state": "CLOSED",
                        "number": 8597,
                        "timelineItems": {
                            "nodes": []
                        }
                    },
                    {
                        "author": {
                            "login": "MaxSteven"
                        },
                        "title": "Drag files into folder tricker media keys",
                        "url": "https://github.com/files-community/Files/issues/8593",
                        "state": "CLOSED",
                        "number": 8593,
                        "timelineItems": {
                            "nodes": []
                        }
                    },
                    {
                        "author": {
                            "login": "ezul4000"
                        },
                        "title": "No thumbnail preview for .blend file",
                        "url": "https://github.com/files-community/Files/issues/8592",
                        "state": "CLOSED",
                        "number": 8592,
                        "timelineItems": {
                            "nodes": []
                        }
                    },
                    {
                        "author": {
                            "login": "TheBanishingOfMosquito"
                        },
                        "title": "Remove the shortcut overlay icon",
                        "url": "https://github.com/files-community/Files/issues/8591",
                        "state": "CLOSED",
                        "number": 8591,
                        "timelineItems": {
                            "nodes": [
                                {
                                    "source": {
                                        "author": {
                                            "login": "Flying-Ass"
                                        },
                                        "title": "Shortcut icons not showing ",
                                        "url": "https://github.com/files-community/Files/issues/10017",
                                        "state": "CLOSED",
                                        "number": 10017,
                                        "__typename": "Issue"
                                    }
                                },
                                {
                                    "source": {
                                        "author": {
                                            "login": "Flying-Ass"
                                        },
                                        "title": "Shortcut icons are not showing",
                                        "url": "https://github.com/files-community/Files/issues/10018",
                                        "state": "CLOSED",
                                        "number": 10018,
                                        "__typename": "Issue"
                                    }
                                }
                            ]
                        }
                    },
                    {
                        "author": {
                            "login": "StormVortexx"
                        },
                        "title": "A bug while dragging files ",
                        "url": "https://github.com/files-community/Files/issues/8590",
                        "state": "CLOSED",
                        "number": 8590,
                        "timelineItems": {
                            "nodes": []
                        }
                    },
                    {
                        "author": {
                            "login": "CapoFantasma97"
                        },
                        "title": "Using default Context Menu and Properties page",
                        "url": "https://github.com/files-community/Files/issues/8588",
                        "state": "CLOSED",
                        "number": 8588,
                        "timelineItems": {
                            "nodes": []
                        }
                    },
                    {
                        "author": {
                            "login": "Mopsior"
                        },
                        "title": "Open terminal on rightclick on a folder",
                        "url": "https://github.com/files-community/Files/issues/8584",
                        "state": "CLOSED",
                        "number": 8584,
                        "timelineItems": {
                            "nodes": []
                        }
                    },
                    {
                        "author": {
                            "login": "fabian-st"
                        },
                        "title": "Stop favorites from disappearing when drive is not mounted",
                        "url": "https://github.com/files-community/Files/issues/8575",
                        "state": "CLOSED",
                        "number": 8575,
                        "timelineItems": {
                            "nodes": []
                        }
                    },
                    {
                        "author": {
                            "login": "servebeer"
                        },
                        "title": "History Sidebar",
                        "url": "https://github.com/files-community/Files/issues/8571",
                        "state": "CLOSED",
                        "number": 8571,
                        "timelineItems": {
                            "nodes": []
                        }
                    },
                    {
                        "author": {
                            "login": "TronTheGamer"
                        },
                        "title": "Files Crashes when right clicking on folders in External SSD",
                        "url": "https://github.com/files-community/Files/issues/8570",
                        "state": "CLOSED",
                        "number": 8570,
                        "timelineItems": {
                            "nodes": []
                        }
                    },
                    {
                        "author": {
                            "login": "jolopapina"
                        },
                        "title": "Add support for new app picker in Windows 11",
                        "url": "https://github.com/files-community/Files/issues/8568",
                        "state": "CLOSED",
                        "number": 8568,
                        "timelineItems": {
                            "nodes": []
                        }
                    },
                    {
                        "author": {
                            "login": "Giovanni-89"
                        },
                        "title": "file manager predefinito",
                        "url": "https://github.com/files-community/Files/issues/8567",
                        "state": "CLOSED",
                        "number": 8567,
                        "timelineItems": {
                            "nodes": []
                        }
                    },
                    {
                        "author": {
                            "login": "a95788"
                        },
                        "title": "add \"press space buttton to preview\"feature",
                        "url": "https://github.com/files-community/Files/issues/8565",
                        "state": "CLOSED",
                        "number": 8565,
                        "timelineItems": {
                            "nodes": []
                        }
                    },
                    {
                        "author": {
                            "login": "EvilCheez"
                        },
                        "title": "Bundles dissapear on startup",
                        "url": "https://github.com/files-community/Files/issues/8563",
                        "state": "CLOSED",
                        "number": 8563,
                        "timelineItems": {
                            "nodes": []
                        }
                    },
                    {
                        "author": {
                            "login": "imessenger98"
                        },
                        "title": "application  getting closed when I open a folder in new tab and I click on secondary mouse button to go back.",
                        "url": "https://github.com/files-community/Files/issues/8561",
                        "state": "CLOSED",
                        "number": 8561,
                        "timelineItems": {
                            "nodes": []
                        }
                    },
                    {
                        "author": {
                            "login": "tanmoypaul007"
                        },
                        "title": "Make default file manager ",
                        "url": "https://github.com/files-community/Files/issues/8560",
                        "state": "CLOSED",
                        "number": 8560,
                        "timelineItems": {
                            "nodes": []
                        }
                    },
                    {
                        "author": {
                            "login": "totallygeekdom"
                        },
                        "title": "Opening picture library crashes app",
                        "url": "https://github.com/files-community/Files/issues/8555",
                        "state": "CLOSED",
                        "number": 8555,
                        "timelineItems": {
                            "nodes": []
                        }
                    },
                    {
                        "author": {
                            "login": "sherlockhlm"
                        },
                        "title": "Updating Drive Sizes",
                        "url": "https://github.com/files-community/Files/issues/8552",
                        "state": "CLOSED",
                        "number": 8552,
                        "timelineItems": {
                            "nodes": []
                        }
                    },
                    {
                        "author": {
                            "login": "dany20mh"
                        },
                        "title": "Box - Cloud Drive",
                        "url": "https://github.com/files-community/Files/issues/8551",
                        "state": "CLOSED",
                        "number": 8551,
                        "timelineItems": {
                            "nodes": []
                        }
                    },
                    {
                        "author": {
                            "login": "lovexxx"
                        },
                        "title": "Some descriptions translated into other languages when simplified Chinese is set",
                        "url": "https://github.com/files-community/Files/issues/8550",
                        "state": "CLOSED",
                        "number": 8550,
                        "timelineItems": {
                            "nodes": []
                        }
                    },
                    {
                        "author": {
                            "login": "cfischer69"
                        },
                        "title": "Allow reordering of Favorites",
                        "url": "https://github.com/files-community/Files/issues/8547",
                        "state": "CLOSED",
                        "number": 8547,
                        "timelineItems": {
                            "nodes": []
                        }
                    },
                    {
                        "author": {
                            "login": "ac615223s5"
                        },
                        "title": "turn off filenames cutoff",
                        "url": "https://github.com/files-community/Files/issues/8544",
                        "state": "CLOSED",
                        "number": 8544,
                        "timelineItems": {
                            "nodes": []
                        }
                    },
                    {
                        "author": {
                            "login": "Huihui-Mao"
                        },
                        "title": "cut operation (Ctrl+X) cannot be used",
                        "url": "https://github.com/files-community/Files/issues/8540",
                        "state": "CLOSED",
                        "number": 8540,
                        "timelineItems": {
                            "nodes": []
                        }
                    },
                    {
                        "author": {
                            "login": "Radical4ever"
                        },
                        "title": "The \"set as default file manager is missing\"",
                        "url": "https://github.com/files-community/Files/issues/8539",
                        "state": "CLOSED",
                        "number": 8539,
                        "timelineItems": {
                            "nodes": []
                        }
                    },
                    {
                        "author": {
                            "login": "DevanshR1123"
                        },
                        "title": "Randomly opens C://",
                        "url": "https://github.com/files-community/Files/issues/8536",
                        "state": "CLOSED",
                        "number": 8536,
                        "timelineItems": {
                            "nodes": []
                        }
                    },
                    {
                        "author": {
                            "login": "vertigobo"
                        },
                        "title": "Favorites section on application start",
                        "url": "https://github.com/files-community/Files/issues/8535",
                        "state": "CLOSED",
                        "number": 8535,
                        "timelineItems": {
                            "nodes": []
                        }
                    },
                    {
                        "author": {
                            "login": "OscarPutz14"
                        },
                        "title": "Can't set to default anymore because button doesn't exist!",
                        "url": "https://github.com/files-community/Files/issues/8527",
                        "state": "CLOSED",
                        "number": 8527,
                        "timelineItems": {
                            "nodes": []
                        }
                    },
                    {
                        "author": {
                            "login": "anoykin"
                        },
                        "title": "There is a folder located on the desktop and in File Explorer. When opened from the desktop, instead of the name \"TG Spam\" in Files, TG is written (and, accordingly, it turns out that such a folder was not found). Fix this please! Attached video with error  https://disk.yandex.ru/i/1Xis76SbO4VYlQ",
                        "url": "https://github.com/files-community/Files/issues/8524",
                        "state": "CLOSED",
                        "number": 8524,
                        "timelineItems": {
                            "nodes": []
                        }
                    },
                    {
                        "author": {
                            "login": "anoykin"
                        },
                        "title": "files can not open files with space",
                        "url": "https://github.com/files-community/Files/issues/8522",
                        "state": "CLOSED",
                        "number": 8522,
                        "timelineItems": {
                            "nodes": []
                        }
                    },
                    {
                        "author": {
                            "login": "lopbox"
                        },
                        "title": "Set default file manager nowhere to be found",
                        "url": "https://github.com/files-community/Files/issues/8521",
                        "state": "CLOSED",
                        "number": 8521,
                        "timelineItems": {
                            "nodes": []
                        }
                    },
                    {
                        "author": {
                            "login": "aconc"
                        },
                        "title": "Cloud Box Folder continuously refreshes ",
                        "url": "https://github.com/files-community/Files/issues/8518",
                        "state": "CLOSED",
                        "number": 8518,
                        "timelineItems": {
                            "nodes": []
                        }
                    },
                    {
                        "author": {
                            "login": "Chrisswl"
                        },
                        "title": "Shortcuts on network drives",
                        "url": "https://github.com/files-community/Files/issues/8510",
                        "state": "CLOSED",
                        "number": 8510,
                        "timelineItems": {
                            "nodes": []
                        }
                    },
                    {
                        "author": {
                            "login": "doanhuuhoa1603"
                        },
                        "title": "File/Folder's properties box is not displayed properly when using Dark Mode on Windows 11",
                        "url": "https://github.com/files-community/Files/issues/8505",
                        "state": "CLOSED",
                        "number": 8505,
                        "timelineItems": {
                            "nodes": []
                        }
                    },
                    {
                        "author": {
                            "login": "Mannshoch"
                        },
                        "title": "Not able to move the window if the drager point is out of the right window edge.",
                        "url": "https://github.com/files-community/Files/issues/8504",
                        "state": "CLOSED",
                        "number": 8504,
                        "timelineItems": {
                            "nodes": [
                                {
                                    "source": {
                                        "author": {
                                            "login": "yaira2"
                                        },
                                        "title": "Fix: Fixed title bar drag area",
                                        "url": "https://github.com/files-community/Files/pull/9157",
                                        "state": "MERGED",
                                        "number": 9157,
                                        "__typename": "PullRequest"
                                    }
                                }
                            ]
                        }
                    },
                    {
                        "author": {
                            "login": "sohotrightnow"
                        },
                        "title": "Double-Click Blank Space to Go Back",
                        "url": "https://github.com/files-community/Files/issues/8496",
                        "state": "CLOSED",
                        "number": 8496,
                        "timelineItems": {
                            "nodes": []
                        }
                    },
                    {
                        "author": {
                            "login": "falcon550"
                        },
                        "title": "White text white background on properties",
                        "url": "https://github.com/files-community/Files/issues/8493",
                        "state": "CLOSED",
                        "number": 8493,
                        "timelineItems": {
                            "nodes": []
                        }
                    },
                    {
                        "author": {
                            "login": "drinehart1"
                        },
                        "title": "default shortcut and request",
                        "url": "https://github.com/files-community/Files/issues/8492",
                        "state": "CLOSED",
                        "number": 8492,
                        "timelineItems": {
                            "nodes": []
                        }
                    },
                    {
                        "author": {
                            "login": "EvilCheez"
                        },
                        "title": "Set Default Layout mode",
                        "url": "https://github.com/files-community/Files/issues/8490",
                        "state": "CLOSED",
                        "number": 8490,
                        "timelineItems": {
                            "nodes": []
                        }
                    },
                    {
                        "author": {
                            "login": "EvilCheez"
                        },
                        "title": "The app keeps crashing when I am on column mode and I press the back button from my mouse. ",
                        "url": "https://github.com/files-community/Files/issues/8489",
                        "state": "CLOSED",
                        "number": 8489,
                        "timelineItems": {
                            "nodes": []
                        }
                    },
                    {
                        "author": null,
                        "title": "Crash",
                        "url": "https://github.com/files-community/Files/issues/8484",
                        "state": "CLOSED",
                        "number": 8484,
                        "timelineItems": {
                            "nodes": []
                        }
                    },
                    {
                        "author": {
                            "login": "sepsol"
                        },
                        "title": "Addition of List View",
                        "url": "https://github.com/files-community/Files/issues/8481",
                        "state": "CLOSED",
                        "number": 8481,
                        "timelineItems": {
                            "nodes": []
                        }
                    },
                    {
                        "author": {
                            "login": "tsiefekim"
                        },
                        "title": "darkmodeprop",
                        "url": "https://github.com/files-community/Files/issues/8478",
                        "state": "CLOSED",
                        "number": 8478,
                        "timelineItems": {
                            "nodes": []
                        }
                    },
                    {
                        "author": {
                            "login": "ArcticFox7"
                        },
                        "title": "Box cloud storage issues",
                        "url": "https://github.com/files-community/Files/issues/8477",
                        "state": "CLOSED",
                        "number": 8477,
                        "timelineItems": {
                            "nodes": []
                        }
                    },
                    {
                        "author": {
                            "login": "Rusinas"
                        },
                        "title": "Open individual Files App instance for every virtual desktop",
                        "url": "https://github.com/files-community/Files/issues/8476",
                        "state": "CLOSED",
                        "number": 8476,
                        "timelineItems": {
                            "nodes": []
                        }
                    },
                    {
                        "author": {
                            "login": "NomSayin"
                        },
                        "title": "Is sort really sorting?",
                        "url": "https://github.com/files-community/Files/issues/8475",
                        "state": "CLOSED",
                        "number": 8475,
                        "timelineItems": {
                            "nodes": []
                        }
                    },
                    {
                        "author": {
                            "login": "Shifath472533"
                        },
                        "title": "The application shut down while doing copy paste.",
                        "url": "https://github.com/files-community/Files/issues/8471",
                        "state": "CLOSED",
                        "number": 8471,
                        "timelineItems": {
                            "nodes": []
                        }
                    },
                    {
                        "author": {
                            "login": "omarbey"
                        },
                        "title": "DOUBLE CLICK",
                        "url": "https://github.com/files-community/Files/issues/8462",
                        "state": "CLOSED",
                        "number": 8462,
                        "timelineItems": {
                            "nodes": []
                        }
                    },
                    {
                        "author": {
                            "login": "oleklukasiewicz"
                        },
                        "title": "Tags section is visible even if tags are disabled.",
                        "url": "https://github.com/files-community/Files/issues/8459",
                        "state": "CLOSED",
                        "number": 8459,
                        "timelineItems": {
                            "nodes": []
                        }
                    },
                    {
                        "author": {
                            "login": "TCsails"
                        },
                        "title": "Icloud",
                        "url": "https://github.com/files-community/Files/issues/8455",
                        "state": "CLOSED",
                        "number": 8455,
                        "timelineItems": {
                            "nodes": []
                        }
                    },
                    {
                        "author": {
                            "login": "ChrisBkt"
                        },
                        "title": "Copy always successful, also when permission denied",
                        "url": "https://github.com/files-community/Files/issues/8447",
                        "state": "CLOSED",
                        "number": 8447,
                        "timelineItems": {
                            "nodes": []
                        }
                    },
                    {
                        "author": {
                            "login": "jiwooh"
                        },
                        "title": "Files crashes when opening a certain folder",
                        "url": "https://github.com/files-community/Files/issues/8445",
                        "state": "CLOSED",
                        "number": 8445,
                        "timelineItems": {
                            "nodes": []
                        }
                    },
                    {
                        "author": {
                            "login": "Thunderz2016"
                        },
                        "title": "Option to show all items on right-click context menu by default",
                        "url": "https://github.com/files-community/Files/issues/8443",
                        "state": "CLOSED",
                        "number": 8443,
                        "timelineItems": {
                            "nodes": []
                        }
                    },
                    {
                        "author": {
                            "login": "AMit-KP"
                        },
                        "title": "Auto-size column widths",
                        "url": "https://github.com/files-community/Files/issues/8440",
                        "state": "CLOSED",
                        "number": 8440,
                        "timelineItems": {
                            "nodes": []
                        }
                    },
                    {
                        "author": {
                            "login": "Spacedg"
                        },
                        "title": "Files impressions",
                        "url": "https://github.com/files-community/Files/issues/8434",
                        "state": "CLOSED",
                        "number": 8434,
                        "timelineItems": {
                            "nodes": []
                        }
                    },
                    {
                        "author": {
                            "login": "hetingrui"
                        },
                        "title": "Change icon",
                        "url": "https://github.com/files-community/Files/issues/8431",
                        "state": "CLOSED",
                        "number": 8431,
                        "timelineItems": {
                            "nodes": []
                        }
                    },
                    {
                        "author": {
                            "login": "chrs-it"
                        },
                        "title": "Unable to open Properties window",
                        "url": "https://github.com/files-community/Files/issues/8430",
                        "state": "CLOSED",
                        "number": 8430,
                        "timelineItems": {
                            "nodes": []
                        }
                    },
                    {
                        "author": {
                            "login": "Shishir8213"
                        },
                        "title": "Auto focus on content when application is launched",
                        "url": "https://github.com/files-community/Files/issues/8425",
                        "state": "CLOSED",
                        "number": 8425,
                        "timelineItems": {
                            "nodes": []
                        }
                    },
                    {
                        "author": {
                            "login": "Shishir8213"
                        },
                        "title": "Auto highlights first tab when layout is automatically changed to small icons (for folders containing images).",
                        "url": "https://github.com/files-community/Files/issues/8424",
                        "state": "CLOSED",
                        "number": 8424,
                        "timelineItems": {
                            "nodes": []
                        }
                    },
                    {
                        "author": {
                            "login": "C0ffeeCode"
                        },
                        "title": "Allow hiding tab UI",
                        "url": "https://github.com/files-community/Files/issues/8422",
                        "state": "CLOSED",
                        "number": 8422,
                        "timelineItems": {
                            "nodes": []
                        }
                    },
                    {
                        "author": {
                            "login": "mi-araf"
                        },
                        "title": "freezes the display",
                        "url": "https://github.com/files-community/Files/issues/8419",
                        "state": "CLOSED",
                        "number": 8419,
                        "timelineItems": {
                            "nodes": []
                        }
                    },
                    {
                        "author": {
                            "login": "M7MDE7EGAZY"
                        },
                        "title": "Properities icon of the context menu & files isn't working",
                        "url": "https://github.com/files-community/Files/issues/8417",
                        "state": "CLOSED",
                        "number": 8417,
                        "timelineItems": {
                            "nodes": []
                        }
                    },
                    {
                        "author": {
                            "login": "kiefertyrrell"
                        },
                        "title": "Transfer Progress",
                        "url": "https://github.com/files-community/Files/issues/8416",
                        "state": "CLOSED",
                        "number": 8416,
                        "timelineItems": {
                            "nodes": []
                        }
                    },
                    {
                        "author": {
                            "login": "Nuckerr"
                        },
                        "title": "Change the default copy duplicate option",
                        "url": "https://github.com/files-community/Files/issues/8406",
                        "state": "CLOSED",
                        "number": 8406,
                        "timelineItems": {
                            "nodes": []
                        }
                    },
                    {
                        "author": {
                            "login": "SarcXE"
                        },
                        "title": "Cannot open properties on any file, program or drive",
                        "url": "https://github.com/files-community/Files/issues/8392",
                        "state": "CLOSED",
                        "number": 8392,
                        "timelineItems": {
                            "nodes": []
                        }
                    },
                    {
                        "author": {
                            "login": "TanteJossa"
                        },
                        "title": "Folder format setting",
                        "url": "https://github.com/files-community/Files/issues/8389",
                        "state": "CLOSED",
                        "number": 8389,
                        "timelineItems": {
                            "nodes": []
                        }
                    },
                    {
                        "author": {
                            "login": "Colon101"
                        },
                        "title": "Copy and rename going weird?",
                        "url": "https://github.com/files-community/Files/issues/8387",
                        "state": "CLOSED",
                        "number": 8387,
                        "timelineItems": {
                            "nodes": []
                        }
                    },
                    {
                        "author": {
                            "login": "MaxSteven"
                        },
                        "title": "Allow to assign custom name to favorites when two folders has a same name",
                        "url": "https://github.com/files-community/Files/issues/8383",
                        "state": "CLOSED",
                        "number": 8383,
                        "timelineItems": {
                            "nodes": []
                        }
                    },
                    {
                        "author": {
                            "login": "sdkasas"
                        },
                        "title": "Clear File History?",
                        "url": "https://github.com/files-community/Files/issues/8382",
                        "state": "CLOSED",
                        "number": 8382,
                        "timelineItems": {
                            "nodes": []
                        }
                    },
                    {
                        "author": {
                            "login": "Vinickw"
                        },
                        "title": "Hidden folders and shortcuts don't appear in network drive",
                        "url": "https://github.com/files-community/Files/issues/8379",
                        "state": "CLOSED",
                        "number": 8379,
                        "timelineItems": {
                            "nodes": []
                        }
                    },
                    {
                        "author": {
                            "login": "ozanuzer"
                        },
                        "title": "Bulk options",
                        "url": "https://github.com/files-community/Files/issues/8378",
                        "state": "CLOSED",
                        "number": 8378,
                        "timelineItems": {
                            "nodes": []
                        }
                    },
                    {
                        "author": {
                            "login": "naamiil"
                        },
                        "title": "Thumbnails Not Showing",
                        "url": "https://github.com/files-community/Files/issues/8376",
                        "state": "CLOSED",
                        "number": 8376,
                        "timelineItems": {
                            "nodes": [
                                {
                                    "source": {
                                        "author": {
                                            "login": "soredake"
                                        },
                                        "title": ".webm preview are not working",
                                        "url": "https://github.com/files-community/Files/issues/8077",
                                        "state": "CLOSED",
                                        "number": 8077,
                                        "__typename": "Issue"
                                    }
                                },
                                {
                                    "source": {
                                        "author": {
                                            "login": "bernbilazon"
                                        },
                                        "title": "SVG thumbnails NOT SHOWING",
                                        "url": "https://github.com/files-community/Files/issues/8202",
                                        "state": "CLOSED",
                                        "number": 8202,
                                        "__typename": "Issue"
                                    }
                                },
                                {
                                    "source": {
                                        "author": {
                                            "login": "m1karii"
                                        },
                                        "title": "Add thumbnails for vector graphics files & center their preview in preview pane",
                                        "url": "https://github.com/files-community/Files/issues/5932",
                                        "state": "CLOSED",
                                        "number": 5932,
                                        "__typename": "Issue"
                                    }
                                },
                                {
                                    "source": {
                                        "author": {
                                            "login": "cleuton4k"
                                        },
                                        "title": "the app does not load the thumbnails and crashes",
                                        "url": "https://github.com/files-community/Files/issues/8262",
                                        "state": "CLOSED",
                                        "number": 8262,
                                        "__typename": "Issue"
                                    }
                                },
                                {
                                    "source": {
                                        "author": {
                                            "login": "bebotette"
                                        },
                                        "title": "more file extension previews for details panel and thumbnails",
                                        "url": "https://github.com/files-community/Files/issues/7054",
                                        "state": "CLOSED",
                                        "number": 7054,
                                        "__typename": "Issue"
                                    }
                                }
                            ]
                        }
                    },
                    {
                        "author": {
                            "login": "kristiyanmv"
                        },
                        "title": "App crash when opening ~20 tabs",
                        "url": "https://github.com/files-community/Files/issues/8375",
                        "state": "CLOSED",
                        "number": 8375,
                        "timelineItems": {
                            "nodes": []
                        }
                    },
                    {
                        "author": {
                            "login": "taroj1205"
                        },
                        "title": "Disabling \"Set Files as default file manager\" does not disable [win][e] from opening Files instead of explorer.exe",
                        "url": "https://github.com/files-community/Files/issues/8364",
                        "state": "CLOSED",
                        "number": 8364,
                        "timelineItems": {
                            "nodes": []
                        }
                    },
                    {
                        "author": {
                            "login": "seventhstorm"
                        },
                        "title": "Allow third party theming.",
                        "url": "https://github.com/files-community/Files/issues/8362",
                        "state": "CLOSED",
                        "number": 8362,
                        "timelineItems": {
                            "nodes": []
                        }
                    },
                    {
                        "author": {
                            "login": "dodyakako"
                        },
                        "title": "Black background around the folder's icon",
                        "url": "https://github.com/files-community/Files/issues/8361",
                        "state": "CLOSED",
                        "number": 8361,
                        "timelineItems": {
                            "nodes": []
                        }
                    },
                    {
                        "author": {
                            "login": "Roockie36"
                        },
                        "title": "Unable to create a new file/folder inside a 'hidden' folder",
                        "url": "https://github.com/files-community/Files/issues/8355",
                        "state": "CLOSED",
                        "number": 8355,
                        "timelineItems": {
                            "nodes": []
                        }
                    },
                    {
                        "author": {
                            "login": "dustmarijn"
                        },
                        "title": "Ongoing Tasks",
                        "url": "https://github.com/files-community/Files/issues/8354",
                        "state": "CLOSED",
                        "number": 8354,
                        "timelineItems": {
                            "nodes": []
                        }
                    },
                    {
                        "author": {
                            "login": "Cloudwires"
                        },
                        "title": "Please make quicklook feature /include the quicklook app in files",
                        "url": "https://github.com/files-community/Files/issues/8353",
                        "state": "CLOSED",
                        "number": 8353,
                        "timelineItems": {
                            "nodes": []
                        }
                    },
                    {
                        "author": {
                            "login": "OMAR-3OOV"
                        },
                        "title": "program crashing ",
                        "url": "https://github.com/files-community/Files/issues/8351",
                        "state": "CLOSED",
                        "number": 8351,
                        "timelineItems": {
                            "nodes": []
                        }
                    },
                    {
                        "author": {
                            "login": "ChrisMooreGB"
                        },
                        "title": "Compress file/folder list view vertically",
                        "url": "https://github.com/files-community/Files/issues/8350",
                        "state": "CLOSED",
                        "number": 8350,
                        "timelineItems": {
                            "nodes": [
                                {
                                    "source": {
                                        "author": {
                                            "login": "soraphis"
                                        },
                                        "title": "Add option for compact layout",
                                        "url": "https://github.com/files-community/Files/issues/1940",
                                        "state": "CLOSED",
                                        "number": 1940,
                                        "__typename": "Issue"
                                    }
                                }
                            ]
                        }
                    },
                    {
                        "author": {
                            "login": "roybosch"
                        },
                        "title": "After pressing a character on the keyboard, highlight first item with that character",
                        "url": "https://github.com/files-community/Files/issues/8349",
                        "state": "CLOSED",
                        "number": 8349,
                        "timelineItems": {
                            "nodes": []
                        }
                    },
                    {
                        "author": {
                            "login": "WereWolfix"
                        },
                        "title": "Dragging a tab out of the Files window (with only 2 tabs open), Files close the other tab",
                        "url": "https://github.com/files-community/Files/issues/8345",
                        "state": "CLOSED",
                        "number": 8345,
                        "timelineItems": {
                            "nodes": []
                        }
                    },
                    {
                        "author": {
                            "login": "WereWolfix"
                        },
                        "title": "File crashes when I open the control panel",
                        "url": "https://github.com/files-community/Files/issues/8344",
                        "state": "CLOSED",
                        "number": 8344,
                        "timelineItems": {
                            "nodes": [
                                {
                                    "source": {
                                        "author": {
                                            "login": "gave92"
                                        },
                                        "title": "Use external launcher to set Files as default explorer",
                                        "url": "https://github.com/files-community/Files/pull/8684",
                                        "state": "MERGED",
                                        "number": 8684,
                                        "__typename": "PullRequest"
                                    }
                                }
                            ]
                        }
                    },
                    {
                        "author": {
                            "login": "WereWolfix"
                        },
                        "title": "Add file transfer information (speed, time remaining, ecc...)",
                        "url": "https://github.com/files-community/Files/issues/8343",
                        "state": "CLOSED",
                        "number": 8343,
                        "timelineItems": {
                            "nodes": []
                        }
                    },
                    {
                        "author": {
                            "login": "ChrisJMair"
                        },
                        "title": "Preview support",
                        "url": "https://github.com/files-community/Files/issues/8339",
                        "state": "CLOSED",
                        "number": 8339,
                        "timelineItems": {
                            "nodes": [
                                {
                                    "source": {
                                        "author": {
                                            "login": "soredake"
                                        },
                                        "title": ".webm preview are not working",
                                        "url": "https://github.com/files-community/Files/issues/8077",
                                        "state": "CLOSED",
                                        "number": 8077,
                                        "__typename": "Issue"
                                    }
                                }
                            ]
                        }
                    }
                ]
            }
        }
    }
}