{
    "data": {
        "repository": {
            "issues": {
                "pageInfo": {
                    "endCursor": "Y3Vyc29yOnYyOpIBzkfnvYs="
                },
                "nodes": [
                    {
                        "author": {
                            "login": "ibay770"
                        },
                        "title": "Use everything search instead of windows search for files.",
                        "url": "https://github.com/files-community/Files/issues/9292",
                        "state": "CLOSED",
                        "number": 9292,
                        "timelineItems": {
                            "nodes": []
                        }
                    },
                    {
                        "author": {
                            "login": "Josh65-2201"
                        },
                        "title": "Add automatic window version report in logs",
                        "url": "https://github.com/files-community/Files/issues/9290",
                        "state": "CLOSED",
                        "number": 9290,
                        "timelineItems": {
                            "nodes": []
                        }
                    },
                    {
                        "author": {
                            "login": "DikshitRJ"
                        },
                        "title": "Files app crashes",
                        "url": "https://github.com/files-community/Files/issues/9287",
                        "state": "CLOSED",
                        "number": 9287,
                        "timelineItems": {
                            "nodes": []
                        }
                    },
                    {
                        "author": {
                            "login": "AisinGioroKiIoi"
                        },
                        "title": "固定软件至开始屏幕",
                        "url": "https://github.com/files-community/Files/issues/9279",
                        "state": "CLOSED",
                        "number": 9279,
                        "timelineItems": {
                            "nodes": []
                        }
                    },
                    {
                        "author": {
                            "login": "verdaderoken"
                        },
                        "title": "File not showing up after renaming from conflict dialog (via drag & drop)",
                        "url": "https://github.com/files-community/Files/issues/9277",
                        "state": "CLOSED",
                        "number": 9277,
                        "timelineItems": {
                            "nodes": [
                                {
                                    "source": {
                                        "author": {
                                            "login": "puppetsw"
                                        },
                                        "title": "Removed code to handle GenerateUniqueName bug",
                                        "url": "https://github.com/files-community/Files/pull/9397",
                                        "state": "MERGED",
                                        "number": 9397,
                                        "__typename": "PullRequest"
                                    }
                                }
                            ]
                        }
                    },
                    {
                        "author": {
                            "login": "octopushugger"
                        },
                        "title": "Files creating empty zip files unprompted",
                        "url": "https://github.com/files-community/Files/issues/9271",
                        "state": "CLOSED",
                        "number": 9271,
                        "timelineItems": {
                            "nodes": [
                                {
                                    "source": {
                                        "author": {
                                            "login": "gave92"
                                        },
                                        "title": "Use OPEN_EXISTING when opening a file for read",
                                        "url": "https://github.com/files-community/Files/pull/9273",
                                        "state": "MERGED",
                                        "number": 9273,
                                        "__typename": "PullRequest"
                                    }
                                }
                            ]
                        }
                    },
                    {
                        "author": {
                            "login": "AisinGioroKiIoi"
                        },
                        "title": "测试版文件移动问题反馈",
                        "url": "https://github.com/files-community/Files/issues/9270",
                        "state": "CLOSED",
                        "number": 9270,
                        "timelineItems": {
                            "nodes": []
                        }
                    },
                    {
                        "author": {
                            "login": "madscribbler"
                        },
                        "title": "Cannot right click .cmd file and \"Run as Administrator\".",
                        "url": "https://github.com/files-community/Files/issues/9267",
                        "state": "CLOSED",
                        "number": 9267,
                        "timelineItems": {
                            "nodes": []
                        }
                    },
                    {
                        "author": {
                            "login": "frazbhattiiii"
                        },
                        "title": "The App often Crashes",
                        "url": "https://github.com/files-community/Files/issues/9266",
                        "state": "CLOSED",
                        "number": 9266,
                        "timelineItems": {
                            "nodes": []
                        }
                    },
                    {
                        "author": {
                            "login": "courgettes975"
                        },
                        "title": "bug while i delete 3500 files at the same time",
                        "url": "https://github.com/files-community/Files/issues/9263",
                        "state": "CLOSED",
                        "number": 9263,
                        "timelineItems": {
                            "nodes": []
                        }
                    },
                    {
                        "author": {
                            "login": "AisinGioroKiIoi"
                        },
                        "title": "測試版使用反饋",
                        "url": "https://github.com/files-community/Files/issues/9261",
                        "state": "CLOSED",
                        "number": 9261,
                        "timelineItems": {
                            "nodes": []
                        }
                    },
                    {
                        "author": {
                            "login": "Joeblacksilver"
                        },
                        "title": "Dragging Dropping files",
                        "url": "https://github.com/files-community/Files/issues/9256",
                        "state": "CLOSED",
                        "number": 9256,
                        "timelineItems": {
                            "nodes": []
                        }
                    },
                    {
                        "author": {
                            "login": "verdaderoken"
                        },
                        "title": "Tabs and Window improvements",
                        "url": "https://github.com/files-community/Files/issues/9253",
                        "state": "CLOSED",
                        "number": 9253,
                        "timelineItems": {
                            "nodes": []
                        }
                    },
                    {
                        "author": {
                            "login": "haamedofficial"
                        },
                        "title": "desktop folders dont open ",
                        "url": "https://github.com/files-community/Files/issues/9251",
                        "state": "CLOSED",
                        "number": 9251,
                        "timelineItems": {
                            "nodes": []
                        }
                    },
                    {
                        "author": {
                            "login": "JoeHGeoghegan"
                        },
                        "title": "Embedded terminal shell tabs",
                        "url": "https://github.com/files-community/Files/issues/9243",
                        "state": "CLOSED",
                        "number": 9243,
                        "timelineItems": {
                            "nodes": []
                        }
                    },
                    {
                        "author": {
                            "login": "WirelessSwitcher"
                        },
                        "title": "Crash when drag and drop tab",
                        "url": "https://github.com/files-community/Files/issues/9240",
                        "state": "CLOSED",
                        "number": 9240,
                        "timelineItems": {
                            "nodes": []
                        }
                    },
                    {
                        "author": {
                            "login": "furkanyalcinz"
                        },
                        "title": "Can we use this app as a default file manager",
                        "url": "https://github.com/files-community/Files/issues/9237",
                        "state": "CLOSED",
                        "number": 9237,
                        "timelineItems": {
                            "nodes": []
                        }
                    },
                    {
                        "author": {
                            "login": "villikissa"
                        },
                        "title": "Impossible to reinstall or come back in MS Explorer Files manually",
                        "url": "https://github.com/files-community/Files/issues/9233",
                        "state": "CLOSED",
                        "number": 9233,
                        "timelineItems": {
                            "nodes": []
                        }
                    },
                    {
                        "author": {
                            "login": "42Willow"
                        },
                        "title": "Tag Manager",
                        "url": "https://github.com/files-community/Files/issues/9231",
                        "state": "CLOSED",
                        "number": 9231,
                        "timelineItems": {
                            "nodes": []
                        }
                    },
                    {
                        "author": {
                            "login": "42Willow"
                        },
                        "title": "Built in file converter",
                        "url": "https://github.com/files-community/Files/issues/9223",
                        "state": "CLOSED",
                        "number": 9223,
                        "timelineItems": {
                            "nodes": []
                        }
                    },
                    {
                        "author": {
                            "login": "42Willow"
                        },
                        "title": "\"File Tags\" in sidebar",
                        "url": "https://github.com/files-community/Files/issues/9221",
                        "state": "CLOSED",
                        "number": 9221,
                        "timelineItems": {
                            "nodes": []
                        }
                    },
                    {
                        "author": {
                            "login": "42Willow"
                        },
                        "title": "File History",
                        "url": "https://github.com/files-community/Files/issues/9220",
                        "state": "CLOSED",
                        "number": 9220,
                        "timelineItems": {
                            "nodes": []
                        }
                    },
                    {
                        "author": {
                            "login": "jason919"
                        },
                        "title": "open with doesn't work",
                        "url": "https://github.com/files-community/Files/issues/9215",
                        "state": "CLOSED",
                        "number": 9215,
                        "timelineItems": {
                            "nodes": []
                        }
                    },
                    {
                        "author": {
                            "login": "KairuDeibisu"
                        },
                        "title": "Network Mapped Drive Does Not Refresh",
                        "url": "https://github.com/files-community/Files/issues/9213",
                        "state": "CLOSED",
                        "number": 9213,
                        "timelineItems": {
                            "nodes": []
                        }
                    },
                    {
                        "author": {
                            "login": "LordShakti"
                        },
                        "title": "Custom Tab order in \"Details View\"",
                        "url": "https://github.com/files-community/Files/issues/9208",
                        "state": "CLOSED",
                        "number": 9208,
                        "timelineItems": {
                            "nodes": []
                        }
                    },
                    {
                        "author": {
                            "login": "hetaldesai"
                        },
                        "title": "Please add a Duplicate file Finder/remover future",
                        "url": "https://github.com/files-community/Files/issues/9204",
                        "state": "CLOSED",
                        "number": 9204,
                        "timelineItems": {
                            "nodes": []
                        }
                    },
                    {
                        "author": {
                            "login": "forrest-herman"
                        },
                        "title": "Ability to Reorder Sidebar Items",
                        "url": "https://github.com/files-community/Files/issues/9199",
                        "state": "CLOSED",
                        "number": 9199,
                        "timelineItems": {
                            "nodes": []
                        }
                    },
                    {
                        "author": {
                            "login": "sguergachi"
                        },
                        "title": "Favorite Links Disappear",
                        "url": "https://github.com/files-community/Files/issues/9198",
                        "state": "CLOSED",
                        "number": 9198,
                        "timelineItems": {
                            "nodes": []
                        }
                    },
                    {
                        "author": {
                            "login": "Josh65-2201"
                        },
                        "title": "Bug: File previews dont switch when changing file",
                        "url": "https://github.com/files-community/Files/issues/9196",
                        "state": "CLOSED",
                        "number": 9196,
                        "timelineItems": {
                            "nodes": [
                                {
                                    "source": {
                                        "author": {
                                            "login": "PYPTsca"
                                        },
                                        "title": "预览面板无法及时更新图片内容",
                                        "url": "https://github.com/files-community/Files/issues/9387",
                                        "state": "CLOSED",
                                        "number": 9387,
                                        "__typename": "Issue"
                                    }
                                },
                                {
                                    "source": {
                                        "author": {
                                            "login": "TheFlyingCelt"
                                        },
                                        "title": "Preview won't refresh with new selected image file",
                                        "url": "https://github.com/files-community/Files/issues/9525",
                                        "state": "CLOSED",
                                        "number": 9525,
                                        "__typename": "Issue"
                                    }
                                },
                                {
                                    "source": {
                                        "author": {
                                            "login": "RRoland80"
                                        },
                                        "title": "Preview pane is not updating ",
                                        "url": "https://github.com/files-community/Files/issues/9663",
                                        "state": "CLOSED",
                                        "number": 9663,
                                        "__typename": "Issue"
                                    }
                                }
                            ]
                        }
                    },
                    {
                        "author": {
                            "login": "cinqmilleans"
                        },
                        "title": "Add maximum width to Folders Widget items.",
                        "url": "https://github.com/files-community/Files/issues/9193",
                        "state": "CLOSED",
                        "number": 9193,
                        "timelineItems": {
                            "nodes": []
                        }
                    },
                    {
                        "author": {
                            "login": "cinqmilleans"
                        },
                        "title": "Being able to move the pinned Recycle Bin.",
                        "url": "https://github.com/files-community/Files/issues/9192",
                        "state": "CLOSED",
                        "number": 9192,
                        "timelineItems": {
                            "nodes": [
                                {
                                    "source": {
                                        "author": {
                                            "login": "cinqmilleans"
                                        },
                                        "title": "[Post v2.3] Improves pinned RecycleBin",
                                        "url": "https://github.com/files-community/Files/pull/9207",
                                        "state": "MERGED",
                                        "number": 9207,
                                        "__typename": "PullRequest"
                                    }
                                }
                            ]
                        }
                    },
                    {
                        "author": {
                            "login": "cinqmilleans"
                        },
                        "title": "Add entries to show/hide sections in the section context menu",
                        "url": "https://github.com/files-community/Files/issues/9190",
                        "state": "CLOSED",
                        "number": 9190,
                        "timelineItems": {
                            "nodes": [
                                {
                                    "source": {
                                        "author": {
                                            "login": "cinqmilleans"
                                        },
                                        "title": "Improves the context menu of the sections",
                                        "url": "https://github.com/files-community/Files/pull/9189",
                                        "state": "CLOSED",
                                        "number": 9189,
                                        "__typename": "PullRequest"
                                    }
                                }
                            ]
                        }
                    },
                    {
                        "author": {
                            "login": "tellmewhy12"
                        },
                        "title": "Dropping out second tab closes first window",
                        "url": "https://github.com/files-community/Files/issues/9187",
                        "state": "CLOSED",
                        "number": 9187,
                        "timelineItems": {
                            "nodes": []
                        }
                    },
                    {
                        "author": {
                            "login": "yboumaiza7"
                        },
                        "title": "path accepts only \\ and not /",
                        "url": "https://github.com/files-community/Files/issues/9175",
                        "state": "CLOSED",
                        "number": 9175,
                        "timelineItems": {
                            "nodes": [
                                {
                                    "source": {
                                        "author": {
                                            "login": "puppetsw"
                                        },
                                        "title": "Forward slash path input fix",
                                        "url": "https://github.com/files-community/Files/pull/9229",
                                        "state": "MERGED",
                                        "number": 9229,
                                        "__typename": "PullRequest"
                                    }
                                }
                            ]
                        }
                    },
                    {
                        "author": {
                            "login": "garlic-os"
                        },
                        "title": "Add support for dragging and dropping items into Favorites",
                        "url": "https://github.com/files-community/Files/issues/9169",
                        "state": "CLOSED",
                        "number": 9169,
                        "timelineItems": {
                            "nodes": []
                        }
                    },
                    {
                        "author": {
                            "login": "garlic-os"
                        },
                        "title": "Add support for dragging and dropping favorites to rearrange",
                        "url": "https://github.com/files-community/Files/issues/9168",
                        "state": "CLOSED",
                        "number": 9168,
                        "timelineItems": {
                            "nodes": []
                        }
                    },
                    {
                        "author": {
                            "login": "navedrasul"
                        },
                        "title": "The app only copies first 20 files from my android phone's DCIM folder",
                        "url": "https://github.com/files-community/Files/issues/9159",
                        "state": "CLOSED",
                        "number": 9159,
                        "timelineItems": {
                            "nodes": [
                                {
                                    "source": {
                                        "author": {
                                            "login": "gave92"
                                        },
                                        "title": "Show failed banner if any items failed in a file operation",
                                        "url": "https://github.com/files-community/Files/pull/9162",
                                        "state": "MERGED",
                                        "number": 9162,
                                        "__typename": "PullRequest"
                                    }
                                }
                            ]
                        }
                    },
                    {
                        "author": {
                            "login": "BragonGod"
                        },
                        "title": "Open Menu",
                        "url": "https://github.com/files-community/Files/issues/9152",
                        "state": "CLOSED",
                        "number": 9152,
                        "timelineItems": {
                            "nodes": []
                        }
                    },
                    {
                        "author": {
                            "login": "ludvigpujsek"
                        },
                        "title": "Search results not searching through file contents (as the default windows explorer does)",
                        "url": "https://github.com/files-community/Files/issues/9148",
                        "state": "CLOSED",
                        "number": 9148,
                        "timelineItems": {
                            "nodes": []
                        }
                    },
                    {
                        "author": {
                            "login": "Tetrax-10"
                        },
                        "title": "When I Open the app dropdown items not shown in the sidebar",
                        "url": "https://github.com/files-community/Files/issues/9145",
                        "state": "CLOSED",
                        "number": 9145,
                        "timelineItems": {
                            "nodes": []
                        }
                    },
                    {
                        "author": {
                            "login": "SeanMatts"
                        },
                        "title": "still isnt set as default file system",
                        "url": "https://github.com/files-community/Files/issues/9143",
                        "state": "CLOSED",
                        "number": 9143,
                        "timelineItems": {
                            "nodes": []
                        }
                    },
                    {
                        "author": {
                            "login": "Lord-Excursius"
                        },
                        "title": "opening downloads via the home menu opens it at the date the program was installed",
                        "url": "https://github.com/files-community/Files/issues/9141",
                        "state": "CLOSED",
                        "number": 9141,
                        "timelineItems": {
                            "nodes": []
                        }
                    },
                    {
                        "author": {
                            "login": "demperor-music"
                        },
                        "title": "explorer.exe crashes when trying to run files while offline.",
                        "url": "https://github.com/files-community/Files/issues/9139",
                        "state": "CLOSED",
                        "number": 9139,
                        "timelineItems": {
                            "nodes": []
                        }
                    },
                    {
                        "author": {
                            "login": "JalanStudio"
                        },
                        "title": "It closed",
                        "url": "https://github.com/files-community/Files/issues/9137",
                        "state": "CLOSED",
                        "number": 9137,
                        "timelineItems": {
                            "nodes": []
                        }
                    },
                    {
                        "author": {
                            "login": "Firnin"
                        },
                        "title": "Files crashed while opening a folder",
                        "url": "https://github.com/files-community/Files/issues/9136",
                        "state": "CLOSED",
                        "number": 9136,
                        "timelineItems": {
                            "nodes": []
                        }
                    },
                    {
                        "author": {
                            "login": "Rudi54rv"
                        },
                        "title": "Does not automatically update the Folder content",
                        "url": "https://github.com/files-community/Files/issues/9135",
                        "state": "CLOSED",
                        "number": 9135,
                        "timelineItems": {
                            "nodes": []
                        }
                    },
                    {
                        "author": {
                            "login": "SHADOWBOY9559959595"
                        },
                        "title": "Default app",
                        "url": "https://github.com/files-community/Files/issues/9134",
                        "state": "CLOSED",
                        "number": 9134,
                        "timelineItems": {
                            "nodes": []
                        }
                    },
                    {
                        "author": {
                            "login": "Thothinfoicon"
                        },
                        "title": "There is a black box under the folder icon",
                        "url": "https://github.com/files-community/Files/issues/9124",
                        "state": "CLOSED",
                        "number": 9124,
                        "timelineItems": {
                            "nodes": []
                        }
                    },
                    {
                        "author": {
                            "login": "Onatic48"
                        },
                        "title": "I can't make files my default file app",
                        "url": "https://github.com/files-community/Files/issues/9112",
                        "state": "CLOSED",
                        "number": 9112,
                        "timelineItems": {
                            "nodes": []
                        }
                    },
                    {
                        "author": {
                            "login": "aiastia"
                        },
                        "title": "Could not open DVD device.",
                        "url": "https://github.com/files-community/Files/issues/9109",
                        "state": "CLOSED",
                        "number": 9109,
                        "timelineItems": {
                            "nodes": []
                        }
                    },
                    {
                        "author": {
                            "login": "carlosvsilva"
                        },
                        "title": "Tag colors set in current released version show up as color Unknown in current prerelease",
                        "url": "https://github.com/files-community/Files/issues/9107",
                        "state": "CLOSED",
                        "number": 9107,
                        "timelineItems": {
                            "nodes": []
                        }
                    },
                    {
                        "author": {
                            "login": "Matheus-W-Ws-Work"
                        },
                        "title": "How to revert to default file explorer",
                        "url": "https://github.com/files-community/Files/issues/9106",
                        "state": "CLOSED",
                        "number": 9106,
                        "timelineItems": {
                            "nodes": []
                        }
                    },
                    {
                        "author": {
                            "login": "carlosvsilva"
                        },
                        "title": "Add \"Scan for virus\" context menu",
                        "url": "https://github.com/files-community/Files/issues/9105",
                        "state": "CLOSED",
                        "number": 9105,
                        "timelineItems": {
                            "nodes": []
                        }
                    },
                    {
                        "author": {
                            "login": "Lamparter"
                        },
                        "title": "Crashes on copying folder",
                        "url": "https://github.com/files-community/Files/issues/9104",
                        "state": "CLOSED",
                        "number": 9104,
                        "timelineItems": {
                            "nodes": []
                        }
                    },
                    {
                        "author": {
                            "login": "ruilvo"
                        },
                        "title": "Favorites starts closed but Files thinks it's open",
                        "url": "https://github.com/files-community/Files/issues/9101",
                        "state": "CLOSED",
                        "number": 9101,
                        "timelineItems": {
                            "nodes": []
                        }
                    },
                    {
                        "author": {
                            "login": "Hypersoby"
                        },
                        "title": "[Suggestion] Files Sort by ... [New Option ?] ",
                        "url": "https://github.com/files-community/Files/issues/9100",
                        "state": "CLOSED",
                        "number": 9100,
                        "timelineItems": {
                            "nodes": []
                        }
                    },
                    {
                        "author": {
                            "login": "fisilva84"
                        },
                        "title": "Favoritos / acesso rapido",
                        "url": "https://github.com/files-community/Files/issues/9099",
                        "state": "CLOSED",
                        "number": 9099,
                        "timelineItems": {
                            "nodes": []
                        }
                    },
                    {
                        "author": {
                            "login": "Xiaomo7513"
                        },
                        "title": "Task manager cannot open file location",
                        "url": "https://github.com/files-community/Files/issues/9097",
                        "state": "CLOSED",
                        "number": 9097,
                        "timelineItems": {
                            "nodes": []
                        }
                    },
                    {
                        "author": {
                            "login": "fox62843"
                        },
                        "title": "I tried to access the .docker folder on Ubuntu and it was killed",
                        "url": "https://github.com/files-community/Files/issues/9079",
                        "state": "CLOSED",
                        "number": 9079,
                        "timelineItems": {
                            "nodes": []
                        }
                    },
                    {
                        "author": {
                            "login": "Josh65-2201"
                        },
                        "title": "\"Set as default\" setting is slow to apply sometimes",
                        "url": "https://github.com/files-community/Files/issues/9074",
                        "state": "CLOSED",
                        "number": 9074,
                        "timelineItems": {
                            "nodes": [
                                {
                                    "source": {
                                        "author": {
                                            "login": "Josh65-2201"
                                        },
                                        "title": "Set as default setting doesnt seem to work anymore",
                                        "url": "https://github.com/files-community/Files/issues/9083",
                                        "state": "CLOSED",
                                        "number": 9083,
                                        "__typename": "Issue"
                                    }
                                }
                            ]
                        }
                    },
                    {
                        "author": {
                            "login": "Arno989"
                        },
                        "title": "\"Create Shortcut\" not doing anything",
                        "url": "https://github.com/files-community/Files/issues/9066",
                        "state": "CLOSED",
                        "number": 9066,
                        "timelineItems": {
                            "nodes": []
                        }
                    },
                    {
                        "author": {
                            "login": "NeiderCamargo"
                        },
                        "title": "Default file manager",
                        "url": "https://github.com/files-community/Files/issues/9060",
                        "state": "CLOSED",
                        "number": 9060,
                        "timelineItems": {
                            "nodes": []
                        }
                    },
                    {
                        "author": {
                            "login": "HanHua0402"
                        },
                        "title": "hope to add a quick function：Double-click the blank space to return to the upper directory",
                        "url": "https://github.com/files-community/Files/issues/9052",
                        "state": "CLOSED",
                        "number": 9052,
                        "timelineItems": {
                            "nodes": []
                        }
                    },
                    {
                        "author": {
                            "login": "Frederic-Jacquet"
                        },
                        "title": "Files crash whens deleting multiple files",
                        "url": "https://github.com/files-community/Files/issues/9050",
                        "state": "CLOSED",
                        "number": 9050,
                        "timelineItems": {
                            "nodes": []
                        }
                    },
                    {
                        "author": {
                            "login": "ameliandev"
                        },
                        "title": "Continue where you left off",
                        "url": "https://github.com/files-community/Files/issues/9047",
                        "state": "CLOSED",
                        "number": 9047,
                        "timelineItems": {
                            "nodes": []
                        }
                    },
                    {
                        "author": {
                            "login": "coxchris859"
                        },
                        "title": "Navigation Issue  ",
                        "url": "https://github.com/files-community/Files/issues/9044",
                        "state": "CLOSED",
                        "number": 9044,
                        "timelineItems": {
                            "nodes": []
                        }
                    },
                    {
                        "author": {
                            "login": "ultra-black"
                        },
                        "title": "Windows cannot find Files.exe Make sure you typed the name correctly",
                        "url": "https://github.com/files-community/Files/issues/9043",
                        "state": "CLOSED",
                        "number": 9043,
                        "timelineItems": {
                            "nodes": []
                        }
                    },
                    {
                        "author": {
                            "login": "AleMello"
                        },
                        "title": "A lot of thumbs",
                        "url": "https://github.com/files-community/Files/issues/9036",
                        "state": "CLOSED",
                        "number": 9036,
                        "timelineItems": {
                            "nodes": []
                        }
                    },
                    {
                        "author": {
                            "login": "carlosvsilva"
                        },
                        "title": "Show Dot Files option has no effect on WSL Ubuntu .files",
                        "url": "https://github.com/files-community/Files/issues/9034",
                        "state": "CLOSED",
                        "number": 9034,
                        "timelineItems": {
                            "nodes": [
                                {
                                    "source": {
                                        "author": {
                                            "login": "gave92"
                                        },
                                        "title": "Apply \"Show Dot files\" option in WSL/network folders",
                                        "url": "https://github.com/files-community/Files/pull/9064",
                                        "state": "MERGED",
                                        "number": 9064,
                                        "__typename": "PullRequest"
                                    }
                                }
                            ]
                        }
                    },
                    {
                        "author": {
                            "login": "Zavian"
                        },
                        "title": "Tagging a file programmatically",
                        "url": "https://github.com/files-community/Files/issues/9033",
                        "state": "CLOSED",
                        "number": 9033,
                        "timelineItems": {
                            "nodes": [
                                {
                                    "source": {
                                        "author": {
                                            "login": "gave92"
                                        },
                                        "title": "Allow to set file tags from command line",
                                        "url": "https://github.com/files-community/Files/pull/9115",
                                        "state": "MERGED",
                                        "number": 9115,
                                        "__typename": "PullRequest"
                                    }
                                }
                            ]
                        }
                    },
                    {
                        "author": {
                            "login": "Cheddlar"
                        },
                        "title": "default not working",
                        "url": "https://github.com/files-community/Files/issues/9032",
                        "state": "CLOSED",
                        "number": 9032,
                        "timelineItems": {
                            "nodes": []
                        }
                    },
                    {
                        "author": {
                            "login": "Robito123"
                        },
                        "title": "set as default",
                        "url": "https://github.com/files-community/Files/issues/9027",
                        "state": "CLOSED",
                        "number": 9027,
                        "timelineItems": {
                            "nodes": []
                        }
                    },
                    {
                        "author": {
                            "login": "exapplerep"
                        },
                        "title": "Column widths in Column View",
                        "url": "https://github.com/files-community/Files/issues/9025",
                        "state": "CLOSED",
                        "number": 9025,
                        "timelineItems": {
                            "nodes": []
                        }
                    },
                    {
                        "author": {
                            "login": "divmonkey"
                        },
                        "title": "Cant Customize Favorites Icons",
                        "url": "https://github.com/files-community/Files/issues/9023",
                        "state": "CLOSED",
                        "number": 9023,
                        "timelineItems": {
                            "nodes": []
                        }
                    },
                    {
                        "author": {
                            "login": "lab-do"
                        },
                        "title": "Low brightness context menu ",
                        "url": "https://github.com/files-community/Files/issues/9021",
                        "state": "CLOSED",
                        "number": 9021,
                        "timelineItems": {
                            "nodes": []
                        }
                    },
                    {
                        "author": {
                            "login": "theophanemayaud"
                        },
                        "title": "Consistent crashes in specific folders - unclear what causes it",
                        "url": "https://github.com/files-community/Files/issues/9019",
                        "state": "CLOSED",
                        "number": 9019,
                        "timelineItems": {
                            "nodes": [
                                {
                                    "source": {
                                        "author": {
                                            "login": "stanlrt"
                                        },
                                        "title": "Right-clicking specific items crashes Files (LayoutCycle)",
                                        "url": "https://github.com/files-community/Files/issues/7894",
                                        "state": "CLOSED",
                                        "number": 7894,
                                        "__typename": "Issue"
                                    }
                                },
                                {
                                    "source": {
                                        "author": {
                                            "login": "Mohammad-Safari"
                                        },
                                        "title": "Files Crash on Scrolling Folders Content of Same Type",
                                        "url": "https://github.com/files-community/Files/issues/9232",
                                        "state": "CLOSED",
                                        "number": 9232,
                                        "__typename": "Issue"
                                    }
                                },
                                {
                                    "source": {
                                        "author": {
                                            "login": "tomijovanoski"
                                        },
                                        "title": "App Crash when media ends playing in the preview panel",
                                        "url": "https://github.com/files-community/Files/issues/9167",
                                        "state": "CLOSED",
                                        "number": 9167,
                                        "__typename": "Issue"
                                    }
                                }
                            ]
                        }
                    },
                    {
                        "author": {
                            "login": "sehuaxioayu"
                        },
                        "title": "Function suggestion",
                        "url": "https://github.com/files-community/Files/issues/9015",
                        "state": "CLOSED",
                        "number": 9015,
                        "timelineItems": {
                            "nodes": []
                        }
                    },
                    {
                        "author": {
                            "login": "gruppomilleuno"
                        },
                        "title": "Faster preview",
                        "url": "https://github.com/files-community/Files/issues/9007",
                        "state": "CLOSED",
                        "number": 9007,
                        "timelineItems": {
                            "nodes": []
                        }
                    },
                    {
                        "author": {
                            "login": "rlnt"
                        },
                        "title": "create-element popup should support going to last element",
                        "url": "https://github.com/files-community/Files/issues/9005",
                        "state": "CLOSED",
                        "number": 9005,
                        "timelineItems": {
                            "nodes": []
                        }
                    },
                    {
                        "author": {
                            "login": "krs123662"
                        },
                        "title": "Please show how fast files are being transferred",
                        "url": "https://github.com/files-community/Files/issues/8994",
                        "state": "CLOSED",
                        "number": 8994,
                        "timelineItems": {
                            "nodes": []
                        }
                    },
                    {
                        "author": {
                            "login": "abeneTN"
                        },
                        "title": "Custom themes",
                        "url": "https://github.com/files-community/Files/issues/8992",
                        "state": "CLOSED",
                        "number": 8992,
                        "timelineItems": {
                            "nodes": []
                        }
                    },
                    {
                        "author": {
                            "login": "SadiqAli-Syed"
                        },
                        "title": "Bugs in themes and sidebar",
                        "url": "https://github.com/files-community/Files/issues/8989",
                        "state": "CLOSED",
                        "number": 8989,
                        "timelineItems": {
                            "nodes": []
                        }
                    },
                    {
                        "author": {
                            "login": "enterthemax"
                        },
                        "title": "Quicklook doesn't always work",
                        "url": "https://github.com/files-community/Files/issues/8988",
                        "state": "CLOSED",
                        "number": 8988,
                        "timelineItems": {
                            "nodes": [
                                {
                                    "source": {
                                        "author": {
                                            "login": "makyph"
                                        },
                                        "title": "Quicklook doesn't always work",
                                        "url": "https://github.com/files-community/Files/issues/8950",
                                        "state": "CLOSED",
                                        "number": 8950,
                                        "__typename": "Issue"
                                    }
                                }
                            ]
                        }
                    },
                    {
                        "author": {
                            "login": "jasonsafir"
                        },
                        "title": "Tag Files From Search Query",
                        "url": "https://github.com/files-community/Files/issues/8986",
                        "state": "CLOSED",
                        "number": 8986,
                        "timelineItems": {
                            "nodes": [
                                {
                                    "source": {
                                        "author": {
                                            "login": "gave92"
                                        },
                                        "title": "Fixes for item context menu in search page",
                                        "url": "https://github.com/files-community/Files/pull/8987",
                                        "state": "MERGED",
                                        "number": 8987,
                                        "__typename": "PullRequest"
                                    }
                                }
                            ]
                        }
                    },
                    {
                        "author": {
                            "login": "fsenthus"
                        },
                        "title": "Expandable navigation panel",
                        "url": "https://github.com/files-community/Files/issues/8985",
                        "state": "CLOSED",
                        "number": 8985,
                        "timelineItems": {
                            "nodes": []
                        }
                    },
                    {
                        "author": {
                            "login": "joshuajeschek"
                        },
                        "title": "File transfers should resume with(!) indication after app crash",
                        "url": "https://github.com/files-community/Files/issues/8979",
                        "state": "CLOSED",
                        "number": 8979,
                        "timelineItems": {
                            "nodes": []
                        }
                    },
                    {
                        "author": {
                            "login": "nucspl"
                        },
                        "title": "Add an option to remove specific \"toolbar\" buttons.",
                        "url": "https://github.com/files-community/Files/issues/8978",
                        "state": "CLOSED",
                        "number": 8978,
                        "timelineItems": {
                            "nodes": []
                        }
                    },
                    {
                        "author": {
                            "login": "dyyxxhh"
                        },
                        "title": "Chinese edition is partly in English、The New menu has no text options",
                        "url": "https://github.com/files-community/Files/issues/8977",
                        "state": "CLOSED",
                        "number": 8977,
                        "timelineItems": {
                            "nodes": []
                        }
                    },
                    {
                        "author": {
                            "login": "andreamaruccia"
                        },
                        "title": "Pause file copy",
                        "url": "https://github.com/files-community/Files/issues/8975",
                        "state": "CLOSED",
                        "number": 8975,
                        "timelineItems": {
                            "nodes": []
                        }
                    },
                    {
                        "author": {
                            "login": "Arno989"
                        },
                        "title": "File info button tooltip box empty",
                        "url": "https://github.com/files-community/Files/issues/8973",
                        "state": "CLOSED",
                        "number": 8973,
                        "timelineItems": {
                            "nodes": [
                                {
                                    "source": {
                                        "author": {
                                            "login": "Attacktive"
                                        },
                                        "title": "Fix Empty Tooltip Text on preview pane button",
                                        "url": "https://github.com/files-community/Files/pull/9028",
                                        "state": "MERGED",
                                        "number": 9028,
                                        "__typename": "PullRequest"
                                    }
                                }
                            ]
                        }
                    },
                    {
                        "author": {
                            "login": "RakibRyan"
                        },
                        "title": "moving tabs causes files to crash",
                        "url": "https://github.com/files-community/Files/issues/8969",
                        "state": "CLOSED",
                        "number": 8969,
                        "timelineItems": {
                            "nodes": []
                        }
                    },
                    {
                        "author": {
                            "login": "Josh65-2201"
                        },
                        "title": "Export/Import settings dont work",
                        "url": "https://github.com/files-community/Files/issues/8968",
                        "state": "CLOSED",
                        "number": 8968,
                        "timelineItems": {
                            "nodes": [
                                {
                                    "source": {
                                        "author": {
                                            "login": "gave92"
                                        },
                                        "title": "Fixes an issue for which settings are not imported",
                                        "url": "https://github.com/files-community/Files/pull/8970",
                                        "state": "MERGED",
                                        "number": 8970,
                                        "__typename": "PullRequest"
                                    }
                                }
                            ]
                        }
                    },
                    {
                        "author": {
                            "login": "frax27"
                        },
                        "title": "option turn off displaying recent files in settings",
                        "url": "https://github.com/files-community/Files/issues/8966",
                        "state": "CLOSED",
                        "number": 8966,
                        "timelineItems": {
                            "nodes": []
                        }
                    },
                    {
                        "author": {
                            "login": "Fantom716"
                        },
                        "title": "Date of modification changes when setting a tag on file/folder",
                        "url": "https://github.com/files-community/Files/issues/8965",
                        "state": "CLOSED",
                        "number": 8965,
                        "timelineItems": {
                            "nodes": [
                                {
                                    "source": {
                                        "author": {
                                            "login": "gave92"
                                        },
                                        "title": "Do not change file date modified when setting tag",
                                        "url": "https://github.com/files-community/Files/pull/8967",
                                        "state": "MERGED",
                                        "number": 8967,
                                        "__typename": "PullRequest"
                                    }
                                }
                            ]
                        }
                    },
                    {
                        "author": {
                            "login": "mokshsinghji"
                        },
                        "title": "Add an option to add Google Drive to Cloud Drives.",
                        "url": "https://github.com/files-community/Files/issues/8964",
                        "state": "CLOSED",
                        "number": 8964,
                        "timelineItems": {
                            "nodes": []
                        }
                    },
                    {
                        "author": {
                            "login": "Transmissiontoday"
                        },
                        "title": "appearance - animations",
                        "url": "https://github.com/files-community/Files/issues/8956",
                        "state": "CLOSED",
                        "number": 8956,
                        "timelineItems": {
                            "nodes": []
                        }
                    },
                    {
                        "author": {
                            "login": "Hellobrine"
                        },
                        "title": "How do I update Files?",
                        "url": "https://github.com/files-community/Files/issues/8949",
                        "state": "CLOSED",
                        "number": 8949,
                        "timelineItems": {
                            "nodes": []
                        }
                    },
                    {
                        "author": {
                            "login": "StormDragon-64"
                        },
                        "title": "When searching a folder, you can't search for a file with a . in it.",
                        "url": "https://github.com/files-community/Files/issues/8943",
                        "state": "CLOSED",
                        "number": 8943,
                        "timelineItems": {
                            "nodes": []
                        }
                    },
                    {
                        "author": {
                            "login": "dhbtfs"
                        },
                        "title": "Forward/Backward goes back and forth twice",
                        "url": "https://github.com/files-community/Files/issues/8942",
                        "state": "CLOSED",
                        "number": 8942,
                        "timelineItems": {
                            "nodes": []
                        }
                    },
                    {
                        "author": {
                            "login": "Don-Moahskarton"
                        },
                        "title": "No auto-update of view on network share when creating or pasting files/folders",
                        "url": "https://github.com/files-community/Files/issues/8940",
                        "state": "CLOSED",
                        "number": 8940,
                        "timelineItems": {
                            "nodes": []
                        }
                    }
                ]
            }
        }
    }
}