{
    "data": {
        "repository": {
            "issues": {
                "pageInfo": {
                    "endCursor": "Y3Vyc29yOnYyOpIBzlNGeTA="
                },
                "nodes": [
                    {
                        "author": {
                            "login": "yedonbro"
                        },
                        "title": "Archive support needed.",
                        "url": "https://github.com/files-community/Files/issues/10617",
                        "state": "CLOSED",
                        "number": 10617,
                        "timelineItems": {
                            "nodes": []
                        }
                    },
                    {
                        "author": {
                            "login": "kittenvr"
                        },
                        "title": "Add a way to change the icon",
                        "url": "https://github.com/files-community/Files/issues/10616",
                        "state": "CLOSED",
                        "number": 10616,
                        "timelineItems": {
                            "nodes": []
                        }
                    },
                    {
                        "author": {
                            "login": "Geydson-Santos"
                        },
                        "title": "When the music player stops, the Files throw a error.",
                        "url": "https://github.com/files-community/Files/issues/10615",
                        "state": "CLOSED",
                        "number": 10615,
                        "timelineItems": {
                            "nodes": []
                        }
                    },
                    {
                        "author": {
                            "login": "ak5613"
                        },
                        "title": "Files and folders click behaviour different between Home and any other view",
                        "url": "https://github.com/files-community/Files/issues/10603",
                        "state": "CLOSED",
                        "number": 10603,
                        "timelineItems": {
                            "nodes": []
                        }
                    },
                    {
                        "author": {
                            "login": "YT-Advanced"
                        },
                        "title": "Open File Dialog",
                        "url": "https://github.com/files-community/Files/issues/10600",
                        "state": "CLOSED",
                        "number": 10600,
                        "timelineItems": {
                            "nodes": []
                        }
                    },
                    {
                        "author": {
                            "login": "livingflore"
                        },
                        "title": "404",
                        "url": "https://github.com/files-community/Files/issues/10599",
                        "state": "CLOSED",
                        "number": 10599,
                        "timelineItems": {
                            "nodes": []
                        }
                    },
                    {
                        "author": {
                            "login": "hecksmosis"
                        },
                        "title": "Support us button redirecting to non-existent webpage",
                        "url": "https://github.com/files-community/Files/issues/10589",
                        "state": "CLOSED",
                        "number": 10589,
                        "timelineItems": {
                            "nodes": [
                                {
                                    "source": {
                                        "author": {
                                            "login": "Josh65-2201"
                                        },
                                        "title": "Fix: Fixed sponsor link",
                                        "url": "https://github.com/files-community/Files/pull/10590",
                                        "state": "MERGED",
                                        "number": 10590,
                                        "__typename": "PullRequest"
                                    }
                                },
                                {
                                    "source": {
                                        "author": {
                                            "login": "mafra99"
                                        },
                                        "title": "Fix: Fixed sponsors link",
                                        "url": "https://github.com/files-community/Files/pull/10613",
                                        "state": "MERGED",
                                        "number": 10613,
                                        "__typename": "PullRequest"
                                    }
                                }
                            ]
                        }
                    },
                    {
                        "author": {
                            "login": "Zrrg"
                        },
                        "title": "No Quick Access?",
                        "url": "https://github.com/files-community/Files/issues/10584",
                        "state": "CLOSED",
                        "number": 10584,
                        "timelineItems": {
                            "nodes": []
                        }
                    },
                    {
                        "author": {
                            "login": "ai30328348"
                        },
                        "title": "创建文件夹的逻辑错误",
                        "url": "https://github.com/files-community/Files/issues/10582",
                        "state": "CLOSED",
                        "number": 10582,
                        "timelineItems": {
                            "nodes": []
                        }
                    },
                    {
                        "author": {
                            "login": "brockar"
                        },
                        "title": "Details Layout: \"Size all columns to fit\" don't work, the size doesn't remain, and I can't sort the columns.",
                        "url": "https://github.com/files-community/Files/issues/10580",
                        "state": "CLOSED",
                        "number": 10580,
                        "timelineItems": {
                            "nodes": []
                        }
                    },
                    {
                        "author": {
                            "login": "angaratosurion"
                        },
                        "title": "hi is possible when you move a folder andfinds one with the same name to jut ask if youwant to replace it and not just create a enw one ?",
                        "url": "https://github.com/files-community/Files/issues/10576",
                        "state": "CLOSED",
                        "number": 10576,
                        "timelineItems": {
                            "nodes": []
                        }
                    },
                    {
                        "author": {
                            "login": "spssoftie"
                        },
                        "title": "Add new folders on a network drive added 3 times",
                        "url": "https://github.com/files-community/Files/issues/10566",
                        "state": "CLOSED",
                        "number": 10566,
                        "timelineItems": {
                            "nodes": []
                        }
                    },
                    {
                        "author": {
                            "login": "symmetrysorrow"
                        },
                        "title": "Good file manager!",
                        "url": "https://github.com/files-community/Files/issues/10565",
                        "state": "CLOSED",
                        "number": 10565,
                        "timelineItems": {
                            "nodes": []
                        }
                    },
                    {
                        "author": {
                            "login": "Cilde"
                        },
                        "title": "Crashes when moving .png file.",
                        "url": "https://github.com/files-community/Files/issues/10559",
                        "state": "CLOSED",
                        "number": 10559,
                        "timelineItems": {
                            "nodes": []
                        }
                    },
                    {
                        "author": {
                            "login": "yangyhua"
                        },
                        "title": "Auto jump to the displayed folder when open explorer in application ",
                        "url": "https://github.com/files-community/Files/issues/10557",
                        "state": "CLOSED",
                        "number": 10557,
                        "timelineItems": {
                            "nodes": []
                        }
                    },
                    {
                        "author": {
                            "login": "newyork2003"
                        },
                        "title": "File name issue",
                        "url": "https://github.com/files-community/Files/issues/10556",
                        "state": "CLOSED",
                        "number": 10556,
                        "timelineItems": {
                            "nodes": []
                        }
                    },
                    {
                        "author": {
                            "login": "Silther"
                        },
                        "title": "Hover over OneDrive shows wrong drive infos",
                        "url": "https://github.com/files-community/Files/issues/10552",
                        "state": "CLOSED",
                        "number": 10552,
                        "timelineItems": {
                            "nodes": []
                        }
                    },
                    {
                        "author": {
                            "login": "Silther"
                        },
                        "title": "Replaced cloud storage with OneDrive ",
                        "url": "https://github.com/files-community/Files/issues/10551",
                        "state": "CLOSED",
                        "number": 10551,
                        "timelineItems": {
                            "nodes": []
                        }
                    },
                    {
                        "author": {
                            "login": "UrbanBreznik"
                        },
                        "title": "Save/load/Open dialog should reflect quick access",
                        "url": "https://github.com/files-community/Files/issues/10543",
                        "state": "CLOSED",
                        "number": 10543,
                        "timelineItems": {
                            "nodes": []
                        }
                    },
                    {
                        "author": {
                            "login": "lenadm"
                        },
                        "title": "allow for nested side bar navigation",
                        "url": "https://github.com/files-community/Files/issues/10538",
                        "state": "CLOSED",
                        "number": 10538,
                        "timelineItems": {
                            "nodes": []
                        }
                    },
                    {
                        "author": {
                            "login": "Silther"
                        },
                        "title": "Auto minimize sidebar ",
                        "url": "https://github.com/files-community/Files/issues/10534",
                        "state": "CLOSED",
                        "number": 10534,
                        "timelineItems": {
                            "nodes": []
                        }
                    },
                    {
                        "author": {
                            "login": "Josh65-2201"
                        },
                        "title": "Bug: 7zip size information isn't shown correctly ",
                        "url": "https://github.com/files-community/Files/issues/10528",
                        "state": "CLOSED",
                        "number": 10528,
                        "timelineItems": {
                            "nodes": []
                        }
                    },
                    {
                        "author": {
                            "login": "Josh65-2201"
                        },
                        "title": "Replace copy option in recycle bin with with cut",
                        "url": "https://github.com/files-community/Files/issues/10516",
                        "state": "CLOSED",
                        "number": 10516,
                        "timelineItems": {
                            "nodes": []
                        }
                    },
                    {
                        "author": {
                            "login": "Josh65-2201"
                        },
                        "title": "Restore selected doesn't show in right click menu",
                        "url": "https://github.com/files-community/Files/issues/10515",
                        "state": "CLOSED",
                        "number": 10515,
                        "timelineItems": {
                            "nodes": []
                        }
                    },
                    {
                        "author": {
                            "login": "dhbtfs"
                        },
                        "title": "Allow to resize the information area in Preview section",
                        "url": "https://github.com/files-community/Files/issues/10511",
                        "state": "CLOSED",
                        "number": 10511,
                        "timelineItems": {
                            "nodes": []
                        }
                    },
                    {
                        "author": {
                            "login": "vipkingo1"
                        },
                        "title": "create shortcut for files ",
                        "url": "https://github.com/files-community/Files/issues/10510",
                        "state": "CLOSED",
                        "number": 10510,
                        "timelineItems": {
                            "nodes": []
                        }
                    },
                    {
                        "author": {
                            "login": "GhostShadow0316"
                        },
                        "title": "How to diable animation?",
                        "url": "https://github.com/files-community/Files/issues/10509",
                        "state": "CLOSED",
                        "number": 10509,
                        "timelineItems": {
                            "nodes": [
                                {
                                    "source": {
                                        "author": {
                                            "login": "VictoriousRaptor"
                                        },
                                        "title": "An option to disable animation",
                                        "url": "https://github.com/files-community/Files/issues/12147",
                                        "state": "CLOSED",
                                        "number": 12147,
                                        "__typename": "Issue"
                                    }
                                }
                            ]
                        }
                    },
                    {
                        "author": {
                            "login": "valsamis-d"
                        },
                        "title": "Preview Version 2.3.60: Cannot Install ",
                        "url": "https://github.com/files-community/Files/issues/10508",
                        "state": "CLOSED",
                        "number": 10508,
                        "timelineItems": {
                            "nodes": []
                        }
                    },
                    {
                        "author": {
                            "login": "Newguru-1"
                        },
                        "title": "Tags crash the app",
                        "url": "https://github.com/files-community/Files/issues/10502",
                        "state": "CLOSED",
                        "number": 10502,
                        "timelineItems": {
                            "nodes": [
                                {
                                    "source": {
                                        "author": {
                                            "login": "hez2010"
                                        },
                                        "title": "Fix: Fixed an issue where TagDb gets disposed early",
                                        "url": "https://github.com/files-community/Files/pull/10503",
                                        "state": "MERGED",
                                        "number": 10503,
                                        "__typename": "PullRequest"
                                    }
                                }
                            ]
                        }
                    },
                    {
                        "author": {
                            "login": "dpierangeli"
                        },
                        "title": "Add an option to add the selected file context menu to the more area of the toolbar",
                        "url": "https://github.com/files-community/Files/issues/10500",
                        "state": "CLOSED",
                        "number": 10500,
                        "timelineItems": {
                            "nodes": []
                        }
                    },
                    {
                        "author": {
                            "login": "dx3284470"
                        },
                        "title": "在对文件布局设置的时候希望可以像windows自带的工具一样可以应用全部",
                        "url": "https://github.com/files-community/Files/issues/10499",
                        "state": "CLOSED",
                        "number": 10499,
                        "timelineItems": {
                            "nodes": []
                        }
                    },
                    {
                        "author": {
                            "login": "Poopooracoocoo"
                        },
                        "title": "The hover color of the close caption button of does not match Windows 11 ",
                        "url": "https://github.com/files-community/Files/issues/10497",
                        "state": "CLOSED",
                        "number": 10497,
                        "timelineItems": {
                            "nodes": [
                                {
                                    "source": {
                                        "author": {
                                            "login": "Poopooracoocoo"
                                        },
                                        "title": "The hover color of the close caption button does not match Windows 11",
                                        "url": "https://github.com/microsoft/microsoft-ui-xaml/issues/8568",
                                        "state": "OPEN",
                                        "number": 8568,
                                        "__typename": "Issue"
                                    }
                                }
                            ]
                        }
                    },
                    {
                        "author": {
                            "login": "newyork2003"
                        },
                        "title": "Request",
                        "url": "https://github.com/files-community/Files/issues/10479",
                        "state": "CLOSED",
                        "number": 10479,
                        "timelineItems": {
                            "nodes": []
                        }
                    },
                    {
                        "author": {
                            "login": "akdsrajput"
                        },
                        "title": "While 'back ' after some folder have just opened .",
                        "url": "https://github.com/files-community/Files/issues/10476",
                        "state": "CLOSED",
                        "number": 10476,
                        "timelineItems": {
                            "nodes": []
                        }
                    },
                    {
                        "author": {
                            "login": "newyork2003"
                        },
                        "title": "Request",
                        "url": "https://github.com/files-community/Files/issues/10475",
                        "state": "CLOSED",
                        "number": 10475,
                        "timelineItems": {
                            "nodes": []
                        }
                    },
                    {
                        "author": {
                            "login": "chungchungdev"
                        },
                        "title": "Tag column showing 1 tag only even if there is enough space for more.",
                        "url": "https://github.com/files-community/Files/issues/10468",
                        "state": "CLOSED",
                        "number": 10468,
                        "timelineItems": {
                            "nodes": []
                        }
                    },
                    {
                        "author": {
                            "login": "BurntKrispe"
                        },
                        "title": "Bug: Nord theme is using the wrong colors",
                        "url": "https://github.com/files-community/Files/issues/10465",
                        "state": "CLOSED",
                        "number": 10465,
                        "timelineItems": {
                            "nodes": [
                                {
                                    "source": {
                                        "author": {
                                            "login": "BurntKrispe"
                                        },
                                        "title": "Fix: Fixed Nord.xaml colors",
                                        "url": "https://github.com/files-community/Files/pull/10466",
                                        "state": "CLOSED",
                                        "number": 10466,
                                        "__typename": "PullRequest"
                                    }
                                },
                                {
                                    "source": {
                                        "author": {
                                            "login": "yaira2"
                                        },
                                        "title": "Fix: Fixed colors in the Nord theme",
                                        "url": "https://github.com/files-community/Files/pull/10677",
                                        "state": "MERGED",
                                        "number": 10677,
                                        "__typename": "PullRequest"
                                    }
                                }
                            ]
                        }
                    },
                    {
                        "author": {
                            "login": "woodentoken"
                        },
                        "title": "Bug: Navigating with keys in the Column Layout crashes the program",
                        "url": "https://github.com/files-community/Files/issues/10464",
                        "state": "CLOSED",
                        "number": 10464,
                        "timelineItems": {
                            "nodes": []
                        }
                    },
                    {
                        "author": {
                            "login": "StrBalu"
                        },
                        "title": "File copy fails without prompt or additional info",
                        "url": "https://github.com/files-community/Files/issues/10463",
                        "state": "CLOSED",
                        "number": 10463,
                        "timelineItems": {
                            "nodes": []
                        }
                    },
                    {
                        "author": {
                            "login": "BubuMani"
                        },
                        "title": "Feature: Save FTP credentials",
                        "url": "https://github.com/files-community/Files/issues/10462",
                        "state": "OPEN",
                        "number": 10462,
                        "timelineItems": {
                            "nodes": [
                                {
                                    "source": {
                                        "author": {
                                            "login": "SteveWorkshop"
                                        },
                                        "title": "Cannot remember FTP token and cannot connect FTP sometimes",
                                        "url": "https://github.com/files-community/Files/issues/10641",
                                        "state": "CLOSED",
                                        "number": 10641,
                                        "__typename": "Issue"
                                    }
                                }
                            ]
                        }
                    },
                    {
                        "author": {
                            "login": "StrBalu"
                        },
                        "title": "Are you sure you want to copy this files without its properties?",
                        "url": "https://github.com/files-community/Files/issues/10461",
                        "state": "CLOSED",
                        "number": 10461,
                        "timelineItems": {
                            "nodes": []
                        }
                    },
                    {
                        "author": {
                            "login": "slavoyar8601"
                        },
                        "title": "[Bug] Opening multiple files of the same type makes Files app (Preview sideload version) crash.",
                        "url": "https://github.com/files-community/Files/issues/10460",
                        "state": "CLOSED",
                        "number": 10460,
                        "timelineItems": {
                            "nodes": []
                        }
                    },
                    {
                        "author": {
                            "login": "verdaderoken"
                        },
                        "title": "Bug: Alt key combinations produces beep sound",
                        "url": "https://github.com/files-community/Files/issues/10456",
                        "state": "CLOSED",
                        "number": 10456,
                        "timelineItems": {
                            "nodes": []
                        }
                    },
                    {
                        "author": null,
                        "title": "Important Things to Add",
                        "url": "https://github.com/files-community/Files/issues/10454",
                        "state": "CLOSED",
                        "number": 10454,
                        "timelineItems": {
                            "nodes": []
                        }
                    },
                    {
                        "author": {
                            "login": "matthiscock"
                        },
                        "title": "Dual Pane Bug (On Open)",
                        "url": "https://github.com/files-community/Files/issues/10449",
                        "state": "CLOSED",
                        "number": 10449,
                        "timelineItems": {
                            "nodes": [
                                {
                                    "source": {
                                        "author": {
                                            "login": "h3x1e"
                                        },
                                        "title": "Bug: Always open new tabs in dual pane doesn't work on startup",
                                        "url": "https://github.com/files-community/Files/issues/10276",
                                        "state": "CLOSED",
                                        "number": 10276,
                                        "__typename": "Issue"
                                    }
                                }
                            ]
                        }
                    },
                    {
                        "author": {
                            "login": "pmaciejew"
                        },
                        "title": "Keep the same theme when Files is out of focus.",
                        "url": "https://github.com/files-community/Files/issues/10445",
                        "state": "CLOSED",
                        "number": 10445,
                        "timelineItems": {
                            "nodes": []
                        }
                    },
                    {
                        "author": {
                            "login": "Surferlul"
                        },
                        "title": "Sidebar Transparency",
                        "url": "https://github.com/files-community/Files/issues/10441",
                        "state": "CLOSED",
                        "number": 10441,
                        "timelineItems": {
                            "nodes": []
                        }
                    },
                    {
                        "author": {
                            "login": "CarlosRivera4726"
                        },
                        "title": "Implement Set Background",
                        "url": "https://github.com/files-community/Files/issues/10436",
                        "state": "CLOSED",
                        "number": 10436,
                        "timelineItems": {
                            "nodes": []
                        }
                    },
                    {
                        "author": {
                            "login": "BellCocoa"
                        },
                        "title": "Cannot create a new folder.",
                        "url": "https://github.com/files-community/Files/issues/10420",
                        "state": "CLOSED",
                        "number": 10420,
                        "timelineItems": {
                            "nodes": []
                        }
                    },
                    {
                        "author": {
                            "login": "BrandonCF"
                        },
                        "title": "Check  box",
                        "url": "https://github.com/files-community/Files/issues/10415",
                        "state": "CLOSED",
                        "number": 10415,
                        "timelineItems": {
                            "nodes": []
                        }
                    },
                    {
                        "author": {
                            "login": "sfksuperman"
                        },
                        "title": "FILE TAG to move to last by default for every folder.",
                        "url": "https://github.com/files-community/Files/issues/10412",
                        "state": "CLOSED",
                        "number": 10412,
                        "timelineItems": {
                            "nodes": []
                        }
                    },
                    {
                        "author": {
                            "login": "SpyassL"
                        },
                        "title": "Add tab grouping",
                        "url": "https://github.com/files-community/Files/issues/10410",
                        "state": "CLOSED",
                        "number": 10410,
                        "timelineItems": {
                            "nodes": []
                        }
                    },
                    {
                        "author": {
                            "login": "gergy008"
                        },
                        "title": "Improved Columns",
                        "url": "https://github.com/files-community/Files/issues/10409",
                        "state": "CLOSED",
                        "number": 10409,
                        "timelineItems": {
                            "nodes": []
                        }
                    },
                    {
                        "author": {
                            "login": "gergy008"
                        },
                        "title": "Improved Columns",
                        "url": "https://github.com/files-community/Files/issues/10408",
                        "state": "CLOSED",
                        "number": 10408,
                        "timelineItems": {
                            "nodes": []
                        }
                    },
                    {
                        "author": {
                            "login": "verdaderoken"
                        },
                        "title": "Bug: App crashing when spamming Alt+I",
                        "url": "https://github.com/files-community/Files/issues/10406",
                        "state": "CLOSED",
                        "number": 10406,
                        "timelineItems": {
                            "nodes": []
                        }
                    },
                    {
                        "author": {
                            "login": "SpyassL"
                        },
                        "title": "A file in a folder does not appear once created",
                        "url": "https://github.com/files-community/Files/issues/10404",
                        "state": "CLOSED",
                        "number": 10404,
                        "timelineItems": {
                            "nodes": []
                        }
                    },
                    {
                        "author": {
                            "login": "wslrj123"
                        },
                        "title": "Incomplete right-click menu for network drives",
                        "url": "https://github.com/files-community/Files/issues/10393",
                        "state": "CLOSED",
                        "number": 10393,
                        "timelineItems": {
                            "nodes": []
                        }
                    },
                    {
                        "author": {
                            "login": "cinqmilleans"
                        },
                        "title": "Encrypted archives does not work",
                        "url": "https://github.com/files-community/Files/issues/10376",
                        "state": "CLOSED",
                        "number": 10376,
                        "timelineItems": {
                            "nodes": []
                        }
                    },
                    {
                        "author": {
                            "login": "farooqbutt"
                        },
                        "title": "tags are not working",
                        "url": "https://github.com/files-community/Files/issues/10351",
                        "state": "CLOSED",
                        "number": 10351,
                        "timelineItems": {
                            "nodes": []
                        }
                    },
                    {
                        "author": {
                            "login": "hez2010"
                        },
                        "title": "The property window is not draggable",
                        "url": "https://github.com/files-community/Files/issues/10333",
                        "state": "CLOSED",
                        "number": 10333,
                        "timelineItems": {
                            "nodes": []
                        }
                    },
                    {
                        "author": {
                            "login": "Josh65-2201"
                        },
                        "title": "Bug: Items in File in use model are shown twice",
                        "url": "https://github.com/files-community/Files/issues/10321",
                        "state": "CLOSED",
                        "number": 10321,
                        "timelineItems": {
                            "nodes": [
                                {
                                    "source": {
                                        "author": {
                                            "login": "cinqmilleans"
                                        },
                                        "title": "Fix: Fixed issue where delete modal displayed duplicate items",
                                        "url": "https://github.com/files-community/Files/pull/10323",
                                        "state": "MERGED",
                                        "number": 10323,
                                        "__typename": "PullRequest"
                                    }
                                }
                            ]
                        }
                    },
                    {
                        "author": {
                            "login": "ThePython10110"
                        },
                        "title": "Files always opens dropdown menu when dragging/dropping files to desktop or default File Explorer",
                        "url": "https://github.com/files-community/Files/issues/10319",
                        "state": "CLOSED",
                        "number": 10319,
                        "timelineItems": {
                            "nodes": []
                        }
                    },
                    {
                        "author": {
                            "login": "silversparker"
                        },
                        "title": "Themes",
                        "url": "https://github.com/files-community/Files/issues/10315",
                        "state": "CLOSED",
                        "number": 10315,
                        "timelineItems": {
                            "nodes": [
                                {
                                    "source": {
                                        "author": {
                                            "login": "lbux"
                                        },
                                        "title": "Custom theme support removed in Files 2.4.21",
                                        "url": "https://github.com/catppuccin/windows-files/issues/7",
                                        "state": "CLOSED",
                                        "number": 7,
                                        "__typename": "Issue"
                                    }
                                }
                            ]
                        }
                    },
                    {
                        "author": {
                            "login": "foxxyboy16"
                        },
                        "title": "Cannot unmount virtual disk images.",
                        "url": "https://github.com/files-community/Files/issues/10314",
                        "state": "CLOSED",
                        "number": 10314,
                        "timelineItems": {
                            "nodes": []
                        }
                    },
                    {
                        "author": {
                            "login": "CarlosCevallos"
                        },
                        "title": "Contenedores: Se pierde la configuración de carpetas",
                        "url": "https://github.com/files-community/Files/issues/10313",
                        "state": "CLOSED",
                        "number": 10313,
                        "timelineItems": {
                            "nodes": []
                        }
                    },
                    {
                        "author": {
                            "login": "SimonL888"
                        },
                        "title": "Replace dialog on ftp-servers and net-drives",
                        "url": "https://github.com/files-community/Files/issues/10312",
                        "state": "CLOSED",
                        "number": 10312,
                        "timelineItems": {
                            "nodes": []
                        }
                    },
                    {
                        "author": {
                            "login": "camdan-me"
                        },
                        "title": "Feature: Toggle legacy copy dialog",
                        "url": "https://github.com/files-community/Files/issues/10282",
                        "state": "CLOSED",
                        "number": 10282,
                        "timelineItems": {
                            "nodes": []
                        }
                    },
                    {
                        "author": {
                            "login": "richardvlittlewood"
                        },
                        "title": "Add a more compact view",
                        "url": "https://github.com/files-community/Files/issues/10278",
                        "state": "CLOSED",
                        "number": 10278,
                        "timelineItems": {
                            "nodes": []
                        }
                    },
                    {
                        "author": {
                            "login": "X1kera"
                        },
                        "title": "Default file manager Bug",
                        "url": "https://github.com/files-community/Files/issues/10270",
                        "state": "CLOSED",
                        "number": 10270,
                        "timelineItems": {
                            "nodes": []
                        }
                    },
                    {
                        "author": {
                            "login": "Tarog"
                        },
                        "title": "Files crashes after opening and closing the properties of a file or folder",
                        "url": "https://github.com/files-community/Files/issues/10267",
                        "state": "CLOSED",
                        "number": 10267,
                        "timelineItems": {
                            "nodes": []
                        }
                    },
                    {
                        "author": {
                            "login": "cinqmilleans"
                        },
                        "title": "Feature: Display drive letter of the connected network drives",
                        "url": "https://github.com/files-community/Files/issues/10261",
                        "state": "CLOSED",
                        "number": 10261,
                        "timelineItems": {
                            "nodes": [
                                {
                                    "source": {
                                        "author": {
                                            "login": "cinqmilleans"
                                        },
                                        "title": "Feature: Display drive letter of the connected network drives",
                                        "url": "https://github.com/files-community/Files/pull/10269",
                                        "state": "MERGED",
                                        "number": 10269,
                                        "__typename": "PullRequest"
                                    }
                                }
                            ]
                        }
                    },
                    {
                        "author": {
                            "login": "Dummyfun95"
                        },
                        "title": "Windows",
                        "url": "https://github.com/files-community/Files/issues/10254",
                        "state": "CLOSED",
                        "number": 10254,
                        "timelineItems": {
                            "nodes": []
                        }
                    },
                    {
                        "author": {
                            "login": "cinqmilleans"
                        },
                        "title": "Bug: Drives section has the wrong order",
                        "url": "https://github.com/files-community/Files/issues/10252",
                        "state": "CLOSED",
                        "number": 10252,
                        "timelineItems": {
                            "nodes": [
                                {
                                    "source": {
                                        "author": {
                                            "login": "cinqmilleans"
                                        },
                                        "title": "Fix: Fixed issue where drives had the wrong order in the sidebar",
                                        "url": "https://github.com/files-community/Files/pull/10258",
                                        "state": "MERGED",
                                        "number": 10258,
                                        "__typename": "PullRequest"
                                    }
                                }
                            ]
                        }
                    },
                    {
                        "author": {
                            "login": "ElitePheonix2009"
                        },
                        "title": "Add support for send to option",
                        "url": "https://github.com/files-community/Files/issues/10251",
                        "state": "CLOSED",
                        "number": 10251,
                        "timelineItems": {
                            "nodes": []
                        }
                    },
                    {
                        "author": {
                            "login": "EldarTura"
                        },
                        "title": "Add total length of a video file.",
                        "url": "https://github.com/files-community/Files/issues/10246",
                        "state": "CLOSED",
                        "number": 10246,
                        "timelineItems": {
                            "nodes": []
                        }
                    },
                    {
                        "author": {
                            "login": "JJoshyyy"
                        },
                        "title": "How to make Win+E Open custom files app?",
                        "url": "https://github.com/files-community/Files/issues/10244",
                        "state": "CLOSED",
                        "number": 10244,
                        "timelineItems": {
                            "nodes": []
                        }
                    },
                    {
                        "author": {
                            "login": "JJoshyyy"
                        },
                        "title": "Not sure if right place if so let me know. Diskmgmt issue",
                        "url": "https://github.com/files-community/Files/issues/10236",
                        "state": "CLOSED",
                        "number": 10236,
                        "timelineItems": {
                            "nodes": []
                        }
                    },
                    {
                        "author": {
                            "login": "ElitePheonix2009"
                        },
                        "title": "Right clicking on a file, clicking on more and then moving mouse to the sub-menu which comes after clicking more closes the sub-menu",
                        "url": "https://github.com/files-community/Files/issues/10232",
                        "state": "CLOSED",
                        "number": 10232,
                        "timelineItems": {
                            "nodes": []
                        }
                    },
                    {
                        "author": {
                            "login": "ReadieFur"
                        },
                        "title": "Default sort and group by",
                        "url": "https://github.com/files-community/Files/issues/10229",
                        "state": "CLOSED",
                        "number": 10229,
                        "timelineItems": {
                            "nodes": []
                        }
                    },
                    {
                        "author": {
                            "login": "coachz1"
                        },
                        "title": "Add double click to explorer pane to go up a directory",
                        "url": "https://github.com/files-community/Files/issues/10227",
                        "state": "CLOSED",
                        "number": 10227,
                        "timelineItems": {
                            "nodes": []
                        }
                    },
                    {
                        "author": {
                            "login": "coachz1"
                        },
                        "title": "Bug: Dual pane context menu flashes",
                        "url": "https://github.com/files-community/Files/issues/10225",
                        "state": "CLOSED",
                        "number": 10225,
                        "timelineItems": {
                            "nodes": []
                        }
                    },
                    {
                        "author": {
                            "login": "bchevreau"
                        },
                        "title": "Feature: Allow to set default layout for folders in Settings",
                        "url": "https://github.com/files-community/Files/issues/10218",
                        "state": "CLOSED",
                        "number": 10218,
                        "timelineItems": {
                            "nodes": []
                        }
                    },
                    {
                        "author": {
                            "login": "Leoijeon"
                        },
                        "title": "Bug: Untagged files showing in tag search results",
                        "url": "https://github.com/files-community/Files/issues/10217",
                        "state": "CLOSED",
                        "number": 10217,
                        "timelineItems": {
                            "nodes": [
                                {
                                    "source": {
                                        "author": {
                                            "login": "ferrariofilippo"
                                        },
                                        "title": "Fix: Fixed issue where untagged files were sometimes displayed in the search results",
                                        "url": "https://github.com/files-community/Files/pull/10241",
                                        "state": "MERGED",
                                        "number": 10241,
                                        "__typename": "PullRequest"
                                    }
                                }
                            ]
                        }
                    },
                    {
                        "author": {
                            "login": "ElitePheonix2009"
                        },
                        "title": "Received Error \"Files ran into a issue that the developers did not prepare for yet\" and files app crashed.",
                        "url": "https://github.com/files-community/Files/issues/10213",
                        "state": "CLOSED",
                        "number": 10213,
                        "timelineItems": {
                            "nodes": []
                        }
                    },
                    {
                        "author": {
                            "login": "webddemo"
                        },
                        "title": "RAM Usage stacking up after opening and closing tabs",
                        "url": "https://github.com/files-community/Files/issues/10210",
                        "state": "CLOSED",
                        "number": 10210,
                        "timelineItems": {
                            "nodes": []
                        }
                    },
                    {
                        "author": {
                            "login": "cobbettjp"
                        },
                        "title": "Files Preview 2.3.48.0 Crashing",
                        "url": "https://github.com/files-community/Files/issues/10197",
                        "state": "CLOSED",
                        "number": 10197,
                        "timelineItems": {
                            "nodes": []
                        }
                    },
                    {
                        "author": {
                            "login": "Josh65-2201"
                        },
                        "title": "Bug: Files crashes when clicking browse on properties customise page",
                        "url": "https://github.com/files-community/Files/issues/10193",
                        "state": "CLOSED",
                        "number": 10193,
                        "timelineItems": {
                            "nodes": [
                                {
                                    "source": {
                                        "author": {
                                            "login": "ferrariofilippo"
                                        },
                                        "title": "Fix: Fixed crash that would occur when clicking browse on properties customize page",
                                        "url": "https://github.com/files-community/Files/pull/10356",
                                        "state": "MERGED",
                                        "number": 10356,
                                        "__typename": "PullRequest"
                                    }
                                }
                            ]
                        }
                    },
                    {
                        "author": {
                            "login": "Dummyfun95"
                        },
                        "title": "Windows",
                        "url": "https://github.com/files-community/Files/issues/10190",
                        "state": "CLOSED",
                        "number": 10190,
                        "timelineItems": {
                            "nodes": []
                        }
                    },
                    {
                        "author": {
                            "login": "MimecraftAndrew"
                        },
                        "title": "The Recycle Bin is displayed as Shell: RecycleBinFolder",
                        "url": "https://github.com/files-community/Files/issues/10175",
                        "state": "CLOSED",
                        "number": 10175,
                        "timelineItems": {
                            "nodes": []
                        }
                    },
                    {
                        "author": {
                            "login": "warpdesign"
                        },
                        "title": "[WSL] Auto refresh of directory",
                        "url": "https://github.com/files-community/Files/issues/10170",
                        "state": "CLOSED",
                        "number": 10170,
                        "timelineItems": {
                            "nodes": []
                        }
                    },
                    {
                        "author": {
                            "login": "Superhedgehoger"
                        },
                        "title": "Hi I like it，hope to add double click to click function",
                        "url": "https://github.com/files-community/Files/issues/10168",
                        "state": "CLOSED",
                        "number": 10168,
                        "timelineItems": {
                            "nodes": []
                        }
                    },
                    {
                        "author": {
                            "login": "BraianPita"
                        },
                        "title": "Display deleted filenames in the ongoing tasks menu",
                        "url": "https://github.com/files-community/Files/issues/10165",
                        "state": "CLOSED",
                        "number": 10165,
                        "timelineItems": {
                            "nodes": []
                        }
                    },
                    {
                        "author": {
                            "login": "Colin-VideoRevealed"
                        },
                        "title": "Right column should refresh for both folder contents and single files",
                        "url": "https://github.com/files-community/Files/issues/10162",
                        "state": "CLOSED",
                        "number": 10162,
                        "timelineItems": {
                            "nodes": []
                        }
                    },
                    {
                        "author": {
                            "login": "Josh65-2201"
                        },
                        "title": "Bug: Virtual mounted drives don't have Eject option",
                        "url": "https://github.com/files-community/Files/issues/10154",
                        "state": "OPEN",
                        "number": 10154,
                        "timelineItems": {
                            "nodes": [
                                {
                                    "source": {
                                        "author": {
                                            "login": "foxxyboy16"
                                        },
                                        "title": "Cannot unmount virtual disk images.",
                                        "url": "https://github.com/files-community/Files/issues/10314",
                                        "state": "CLOSED",
                                        "number": 10314,
                                        "__typename": "Issue"
                                    }
                                },
                                {
                                    "source": {
                                        "author": {
                                            "login": "hecksmosis"
                                        },
                                        "title": "Fix: Added support for ejecting virtual drives",
                                        "url": "https://github.com/files-community/Files/pull/11135",
                                        "state": "CLOSED",
                                        "number": 11135,
                                        "__typename": "PullRequest"
                                    }
                                },
                                {
                                    "source": {
                                        "author": {
                                            "login": "hishitetsu"
                                        },
                                        "title": "Bug: \"Eject\" appears in the context menu of the floppy disk drive",
                                        "url": "https://github.com/files-community/Files/issues/13462",
                                        "state": "OPEN",
                                        "number": 13462,
                                        "__typename": "Issue"
                                    }
                                },
                                {
                                    "source": {
                                        "author": {
                                            "login": "JollyRoger8X"
                                        },
                                        "title": "Files does not allow Ejection of mounted virtual hard disk drives because it thinks they are Fixed Disk Drives",
                                        "url": "https://github.com/files-community/Files/issues/14899",
                                        "state": "CLOSED",
                                        "number": 14899,
                                        "__typename": "Issue"
                                    }
                                }
                            ]
                        }
                    },
                    {
                        "author": {
                            "login": "verdaderoken"
                        },
                        "title": "Bug: Folder suggestions are not showing in the Address bar",
                        "url": "https://github.com/files-community/Files/issues/10150",
                        "state": "CLOSED",
                        "number": 10150,
                        "timelineItems": {
                            "nodes": [
                                {
                                    "source": {
                                        "author": {
                                            "login": "mafra99"
                                        },
                                        "title": "Fix: Folder suggestions are not showing in the Address bar",
                                        "url": "https://github.com/files-community/Files/pull/10180",
                                        "state": "MERGED",
                                        "number": 10180,
                                        "__typename": "PullRequest"
                                    }
                                }
                            ]
                        }
                    },
                    {
                        "author": {
                            "login": "tower-town"
                        },
                        "title": "samba can't be connected in win11 22H2 and error suffix when copy folder in samba.",
                        "url": "https://github.com/files-community/Files/issues/10149",
                        "state": "CLOSED",
                        "number": 10149,
                        "timelineItems": {
                            "nodes": []
                        }
                    },
                    {
                        "author": {
                            "login": "seirdotexe"
                        },
                        "title": "Windows Explorer still opens in external upload windows (WhatsApp, Discord, etc)",
                        "url": "https://github.com/files-community/Files/issues/10147",
                        "state": "CLOSED",
                        "number": 10147,
                        "timelineItems": {
                            "nodes": []
                        }
                    },
                    {
                        "author": {
                            "login": "verdaderoken"
                        },
                        "title": "Bug: App crash while navigating to folders faster than usual",
                        "url": "https://github.com/files-community/Files/issues/10140",
                        "state": "CLOSED",
                        "number": 10140,
                        "timelineItems": {
                            "nodes": []
                        }
                    },
                    {
                        "author": {
                            "login": "kevjustice"
                        },
                        "title": "Right Click Pinned Options",
                        "url": "https://github.com/files-community/Files/issues/10133",
                        "state": "CLOSED",
                        "number": 10133,
                        "timelineItems": {
                            "nodes": []
                        }
                    },
                    {
                        "author": {
                            "login": "lololololkl"
                        },
                        "title": "When creating a folder, why does clicking the button fail?",
                        "url": "https://github.com/files-community/Files/issues/10131",
                        "state": "CLOSED",
                        "number": 10131,
                        "timelineItems": {
                            "nodes": []
                        }
                    }
                ]
            }
        }
    }
}