{
    "data": {
        "repository": {
            "issues": {
                "pageInfo": {
                    "endCursor": "Y3Vyc29yOnYyOpIBzngi6Fk="
                },
                "nodes": [
                    {
                        "author": {
                            "login": "sergodesit"
                        },
                        "title": "Home page update",
                        "url": "https://github.com/files-community/Files/issues/14608",
                        "state": "CLOSED",
                        "number": 14608,
                        "timelineItems": {
                            "nodes": []
                        }
                    },
                    {
                        "author": {
                            "login": "paolosezart"
                        },
                        "title": "Add sftp integration, or better yet rclone.",
                        "url": "https://github.com/files-community/Files/issues/14598",
                        "state": "CLOSED",
                        "number": 14598,
                        "timelineItems": {
                            "nodes": []
                        }
                    },
                    {
                        "author": {
                            "login": "Marginez"
                        },
                        "title": "Special \"tree\" view",
                        "url": "https://github.com/files-community/Files/issues/14594",
                        "state": "CLOSED",
                        "number": 14594,
                        "timelineItems": {
                            "nodes": []
                        }
                    },
                    {
                        "author": {
                            "login": "TheCrafters001"
                        },
                        "title": "Bug: Privacy Link Doesn't Open Privacy Policy",
                        "url": "https://github.com/files-community/Files/issues/14583",
                        "state": "CLOSED",
                        "number": 14583,
                        "timelineItems": {
                            "nodes": [
                                {
                                    "source": {
                                        "author": {
                                            "login": "0x5bfa"
                                        },
                                        "title": "Fix: Fixed issue where the privacy policy link was broken",
                                        "url": "https://github.com/files-community/Files/pull/14584",
                                        "state": "MERGED",
                                        "number": 14584,
                                        "__typename": "PullRequest"
                                    }
                                }
                            ]
                        }
                    },
                    {
                        "author": {
                            "login": "Josh65-2201"
                        },
                        "title": "Bug: Layout doesn't update on open tabs when the default layout changes",
                        "url": "https://github.com/files-community/Files/issues/14580",
                        "state": "CLOSED",
                        "number": 14580,
                        "timelineItems": {
                            "nodes": [
                                {
                                    "source": {
                                        "author": {
                                            "login": "hishitetsu"
                                        },
                                        "title": "Fix: Fixed issue where items were sometimes not displayed",
                                        "url": "https://github.com/files-community/Files/pull/14581",
                                        "state": "MERGED",
                                        "number": 14581,
                                        "__typename": "PullRequest"
                                    }
                                },
                                {
                                    "source": {
                                        "author": {
                                            "login": "hishitetsu"
                                        },
                                        "title": "Bug: Items are sometimes not listed in Downloads folder",
                                        "url": "https://github.com/files-community/Files/issues/14482",
                                        "state": "CLOSED",
                                        "number": 14482,
                                        "__typename": "Issue"
                                    }
                                },
                                {
                                    "source": {
                                        "author": {
                                            "login": "ferrariofilippo"
                                        },
                                        "title": "Fix: Fixed issue where updating the default layout wouldn't refresh open tabs",
                                        "url": "https://github.com/files-community/Files/pull/14651",
                                        "state": "MERGED",
                                        "number": 14651,
                                        "__typename": "PullRequest"
                                    }
                                }
                            ]
                        }
                    },
                    {
                        "author": {
                            "login": "sergodesit"
                        },
                        "title": "Files Preview 3.1.8.0",
                        "url": "https://github.com/files-community/Files/issues/14577",
                        "state": "CLOSED",
                        "number": 14577,
                        "timelineItems": {
                            "nodes": []
                        }
                    },
                    {
                        "author": {
                            "login": "hishitetsu"
                        },
                        "title": "Bug: List layout icon is blurry",
                        "url": "https://github.com/files-community/Files/issues/14569",
                        "state": "CLOSED",
                        "number": 14569,
                        "timelineItems": {
                            "nodes": []
                        }
                    },
                    {
                        "author": {
                            "login": "Qin-shihuang"
                        },
                        "title": "Bug: Tab dropped into wrong position when moved between windows",
                        "url": "https://github.com/files-community/Files/issues/14568",
                        "state": "OPEN",
                        "number": 14568,
                        "timelineItems": {
                            "nodes": []
                        }
                    },
                    {
                        "author": {
                            "login": "mtoranzo"
                        },
                        "title": "App crash unexpectedly while it's opening",
                        "url": "https://github.com/files-community/Files/issues/14566",
                        "state": "CLOSED",
                        "number": 14566,
                        "timelineItems": {
                            "nodes": []
                        }
                    },
                    {
                        "author": {
                            "login": "sichtmonitor"
                        },
                        "title": "Windows PowerToys – Peek Utility",
                        "url": "https://github.com/files-community/Files/issues/14549",
                        "state": "CLOSED",
                        "number": 14549,
                        "timelineItems": {
                            "nodes": []
                        }
                    },
                    {
                        "author": {
                            "login": "rpk90"
                        },
                        "title": "Bug: The 'Drives' widget displays inaccurate information about free space on drives.",
                        "url": "https://github.com/files-community/Files/issues/14542",
                        "state": "CLOSED",
                        "number": 14542,
                        "timelineItems": {
                            "nodes": []
                        }
                    },
                    {
                        "author": {
                            "login": "snruebes"
                        },
                        "title": "Add the ability to change the column sequence in details view",
                        "url": "https://github.com/files-community/Files/issues/14531",
                        "state": "CLOSED",
                        "number": 14531,
                        "timelineItems": {
                            "nodes": []
                        }
                    },
                    {
                        "author": {
                            "login": "82513931"
                        },
                        "title": "Custom Categories for Tags in the Sidebar",
                        "url": "https://github.com/files-community/Files/issues/14514",
                        "state": "CLOSED",
                        "number": 14514,
                        "timelineItems": {
                            "nodes": []
                        }
                    },
                    {
                        "author": {
                            "login": "RhapsodySL"
                        },
                        "title": "Window size resets when computer is restarted",
                        "url": "https://github.com/files-community/Files/issues/14513",
                        "state": "CLOSED",
                        "number": 14513,
                        "timelineItems": {
                            "nodes": []
                        }
                    },
                    {
                        "author": {
                            "login": "0x5bfa"
                        },
                        "title": "Bug: Changed data will be lost when page is switched in properties window",
                        "url": "https://github.com/files-community/Files/issues/14506",
                        "state": "OPEN",
                        "number": 14506,
                        "timelineItems": {
                            "nodes": []
                        }
                    },
                    {
                        "author": {
                            "login": "ialhabbal"
                        },
                        "title": "Feature Request: Sort Videos by Length, and Undo Function",
                        "url": "https://github.com/files-community/Files/issues/14502",
                        "state": "CLOSED",
                        "number": 14502,
                        "timelineItems": {
                            "nodes": []
                        }
                    },
                    {
                        "author": {
                            "login": "emutter"
                        },
                        "title": "Change order of columns in details layout",
                        "url": "https://github.com/files-community/Files/issues/14495",
                        "state": "CLOSED",
                        "number": 14495,
                        "timelineItems": {
                            "nodes": []
                        }
                    },
                    {
                        "author": {
                            "login": "443eb9"
                        },
                        "title": "Bug: Progress in Status Center is incorrect.",
                        "url": "https://github.com/files-community/Files/issues/14488",
                        "state": "CLOSED",
                        "number": 14488,
                        "timelineItems": {
                            "nodes": []
                        }
                    },
                    {
                        "author": {
                            "login": "Mariepiz"
                        },
                        "title": "Files se cierra",
                        "url": "https://github.com/files-community/Files/issues/14476",
                        "state": "CLOSED",
                        "number": 14476,
                        "timelineItems": {
                            "nodes": []
                        }
                    },
                    {
                        "author": {
                            "login": "mtoranzo"
                        },
                        "title": "Bug: Files crash When I'm copying files to a network drive",
                        "url": "https://github.com/files-community/Files/issues/14474",
                        "state": "OPEN",
                        "number": 14474,
                        "timelineItems": {
                            "nodes": []
                        }
                    },
                    {
                        "author": {
                            "login": "comertial"
                        },
                        "title": "Edit Settings file seems to be ephemeral",
                        "url": "https://github.com/files-community/Files/issues/14472",
                        "state": "CLOSED",
                        "number": 14472,
                        "timelineItems": {
                            "nodes": []
                        }
                    },
                    {
                        "author": {
                            "login": "AzizAyoubi"
                        },
                        "title": "Add tooltip for item ",
                        "url": "https://github.com/files-community/Files/issues/14456",
                        "state": "CLOSED",
                        "number": 14456,
                        "timelineItems": {
                            "nodes": []
                        }
                    },
                    {
                        "author": {
                            "login": "Horizon82"
                        },
                        "title": "Bug: Newly Created Excel File(s) Not Visible on network location",
                        "url": "https://github.com/files-community/Files/issues/14449",
                        "state": "OPEN",
                        "number": 14449,
                        "timelineItems": {
                            "nodes": []
                        }
                    },
                    {
                        "author": {
                            "login": "jason919"
                        },
                        "title": "very slow performance with large zip file",
                        "url": "https://github.com/files-community/Files/issues/14446",
                        "state": "CLOSED",
                        "number": 14446,
                        "timelineItems": {
                            "nodes": []
                        }
                    },
                    {
                        "author": {
                            "login": "jason919"
                        },
                        "title": "can't drag a file from 7zip to Files App",
                        "url": "https://github.com/files-community/Files/issues/14445",
                        "state": "CLOSED",
                        "number": 14445,
                        "timelineItems": {
                            "nodes": []
                        }
                    },
                    {
                        "author": {
                            "login": "smarquespt"
                        },
                        "title": "Preview overlaps settings",
                        "url": "https://github.com/files-community/Files/issues/14444",
                        "state": "CLOSED",
                        "number": 14444,
                        "timelineItems": {
                            "nodes": []
                        }
                    },
                    {
                        "author": {
                            "login": "CommandPrompt-Wang"
                        },
                        "title": "Error focus in Shell:NetworkPlacesFolder folder property window",
                        "url": "https://github.com/files-community/Files/issues/14443",
                        "state": "CLOSED",
                        "number": 14443,
                        "timelineItems": {
                            "nodes": []
                        }
                    },
                    {
                        "author": {
                            "login": "earshinov"
                        },
                        "title": "Ability to set the default option on colliding names",
                        "url": "https://github.com/files-community/Files/issues/14441",
                        "state": "CLOSED",
                        "number": 14441,
                        "timelineItems": {
                            "nodes": []
                        }
                    },
                    {
                        "author": {
                            "login": "akienm"
                        },
                        "title": "Tree view",
                        "url": "https://github.com/files-community/Files/issues/14435",
                        "state": "CLOSED",
                        "number": 14435,
                        "timelineItems": {
                            "nodes": []
                        }
                    },
                    {
                        "author": {
                            "login": "clackwell"
                        },
                        "title": "Open tabs sometimes lost when Files crashes",
                        "url": "https://github.com/files-community/Files/issues/14432",
                        "state": "CLOSED",
                        "number": 14432,
                        "timelineItems": {
                            "nodes": []
                        }
                    },
                    {
                        "author": {
                            "login": "Haque13"
                        },
                        "title": "right click and drag feature",
                        "url": "https://github.com/files-community/Files/issues/14428",
                        "state": "CLOSED",
                        "number": 14428,
                        "timelineItems": {
                            "nodes": []
                        }
                    },
                    {
                        "author": {
                            "login": "sovsiann"
                        },
                        "title": "Context Menu implovemrent",
                        "url": "https://github.com/files-community/Files/issues/14421",
                        "state": "CLOSED",
                        "number": 14421,
                        "timelineItems": {
                            "nodes": []
                        }
                    },
                    {
                        "author": {
                            "login": "Qin-shihuang"
                        },
                        "title": "Bug: The new shortcut page only allows selecting folders",
                        "url": "https://github.com/files-community/Files/issues/14418",
                        "state": "CLOSED",
                        "number": 14418,
                        "timelineItems": {
                            "nodes": [
                                {
                                    "source": {
                                        "author": {
                                            "login": "yaira2"
                                        },
                                        "title": "Fix: Fixed issue where it didn't work to pick files when creating new shortcuts",
                                        "url": "https://github.com/files-community/Files/pull/14422",
                                        "state": "MERGED",
                                        "number": 14422,
                                        "__typename": "PullRequest"
                                    }
                                }
                            ]
                        }
                    },
                    {
                        "author": {
                            "login": "Bobwattseface"
                        },
                        "title": "Copy/Paste out of zip file doesn't work",
                        "url": "https://github.com/files-community/Files/issues/14407",
                        "state": "CLOSED",
                        "number": 14407,
                        "timelineItems": {
                            "nodes": []
                        }
                    },
                    {
                        "author": {
                            "login": "deepskota"
                        },
                        "title": "files",
                        "url": "https://github.com/files-community/Files/issues/14406",
                        "state": "CLOSED",
                        "number": 14406,
                        "timelineItems": {
                            "nodes": []
                        }
                    },
                    {
                        "author": {
                            "login": "clackwell"
                        },
                        "title": "Support environment variables in shortcuts",
                        "url": "https://github.com/files-community/Files/issues/14403",
                        "state": "CLOSED",
                        "number": 14403,
                        "timelineItems": {
                            "nodes": []
                        }
                    },
                    {
                        "author": {
                            "login": "karthikvijay5227"
                        },
                        "title": "Native Linux File System Support",
                        "url": "https://github.com/files-community/Files/issues/14400",
                        "state": "CLOSED",
                        "number": 14400,
                        "timelineItems": {
                            "nodes": []
                        }
                    },
                    {
                        "author": {
                            "login": "hishitetsu"
                        },
                        "title": "Bug: Crashes after opening the properties window twice",
                        "url": "https://github.com/files-community/Files/issues/14384",
                        "state": "CLOSED",
                        "number": 14384,
                        "timelineItems": {
                            "nodes": [
                                {
                                    "source": {
                                        "author": {
                                            "login": "hishitetsu"
                                        },
                                        "title": "Fix: Fixed issue where the app would crash when opening the properties window twice",
                                        "url": "https://github.com/files-community/Files/pull/14386",
                                        "state": "MERGED",
                                        "number": 14386,
                                        "__typename": "PullRequest"
                                    }
                                }
                            ]
                        }
                    },
                    {
                        "author": {
                            "login": "foxnoodles"
                        },
                        "title": "App can't be moved to another drive via Windows Settings  > Apps > Move ",
                        "url": "https://github.com/files-community/Files/issues/14382",
                        "state": "CLOSED",
                        "number": 14382,
                        "timelineItems": {
                            "nodes": []
                        }
                    },
                    {
                        "author": {
                            "login": "Horizon82"
                        },
                        "title": "Direct Extraction from Compressed File",
                        "url": "https://github.com/files-community/Files/issues/14378",
                        "state": "CLOSED",
                        "number": 14378,
                        "timelineItems": {
                            "nodes": []
                        }
                    },
                    {
                        "author": {
                            "login": "Angsimosaurus"
                        },
                        "title": "Please allow us to use the Peek feature on Powertoys",
                        "url": "https://github.com/files-community/Files/issues/14369",
                        "state": "CLOSED",
                        "number": 14369,
                        "timelineItems": {
                            "nodes": []
                        }
                    },
                    {
                        "author": {
                            "login": "Talal-Sharaa"
                        },
                        "title": "Pinning a program to start causes crash of files",
                        "url": "https://github.com/files-community/Files/issues/14367",
                        "state": "CLOSED",
                        "number": 14367,
                        "timelineItems": {
                            "nodes": []
                        }
                    },
                    {
                        "author": {
                            "login": "Qin-shihuang"
                        },
                        "title": "Bug: Pinning programs to the start menu causes a crash",
                        "url": "https://github.com/files-community/Files/issues/14365",
                        "state": "CLOSED",
                        "number": 14365,
                        "timelineItems": {
                            "nodes": []
                        }
                    },
                    {
                        "author": {
                            "login": "unkilling"
                        },
                        "title": "choose columns in detail view",
                        "url": "https://github.com/files-community/Files/issues/14355",
                        "state": "CLOSED",
                        "number": 14355,
                        "timelineItems": {
                            "nodes": []
                        }
                    },
                    {
                        "author": {
                            "login": "Macflylegamerlevrai"
                        },
                        "title": "Crash When Oppening Third Party Licenses",
                        "url": "https://github.com/files-community/Files/issues/14344",
                        "state": "CLOSED",
                        "number": 14344,
                        "timelineItems": {
                            "nodes": []
                        }
                    },
                    {
                        "author": {
                            "login": "Justice-Goto-3939"
                        },
                        "title": "Files is clashing when i clicked Third Party Lisence on settings -> about",
                        "url": "https://github.com/files-community/Files/issues/14343",
                        "state": "CLOSED",
                        "number": 14343,
                        "timelineItems": {
                            "nodes": []
                        }
                    },
                    {
                        "author": {
                            "login": "Bobwattseface"
                        },
                        "title": "Single click support",
                        "url": "https://github.com/files-community/Files/issues/14340",
                        "state": "CLOSED",
                        "number": 14340,
                        "timelineItems": {
                            "nodes": []
                        }
                    },
                    {
                        "author": {
                            "login": "Yentis"
                        },
                        "title": "Bug: Extracting a multipart rar5 archive fails",
                        "url": "https://github.com/files-community/Files/issues/14328",
                        "state": "OPEN",
                        "number": 14328,
                        "timelineItems": {
                            "nodes": []
                        }
                    },
                    {
                        "author": {
                            "login": "fazioliamboina"
                        },
                        "title": "Sort on video / photo resolution like XnViewMP",
                        "url": "https://github.com/files-community/Files/issues/14322",
                        "state": "CLOSED",
                        "number": 14322,
                        "timelineItems": {
                            "nodes": []
                        }
                    },
                    {
                        "author": {
                            "login": "fazioliamboina"
                        },
                        "title": "Tags need to be tree structure",
                        "url": "https://github.com/files-community/Files/issues/14320",
                        "state": "CLOSED",
                        "number": 14320,
                        "timelineItems": {
                            "nodes": []
                        }
                    },
                    {
                        "author": {
                            "login": "fazioliamboina"
                        },
                        "title": "Feature: Add a Films strip layout",
                        "url": "https://github.com/files-community/Files/issues/14317",
                        "state": "OPEN",
                        "number": 14317,
                        "timelineItems": {
                            "nodes": []
                        }
                    },
                    {
                        "author": {
                            "login": "AleMello"
                        },
                        "title": "Recent files in Sidebar",
                        "url": "https://github.com/files-community/Files/issues/14308",
                        "state": "CLOSED",
                        "number": 14308,
                        "timelineItems": {
                            "nodes": []
                        }
                    },
                    {
                        "author": {
                            "login": "hishitetsu"
                        },
                        "title": "Feature: Display a list of paths previously entered in the path bar",
                        "url": "https://github.com/files-community/Files/issues/14295",
                        "state": "CLOSED",
                        "number": 14295,
                        "timelineItems": {
                            "nodes": [
                                {
                                    "source": {
                                        "author": {
                                            "login": "hishitetsu"
                                        },
                                        "title": "Feature: Added support for displaying recently entered paths",
                                        "url": "https://github.com/files-community/Files/pull/14301",
                                        "state": "MERGED",
                                        "number": 14301,
                                        "__typename": "PullRequest"
                                    }
                                }
                            ]
                        }
                    },
                    {
                        "author": {
                            "login": "MtnWindows"
                        },
                        "title": "Startup Settings: Set Specific Page to Android Device Folder",
                        "url": "https://github.com/files-community/Files/issues/14284",
                        "state": "CLOSED",
                        "number": 14284,
                        "timelineItems": {
                            "nodes": []
                        }
                    },
                    {
                        "author": {
                            "login": "Krokochik"
                        },
                        "title": "Unable to pin program to start menu",
                        "url": "https://github.com/files-community/Files/issues/14275",
                        "state": "CLOSED",
                        "number": 14275,
                        "timelineItems": {
                            "nodes": []
                        }
                    },
                    {
                        "author": {
                            "login": "bdmacl1"
                        },
                        "title": "Lock column headers in detail views",
                        "url": "https://github.com/files-community/Files/issues/14273",
                        "state": "CLOSED",
                        "number": 14273,
                        "timelineItems": {
                            "nodes": []
                        }
                    },
                    {
                        "author": {
                            "login": "Pit1288"
                        },
                        "title": "Several performance issues",
                        "url": "https://github.com/files-community/Files/issues/14272",
                        "state": "CLOSED",
                        "number": 14272,
                        "timelineItems": {
                            "nodes": []
                        }
                    },
                    {
                        "author": {
                            "login": "MtnWindows"
                        },
                        "title": "Set Default Folders",
                        "url": "https://github.com/files-community/Files/issues/14263",
                        "state": "CLOSED",
                        "number": 14263,
                        "timelineItems": {
                            "nodes": [
                                {
                                    "source": {
                                        "author": {
                                            "login": "MtnWindows"
                                        },
                                        "title": "Startup Settings: Set Specific Page to Android Device Folder",
                                        "url": "https://github.com/files-community/Files/issues/14284",
                                        "state": "CLOSED",
                                        "number": 14284,
                                        "__typename": "Issue"
                                    }
                                }
                            ]
                        }
                    },
                    {
                        "author": {
                            "login": "parfait8566"
                        },
                        "title": "Add option to add \"Extract here (Smart)\" to the context menu",
                        "url": "https://github.com/files-community/Files/issues/14261",
                        "state": "CLOSED",
                        "number": 14261,
                        "timelineItems": {
                            "nodes": []
                        }
                    },
                    {
                        "author": {
                            "login": "bdmacl1"
                        },
                        "title": "Directory Tree function on Left Panel",
                        "url": "https://github.com/files-community/Files/issues/14260",
                        "state": "CLOSED",
                        "number": 14260,
                        "timelineItems": {
                            "nodes": []
                        }
                    },
                    {
                        "author": {
                            "login": "assayire"
                        },
                        "title": "Allow reordering columns",
                        "url": "https://github.com/files-community/Files/issues/14247",
                        "state": "CLOSED",
                        "number": 14247,
                        "timelineItems": {
                            "nodes": []
                        }
                    },
                    {
                        "author": {
                            "login": "JustAFridg"
                        },
                        "title": "Files is crashing...",
                        "url": "https://github.com/files-community/Files/issues/14245",
                        "state": "CLOSED",
                        "number": 14245,
                        "timelineItems": {
                            "nodes": []
                        }
                    },
                    {
                        "author": {
                            "login": "hishitetsu"
                        },
                        "title": "Bug: Pasted image files have wrong file names",
                        "url": "https://github.com/files-community/Files/issues/14242",
                        "state": "CLOSED",
                        "number": 14242,
                        "timelineItems": {
                            "nodes": [
                                {
                                    "source": {
                                        "author": {
                                            "login": "DMCS20"
                                        },
                                        "title": "Fix: Fixed file name when pasting clipboard content",
                                        "url": "https://github.com/files-community/Files/pull/14244",
                                        "state": "MERGED",
                                        "number": 14244,
                                        "__typename": "PullRequest"
                                    }
                                }
                            ]
                        }
                    },
                    {
                        "author": {
                            "login": "KaiHuaDou"
                        },
                        "title": "Bug: App crashes when Github refuses to connect",
                        "url": "https://github.com/files-community/Files/issues/14239",
                        "state": "CLOSED",
                        "number": 14239,
                        "timelineItems": {
                            "nodes": [
                                {
                                    "source": {
                                        "author": {
                                            "login": "hishitetsu"
                                        },
                                        "title": "Fix: Fixed crash when unable to connect to GitHub",
                                        "url": "https://github.com/files-community/Files/pull/14246",
                                        "state": "MERGED",
                                        "number": 14246,
                                        "__typename": "PullRequest"
                                    }
                                }
                            ]
                        }
                    },
                    {
                        "author": {
                            "login": "dreamsynth"
                        },
                        "title": "Bug: Column headers scroll with the content until you resize one of them",
                        "url": "https://github.com/files-community/Files/issues/14237",
                        "state": "CLOSED",
                        "number": 14237,
                        "timelineItems": {
                            "nodes": [
                                {
                                    "source": {
                                        "author": {
                                            "login": "hishitetsu"
                                        },
                                        "title": "Fix: Fixed issue where the column headers weren't always \"sticky\"",
                                        "url": "https://github.com/files-community/Files/pull/14262",
                                        "state": "MERGED",
                                        "number": 14262,
                                        "__typename": "PullRequest"
                                    }
                                }
                            ]
                        }
                    },
                    {
                        "author": {
                            "login": "chaosemer"
                        },
                        "title": "Keyboard navigation in column view randomly changes focus out of column view",
                        "url": "https://github.com/files-community/Files/issues/14236",
                        "state": "CLOSED",
                        "number": 14236,
                        "timelineItems": {
                            "nodes": []
                        }
                    },
                    {
                        "author": {
                            "login": "ElQuia345"
                        },
                        "title": "Files 3.0.15.0 request",
                        "url": "https://github.com/files-community/Files/issues/14235",
                        "state": "CLOSED",
                        "number": 14235,
                        "timelineItems": {
                            "nodes": []
                        }
                    },
                    {
                        "author": {
                            "login": "Samane1214"
                        },
                        "title": "sam",
                        "url": "https://github.com/files-community/Files/issues/14225",
                        "state": "CLOSED",
                        "number": 14225,
                        "timelineItems": {
                            "nodes": []
                        }
                    },
                    {
                        "author": {
                            "login": "VovaChes"
                        },
                        "title": "Bug: App crashes when resizing window",
                        "url": "https://github.com/files-community/Files/issues/14223",
                        "state": "CLOSED",
                        "number": 14223,
                        "timelineItems": {
                            "nodes": [
                                {
                                    "source": {
                                        "author": {
                                            "login": "hishitetsu"
                                        },
                                        "title": "Fix: Fixed issue where resizing window would reload preview",
                                        "url": "https://github.com/files-community/Files/pull/14227",
                                        "state": "MERGED",
                                        "number": 14227,
                                        "__typename": "PullRequest"
                                    }
                                }
                            ]
                        }
                    },
                    {
                        "author": {
                            "login": "stephan1827"
                        },
                        "title": "Network shares in favorites delays start",
                        "url": "https://github.com/files-community/Files/issues/14221",
                        "state": "CLOSED",
                        "number": 14221,
                        "timelineItems": {
                            "nodes": []
                        }
                    },
                    {
                        "author": {
                            "login": "CavDev"
                        },
                        "title": "Please add an interface for displaying and managing all the fonts in the folder C:\\Windows\\Fonts",
                        "url": "https://github.com/files-community/Files/issues/14220",
                        "state": "CLOSED",
                        "number": 14220,
                        "timelineItems": {
                            "nodes": []
                        }
                    },
                    {
                        "author": {
                            "login": "Thepixchanger"
                        },
                        "title": "Hard disk Eject option",
                        "url": "https://github.com/files-community/Files/issues/14213",
                        "state": "CLOSED",
                        "number": 14213,
                        "timelineItems": {
                            "nodes": []
                        }
                    },
                    {
                        "author": {
                            "login": "dracocraft"
                        },
                        "title": "Bug: Error descarga y subida",
                        "url": "https://github.com/files-community/Files/issues/14210",
                        "state": "CLOSED",
                        "number": 14210,
                        "timelineItems": {
                            "nodes": []
                        }
                    },
                    {
                        "author": {
                            "login": "pablo-hp"
                        },
                        "title": "Aplicativo fechando inesperadamente",
                        "url": "https://github.com/files-community/Files/issues/14209",
                        "state": "CLOSED",
                        "number": 14209,
                        "timelineItems": {
                            "nodes": []
                        }
                    },
                    {
                        "author": {
                            "login": "Sacchid"
                        },
                        "title": "Bug: App keeps crashing",
                        "url": "https://github.com/files-community/Files/issues/14208",
                        "state": "CLOSED",
                        "number": 14208,
                        "timelineItems": {
                            "nodes": [
                                {
                                    "source": {
                                        "author": {
                                            "login": "hishitetsu"
                                        },
                                        "title": "Fix: Fixed NullReferenceException in LaunchPreviewPopupAction",
                                        "url": "https://github.com/files-community/Files/pull/14211",
                                        "state": "MERGED",
                                        "number": 14211,
                                        "__typename": "PullRequest"
                                    }
                                }
                            ]
                        }
                    },
                    {
                        "author": {
                            "login": "wassysadmin"
                        },
                        "title": "ability to stop grouping folders by date",
                        "url": "https://github.com/files-community/Files/issues/14207",
                        "state": "CLOSED",
                        "number": 14207,
                        "timelineItems": {
                            "nodes": []
                        }
                    },
                    {
                        "author": {
                            "login": "tianpu2014"
                        },
                        "title": "Right click menu transparency not correct",
                        "url": "https://github.com/files-community/Files/issues/14204",
                        "state": "CLOSED",
                        "number": 14204,
                        "timelineItems": {
                            "nodes": []
                        }
                    },
                    {
                        "author": {
                            "login": "DonovanAC7"
                        },
                        "title": "Sort Video Files by Duration",
                        "url": "https://github.com/files-community/Files/issues/14200",
                        "state": "CLOSED",
                        "number": 14200,
                        "timelineItems": {
                            "nodes": []
                        }
                    },
                    {
                        "author": {
                            "login": "AlquistArj"
                        },
                        "title": "Bug: Copy File from TeamViewer doesn't copy File Creation date attribute",
                        "url": "https://github.com/files-community/Files/issues/14199",
                        "state": "CLOSED",
                        "number": 14199,
                        "timelineItems": {
                            "nodes": []
                        }
                    },
                    {
                        "author": {
                            "login": "greenwolf007"
                        },
                        "title": "Delete",
                        "url": "https://github.com/files-community/Files/issues/14196",
                        "state": "CLOSED",
                        "number": 14196,
                        "timelineItems": {
                            "nodes": []
                        }
                    },
                    {
                        "author": {
                            "login": "HondaFit"
                        },
                        "title": "File Preview Feature Request",
                        "url": "https://github.com/files-community/Files/issues/14195",
                        "state": "CLOSED",
                        "number": 14195,
                        "timelineItems": {
                            "nodes": []
                        }
                    },
                    {
                        "author": {
                            "login": "xmha97"
                        },
                        "title": "Feature: Don't open root for libraries",
                        "url": "https://github.com/files-community/Files/issues/14189",
                        "state": "CLOSED",
                        "number": 14189,
                        "timelineItems": {
                            "nodes": [
                                {
                                    "source": {
                                        "author": {
                                            "login": "yaira2"
                                        },
                                        "title": "Feature: Treat libraries as root in Columns Layout",
                                        "url": "https://github.com/files-community/Files/pull/14198",
                                        "state": "MERGED",
                                        "number": 14198,
                                        "__typename": "PullRequest"
                                    }
                                }
                            ]
                        }
                    },
                    {
                        "author": {
                            "login": "frriv31"
                        },
                        "title": "Slide attachment from Outlook to File does not work",
                        "url": "https://github.com/files-community/Files/issues/14185",
                        "state": "CLOSED",
                        "number": 14185,
                        "timelineItems": {
                            "nodes": []
                        }
                    },
                    {
                        "author": {
                            "login": "D-Maxwell"
                        },
                        "title": "Opaque thumbnail on First File Load",
                        "url": "https://github.com/files-community/Files/issues/14183",
                        "state": "CLOSED",
                        "number": 14183,
                        "timelineItems": {
                            "nodes": []
                        }
                    },
                    {
                        "author": {
                            "login": "TomEFFENJones"
                        },
                        "title": "Microsoft Defender or other options in right-click menu",
                        "url": "https://github.com/files-community/Files/issues/14182",
                        "state": "CLOSED",
                        "number": 14182,
                        "timelineItems": {
                            "nodes": []
                        }
                    },
                    {
                        "author": {
                            "login": "69RandomDude69"
                        },
                        "title": "Recommend renaming the project/application from 'Files' to something else",
                        "url": "https://github.com/files-community/Files/issues/14173",
                        "state": "CLOSED",
                        "number": 14173,
                        "timelineItems": {
                            "nodes": []
                        }
                    },
                    {
                        "author": {
                            "login": "Fefedu973"
                        },
                        "title": "Bug: Delete button cropped in tags confirmation flyout",
                        "url": "https://github.com/files-community/Files/issues/14162",
                        "state": "CLOSED",
                        "number": 14162,
                        "timelineItems": {
                            "nodes": [
                                {
                                    "source": {
                                        "author": {
                                            "login": "yaira2"
                                        },
                                        "title": "Fix: Fixed issue where text was cut off in Tags flyout",
                                        "url": "https://github.com/files-community/Files/pull/14167",
                                        "state": "MERGED",
                                        "number": 14167,
                                        "__typename": "PullRequest"
                                    }
                                }
                            ]
                        }
                    },
                    {
                        "author": {
                            "login": "Fefedu973"
                        },
                        "title": "Bug: Third party licenses not showing",
                        "url": "https://github.com/files-community/Files/issues/14161",
                        "state": "CLOSED",
                        "number": 14161,
                        "timelineItems": {
                            "nodes": []
                        }
                    },
                    {
                        "author": {
                            "login": "Fefedu973"
                        },
                        "title": "Feature: Gallery Section",
                        "url": "https://github.com/files-community/Files/issues/14156",
                        "state": "CLOSED",
                        "number": 14156,
                        "timelineItems": {
                            "nodes": []
                        }
                    },
                    {
                        "author": {
                            "login": "Fefedu973"
                        },
                        "title": "Feature: Display the trash in the sidebar",
                        "url": "https://github.com/files-community/Files/issues/14153",
                        "state": "CLOSED",
                        "number": 14153,
                        "timelineItems": {
                            "nodes": []
                        }
                    },
                    {
                        "author": {
                            "login": "gilnett"
                        },
                        "title": "feature:add system tray for the application",
                        "url": "https://github.com/files-community/Files/issues/14147",
                        "state": "CLOSED",
                        "number": 14147,
                        "timelineItems": {
                            "nodes": []
                        }
                    },
                    {
                        "author": {
                            "login": "Ray-scatter"
                        },
                        "title": "Re : Graphical display of drive capacity in PC folder",
                        "url": "https://github.com/files-community/Files/issues/14142",
                        "state": "CLOSED",
                        "number": 14142,
                        "timelineItems": {
                            "nodes": []
                        }
                    },
                    {
                        "author": {
                            "login": "maxbasok"
                        },
                        "title": "Feature: Add 2gb archive split size",
                        "url": "https://github.com/files-community/Files/issues/14132",
                        "state": "CLOSED",
                        "number": 14132,
                        "timelineItems": {
                            "nodes": [
                                {
                                    "source": {
                                        "author": {
                                            "login": "yaira2"
                                        },
                                        "title": "Feature: Added 2gb splitting size for archives",
                                        "url": "https://github.com/files-community/Files/pull/14193",
                                        "state": "MERGED",
                                        "number": 14193,
                                        "__typename": "PullRequest"
                                    }
                                }
                            ]
                        }
                    },
                    {
                        "author": {
                            "login": "jman61"
                        },
                        "title": "Files3 crashed unexpectedly??",
                        "url": "https://github.com/files-community/Files/issues/14129",
                        "state": "CLOSED",
                        "number": 14129,
                        "timelineItems": {
                            "nodes": []
                        }
                    },
                    {
                        "author": {
                            "login": "QuaintMako"
                        },
                        "title": "Bug: Typo in original localization",
                        "url": "https://github.com/files-community/Files/issues/14128",
                        "state": "CLOSED",
                        "number": 14128,
                        "timelineItems": {
                            "nodes": []
                        }
                    },
                    {
                        "author": {
                            "login": "mokeyjay"
                        },
                        "title": "Can you provide a git feature switch? It greatly affects performance.",
                        "url": "https://github.com/files-community/Files/issues/14126",
                        "state": "CLOSED",
                        "number": 14126,
                        "timelineItems": {
                            "nodes": []
                        }
                    },
                    {
                        "author": {
                            "login": "SteveThackery"
                        },
                        "title": "Remember network drives and folders",
                        "url": "https://github.com/files-community/Files/issues/14121",
                        "state": "CLOSED",
                        "number": 14121,
                        "timelineItems": {
                            "nodes": []
                        }
                    },
                    {
                        "author": {
                            "login": "z4xkk"
                        },
                        "title": "*FIX pin to start",
                        "url": "https://github.com/files-community/Files/issues/14120",
                        "state": "CLOSED",
                        "number": 14120,
                        "timelineItems": {
                            "nodes": []
                        }
                    },
                    {
                        "author": {
                            "login": "Ray-scatter"
                        },
                        "title": "Add an area for window movement between tabs and the edge of the window, like in chrome",
                        "url": "https://github.com/files-community/Files/issues/14112",
                        "state": "CLOSED",
                        "number": 14112,
                        "timelineItems": {
                            "nodes": []
                        }
                    },
                    {
                        "author": {
                            "login": "yaira2"
                        },
                        "title": "Bug: App stops responding if there are thousands of items in recycle bin",
                        "url": "https://github.com/files-community/Files/issues/14108",
                        "state": "OPEN",
                        "number": 14108,
                        "timelineItems": {
                            "nodes": [
                                {
                                    "source": {
                                        "author": {
                                            "login": "AleMello"
                                        },
                                        "title": "Delay when deleting files.",
                                        "url": "https://github.com/files-community/Files/issues/14297",
                                        "state": "CLOSED",
                                        "number": 14297,
                                        "__typename": "Issue"
                                    }
                                },
                                {
                                    "source": {
                                        "author": {
                                            "login": "ThomasGerodimos"
                                        },
                                        "title": "Files is freezing when I delete files",
                                        "url": "https://github.com/files-community/Files/issues/14349",
                                        "state": "CLOSED",
                                        "number": 14349,
                                        "__typename": "Issue"
                                    }
                                },
                                {
                                    "source": {
                                        "author": {
                                            "login": "Qin-shihuang"
                                        },
                                        "title": " Bug: App becomes unresponsive when deleting certain files",
                                        "url": "https://github.com/files-community/Files/issues/14732",
                                        "state": "CLOSED",
                                        "number": 14732,
                                        "__typename": "Issue"
                                    }
                                }
                            ]
                        }
                    }
                ]
            }
        }
    }
}