{
    "data": {
        "repository": {
            "issues": {
                "pageInfo": {
                    "endCursor": "Y3Vyc29yOnYyOpIBzi-Tfos="
                },
                "nodes": [
                    {
                        "author": null,
                        "title": "Text bug on PT-BR Language. ",
                        "url": "https://github.com/files-community/Files/issues/3728",
                        "state": "CLOSED",
                        "number": 3728,
                        "timelineItems": {
                            "nodes": []
                        }
                    },
                    {
                        "author": {
                            "login": "haxferno"
                        },
                        "title": "OneDrive folders crash while opening",
                        "url": "https://github.com/files-community/Files/issues/3720",
                        "state": "CLOSED",
                        "number": 3720,
                        "timelineItems": {
                            "nodes": []
                        }
                    },
                    {
                        "author": {
                            "login": "guxoof"
                        },
                        "title": "error",
                        "url": "https://github.com/files-community/Files/issues/3717",
                        "state": "CLOSED",
                        "number": 3717,
                        "timelineItems": {
                            "nodes": []
                        }
                    },
                    {
                        "author": {
                            "login": "rocksdanister"
                        },
                        "title": "Thanos snap",
                        "url": "https://github.com/files-community/Files/issues/3714",
                        "state": "CLOSED",
                        "number": 3714,
                        "timelineItems": {
                            "nodes": []
                        }
                    },
                    {
                        "author": {
                            "login": "KakoitoTatar"
                        },
                        "title": "Vbs scripts runs from wrong directory",
                        "url": "https://github.com/files-community/Files/issues/3713",
                        "state": "CLOSED",
                        "number": 3713,
                        "timelineItems": {
                            "nodes": [
                                {
                                    "source": {
                                        "author": {
                                            "login": "A-Loot"
                                        },
                                        "title": "Python Scripts are executed in %windir%\\System32 instead of the current working directory",
                                        "url": "https://github.com/files-community/Files/issues/14419",
                                        "state": "CLOSED",
                                        "number": 14419,
                                        "__typename": "Issue"
                                    }
                                }
                            ]
                        }
                    },
                    {
                        "author": {
                            "login": "ResearcherSearching"
                        },
                        "title": "Files crashed when I tried to open a long path (>256)",
                        "url": "https://github.com/files-community/Files/issues/3712",
                        "state": "CLOSED",
                        "number": 3712,
                        "timelineItems": {
                            "nodes": [
                                {
                                    "source": {
                                        "author": {
                                            "login": "gave92"
                                        },
                                        "title": "Fix crash when navigating to a path > 256 chars long",
                                        "url": "https://github.com/files-community/Files/pull/3716",
                                        "state": "MERGED",
                                        "number": 3716,
                                        "__typename": "PullRequest"
                                    }
                                }
                            ]
                        }
                    },
                    {
                        "author": {
                            "login": "vanessa794h"
                        },
                        "title": "Support nanoseconds (NTFS)",
                        "url": "https://github.com/files-community/Files/issues/3711",
                        "state": "CLOSED",
                        "number": 3711,
                        "timelineItems": {
                            "nodes": []
                        }
                    },
                    {
                        "author": {
                            "login": "LeNinjaHD"
                        },
                        "title": "Sorting with Groups",
                        "url": "https://github.com/files-community/Files/issues/3706",
                        "state": "CLOSED",
                        "number": 3706,
                        "timelineItems": {
                            "nodes": []
                        }
                    },
                    {
                        "author": null,
                        "title": "\"Group by\" function, Lettering of folders/files",
                        "url": "https://github.com/files-community/Files/issues/3704",
                        "state": "CLOSED",
                        "number": 3704,
                        "timelineItems": {
                            "nodes": []
                        }
                    },
                    {
                        "author": {
                            "login": "leouid"
                        },
                        "title": "Flash back",
                        "url": "https://github.com/files-community/Files/issues/3703",
                        "state": "CLOSED",
                        "number": 3703,
                        "timelineItems": {
                            "nodes": []
                        }
                    },
                    {
                        "author": {
                            "login": "Shockshwat"
                        },
                        "title": "Documents , Desktop, Pictures, Downloads shortcuts do not work and they keep loading forever ",
                        "url": "https://github.com/files-community/Files/issues/3694",
                        "state": "CLOSED",
                        "number": 3694,
                        "timelineItems": {
                            "nodes": [
                                {
                                    "source": {
                                        "author": {
                                            "login": "Shockshwat"
                                        },
                                        "title": "Documents , Desktop, Pictures, Downloads shortcuts do not work and they keep loading forever ",
                                        "url": "https://github.com/files-community/Files/issues/3693",
                                        "state": "CLOSED",
                                        "number": 3693,
                                        "__typename": "Issue"
                                    }
                                }
                            ]
                        }
                    },
                    {
                        "author": {
                            "login": "v-aravind"
                        },
                        "title": "Multi-select checkbox",
                        "url": "https://github.com/files-community/Files/issues/3692",
                        "state": "CLOSED",
                        "number": 3692,
                        "timelineItems": {
                            "nodes": []
                        }
                    },
                    {
                        "author": {
                            "login": "v-aravind"
                        },
                        "title": "Search results include folders",
                        "url": "https://github.com/files-community/Files/issues/3691",
                        "state": "CLOSED",
                        "number": 3691,
                        "timelineItems": {
                            "nodes": []
                        }
                    },
                    {
                        "author": {
                            "login": "Sagar-v4"
                        },
                        "title": "external device opening failure ",
                        "url": "https://github.com/files-community/Files/issues/3687",
                        "state": "CLOSED",
                        "number": 3687,
                        "timelineItems": {
                            "nodes": []
                        }
                    },
                    {
                        "author": {
                            "login": "MartinezEzequiel1991"
                        },
                        "title": "Would anyone like a list view like macOS?",
                        "url": "https://github.com/files-community/Files/issues/3683",
                        "state": "CLOSED",
                        "number": 3683,
                        "timelineItems": {
                            "nodes": []
                        }
                    },
                    {
                        "author": {
                            "login": "boscorelly"
                        },
                        "title": "Recycle bin flushing bug",
                        "url": "https://github.com/files-community/Files/issues/3679",
                        "state": "CLOSED",
                        "number": 3679,
                        "timelineItems": {
                            "nodes": []
                        }
                    },
                    {
                        "author": {
                            "login": "boscorelly"
                        },
                        "title": "Recent items always open in one clic",
                        "url": "https://github.com/files-community/Files/issues/3678",
                        "state": "CLOSED",
                        "number": 3678,
                        "timelineItems": {
                            "nodes": []
                        }
                    },
                    {
                        "author": {
                            "login": "Crucialm"
                        },
                        "title": "Replace Font Request",
                        "url": "https://github.com/files-community/Files/issues/3673",
                        "state": "CLOSED",
                        "number": 3673,
                        "timelineItems": {
                            "nodes": []
                        }
                    },
                    {
                        "author": {
                            "login": "EanraigZhang"
                        },
                        "title": "Double Click on Sub-folder Makes Crash",
                        "url": "https://github.com/files-community/Files/issues/3671",
                        "state": "CLOSED",
                        "number": 3671,
                        "timelineItems": {
                            "nodes": []
                        }
                    },
                    {
                        "author": {
                            "login": "masgdc"
                        },
                        "title": "bug",
                        "url": "https://github.com/files-community/Files/issues/3668",
                        "state": "CLOSED",
                        "number": 3668,
                        "timelineItems": {
                            "nodes": []
                        }
                    },
                    {
                        "author": {
                            "login": "bliet"
                        },
                        "title": "Click with Wheel on Subpath on PathBar -> Open in new Tab",
                        "url": "https://github.com/files-community/Files/issues/3667",
                        "state": "CLOSED",
                        "number": 3667,
                        "timelineItems": {
                            "nodes": [
                                {
                                    "source": {
                                        "author": {
                                            "login": "almeidx"
                                        },
                                        "title": "Open folder from the address bar in a new tab by clicking on the mouse wheel",
                                        "url": "https://github.com/files-community/Files/issues/4458",
                                        "state": "CLOSED",
                                        "number": 4458,
                                        "__typename": "Issue"
                                    }
                                },
                                {
                                    "source": {
                                        "author": {
                                            "login": "Raithlin"
                                        },
                                        "title": "Mousewheel click opens new tab at selected path",
                                        "url": "https://github.com/files-community/Files/pull/7126",
                                        "state": "MERGED",
                                        "number": 7126,
                                        "__typename": "PullRequest"
                                    }
                                }
                            ]
                        }
                    },
                    {
                        "author": {
                            "login": "asuetin"
                        },
                        "title": "Some UI elements take a long time to load when opening a new Files window",
                        "url": "https://github.com/files-community/Files/issues/3664",
                        "state": "CLOSED",
                        "number": 3664,
                        "timelineItems": {
                            "nodes": [
                                {
                                    "source": {
                                        "author": {
                                            "login": "gave92"
                                        },
                                        "title": "Fixes for version 1.3 (2)",
                                        "url": "https://github.com/files-community/Files/pull/3669",
                                        "state": "MERGED",
                                        "number": 3669,
                                        "__typename": "PullRequest"
                                    }
                                }
                            ]
                        }
                    },
                    {
                        "author": {
                            "login": "gavinayling"
                        },
                        "title": "Force close on shortcut to non-existent file",
                        "url": "https://github.com/files-community/Files/issues/3657",
                        "state": "CLOSED",
                        "number": 3657,
                        "timelineItems": {
                            "nodes": []
                        }
                    },
                    {
                        "author": {
                            "login": "dieggono"
                        },
                        "title": "Add select box for one clic to open option for tablets",
                        "url": "https://github.com/files-community/Files/issues/3656",
                        "state": "CLOSED",
                        "number": 3656,
                        "timelineItems": {
                            "nodes": []
                        }
                    },
                    {
                        "author": {
                            "login": "dieggono"
                        },
                        "title": "Can change the order of the items in lateral panel",
                        "url": "https://github.com/files-community/Files/issues/3654",
                        "state": "CLOSED",
                        "number": 3654,
                        "timelineItems": {
                            "nodes": []
                        }
                    },
                    {
                        "author": {
                            "login": "dieggono"
                        },
                        "title": "Include access for network locations",
                        "url": "https://github.com/files-community/Files/issues/3651",
                        "state": "CLOSED",
                        "number": 3651,
                        "timelineItems": {
                            "nodes": []
                        }
                    },
                    {
                        "author": {
                            "login": "dieggono"
                        },
                        "title": "Close constantly with big folders",
                        "url": "https://github.com/files-community/Files/issues/3650",
                        "state": "CLOSED",
                        "number": 3650,
                        "timelineItems": {
                            "nodes": []
                        }
                    },
                    {
                        "author": {
                            "login": "shgaurav"
                        },
                        "title": "Files Crashing while opening folders",
                        "url": "https://github.com/files-community/Files/issues/3643",
                        "state": "CLOSED",
                        "number": 3643,
                        "timelineItems": {
                            "nodes": []
                        }
                    },
                    {
                        "author": {
                            "login": "xaberue"
                        },
                        "title": "Fatal crash opening the app",
                        "url": "https://github.com/files-community/Files/issues/3640",
                        "state": "CLOSED",
                        "number": 3640,
                        "timelineItems": {
                            "nodes": []
                        }
                    },
                    {
                        "author": {
                            "login": "maxens-git"
                        },
                        "title": "Problème ouverture de l'application (French)",
                        "url": "https://github.com/files-community/Files/issues/3636",
                        "state": "CLOSED",
                        "number": 3636,
                        "timelineItems": {
                            "nodes": []
                        }
                    },
                    {
                        "author": {
                            "login": "boscorelly"
                        },
                        "title": "Hours shown in UTC",
                        "url": "https://github.com/files-community/Files/issues/3630",
                        "state": "CLOSED",
                        "number": 3630,
                        "timelineItems": {
                            "nodes": [
                                {
                                    "source": {
                                        "author": {
                                            "login": "PMExtra"
                                        },
                                        "title": "Fixed an issue where the date would sometimes display the wrong time zone",
                                        "url": "https://github.com/files-community/Files/pull/3776",
                                        "state": "MERGED",
                                        "number": 3776,
                                        "__typename": "PullRequest"
                                    }
                                }
                            ]
                        }
                    },
                    {
                        "author": {
                            "login": "yesplays"
                        },
                        "title": "The file is automatically close !",
                        "url": "https://github.com/files-community/Files/issues/3628",
                        "state": "CLOSED",
                        "number": 3628,
                        "timelineItems": {
                            "nodes": []
                        }
                    },
                    {
                        "author": {
                            "login": "sh1nyfox"
                        },
                        "title": "Issues with Google Drive and Onedrive folders",
                        "url": "https://github.com/files-community/Files/issues/3627",
                        "state": "CLOSED",
                        "number": 3627,
                        "timelineItems": {
                            "nodes": []
                        }
                    },
                    {
                        "author": {
                            "login": "ajafov98"
                        },
                        "title": "Error on opening subfolder of any folder",
                        "url": "https://github.com/files-community/Files/issues/3626",
                        "state": "CLOSED",
                        "number": 3626,
                        "timelineItems": {
                            "nodes": [
                                {
                                    "source": {
                                        "author": {
                                            "login": "Notatea"
                                        },
                                        "title": "[Bug report] - crashing on opening any folder",
                                        "url": "https://github.com/files-community/Files/issues/3646",
                                        "state": "CLOSED",
                                        "number": 3646,
                                        "__typename": "Issue"
                                    }
                                }
                            ]
                        }
                    },
                    {
                        "author": {
                            "login": "cinnyboy"
                        },
                        "title": "Lack of file transfer progress information ",
                        "url": "https://github.com/files-community/Files/issues/3625",
                        "state": "CLOSED",
                        "number": 3625,
                        "timelineItems": {
                            "nodes": []
                        }
                    },
                    {
                        "author": {
                            "login": "Under-estimate"
                        },
                        "title": "App crashes when opening any folder after manually entered a path",
                        "url": "https://github.com/files-community/Files/issues/3622",
                        "state": "CLOSED",
                        "number": 3622,
                        "timelineItems": {
                            "nodes": []
                        }
                    },
                    {
                        "author": {
                            "login": "weiba0"
                        },
                        "title": "闪退频率太高了",
                        "url": "https://github.com/files-community/Files/issues/3621",
                        "state": "CLOSED",
                        "number": 3621,
                        "timelineItems": {
                            "nodes": []
                        }
                    },
                    {
                        "author": {
                            "login": "bebeo92"
                        },
                        "title": "Files crash immediately after install",
                        "url": "https://github.com/files-community/Files/issues/3620",
                        "state": "CLOSED",
                        "number": 3620,
                        "timelineItems": {
                            "nodes": []
                        }
                    },
                    {
                        "author": {
                            "login": "kyehye"
                        },
                        "title": "Appearance: App Theme",
                        "url": "https://github.com/files-community/Files/issues/3619",
                        "state": "CLOSED",
                        "number": 3619,
                        "timelineItems": {
                            "nodes": []
                        }
                    },
                    {
                        "author": {
                            "login": "johnnydement"
                        },
                        "title": "Files crashes when launching. Just installed",
                        "url": "https://github.com/files-community/Files/issues/3618",
                        "state": "CLOSED",
                        "number": 3618,
                        "timelineItems": {
                            "nodes": []
                        }
                    },
                    {
                        "author": {
                            "login": "OviiiOne"
                        },
                        "title": "Unable to copy/cut paste",
                        "url": "https://github.com/files-community/Files/issues/3615",
                        "state": "CLOSED",
                        "number": 3615,
                        "timelineItems": {
                            "nodes": [
                                {
                                    "source": {
                                        "author": {
                                            "login": "zackBRAVE"
                                        },
                                        "title": "Cannot paste in Files",
                                        "url": "https://github.com/files-community/Files/issues/4575",
                                        "state": "CLOSED",
                                        "number": 4575,
                                        "__typename": "Issue"
                                    }
                                },
                                {
                                    "source": {
                                        "author": {
                                            "login": "SomeWeirdDuck"
                                        },
                                        "title": "Can't cut or copy files",
                                        "url": "https://github.com/files-community/Files/issues/5806",
                                        "state": "CLOSED",
                                        "number": 5806,
                                        "__typename": "Issue"
                                    }
                                }
                            ]
                        }
                    },
                    {
                        "author": {
                            "login": "Alecho02"
                        },
                        "title": "Se Cerro sólo el sistema",
                        "url": "https://github.com/files-community/Files/issues/3613",
                        "state": "CLOSED",
                        "number": 3613,
                        "timelineItems": {
                            "nodes": []
                        }
                    },
                    {
                        "author": {
                            "login": "quhxl"
                        },
                        "title": "Can't change anything in folders with denied access",
                        "url": "https://github.com/files-community/Files/issues/3612",
                        "state": "CLOSED",
                        "number": 3612,
                        "timelineItems": {
                            "nodes": []
                        }
                    },
                    {
                        "author": {
                            "login": "andyfmidd"
                        },
                        "title": "Libraries missing",
                        "url": "https://github.com/files-community/Files/issues/3611",
                        "state": "CLOSED",
                        "number": 3611,
                        "timelineItems": {
                            "nodes": []
                        }
                    },
                    {
                        "author": {
                            "login": "3n3a"
                        },
                        "title": "Files doesn't show mounted External Drive",
                        "url": "https://github.com/files-community/Files/issues/3606",
                        "state": "CLOSED",
                        "number": 3606,
                        "timelineItems": {
                            "nodes": []
                        }
                    },
                    {
                        "author": {
                            "login": "EderTassin"
                        },
                        "title": "BUG",
                        "url": "https://github.com/files-community/Files/issues/3605",
                        "state": "CLOSED",
                        "number": 3605,
                        "timelineItems": {
                            "nodes": []
                        }
                    },
                    {
                        "author": {
                            "login": "Fvalley"
                        },
                        "title": "Close when double click on folders",
                        "url": "https://github.com/files-community/Files/issues/3597",
                        "state": "CLOSED",
                        "number": 3597,
                        "timelineItems": {
                            "nodes": []
                        }
                    },
                    {
                        "author": {
                            "login": "winston-de"
                        },
                        "title": "Thumbnails for some file types don't load properly in cloud drives ",
                        "url": "https://github.com/files-community/Files/issues/3595",
                        "state": "CLOSED",
                        "number": 3595,
                        "timelineItems": {
                            "nodes": []
                        }
                    },
                    {
                        "author": {
                            "login": "burbank53"
                        },
                        "title": "Closes Unexpectantly",
                        "url": "https://github.com/files-community/Files/issues/3594",
                        "state": "CLOSED",
                        "number": 3594,
                        "timelineItems": {
                            "nodes": []
                        }
                    },
                    {
                        "author": {
                            "login": "aleonmor"
                        },
                        "title": "Aplicacion Files no arranca, da error continuamente...",
                        "url": "https://github.com/files-community/Files/issues/3591",
                        "state": "CLOSED",
                        "number": 3591,
                        "timelineItems": {
                            "nodes": []
                        }
                    },
                    {
                        "author": {
                            "login": "wossQ"
                        },
                        "title": "Double-clicking to open the folder will cause Files UWP to crash ",
                        "url": "https://github.com/files-community/Files/issues/3581",
                        "state": "CLOSED",
                        "number": 3581,
                        "timelineItems": {
                            "nodes": []
                        }
                    },
                    {
                        "author": {
                            "login": "jojos38"
                        },
                        "title": "Crash when double clicking certain folders (but not when right clicking -> open)",
                        "url": "https://github.com/files-community/Files/issues/3579",
                        "state": "CLOSED",
                        "number": 3579,
                        "timelineItems": {
                            "nodes": []
                        }
                    },
                    {
                        "author": {
                            "login": "koushikb19"
                        },
                        "title": "Add group by feature to folders",
                        "url": "https://github.com/files-community/Files/issues/3577",
                        "state": "CLOSED",
                        "number": 3577,
                        "timelineItems": {
                            "nodes": []
                        }
                    },
                    {
                        "author": {
                            "login": "ArticFoxx"
                        },
                        "title": "Crashes When trying to see ongoing tasks",
                        "url": "https://github.com/files-community/Files/issues/3571",
                        "state": "CLOSED",
                        "number": 3571,
                        "timelineItems": {
                            "nodes": []
                        }
                    },
                    {
                        "author": {
                            "login": "LawMontagut"
                        },
                        "title": "\"Slow Right Click\" Bug",
                        "url": "https://github.com/files-community/Files/issues/3568",
                        "state": "CLOSED",
                        "number": 3568,
                        "timelineItems": {
                            "nodes": []
                        }
                    },
                    {
                        "author": {
                            "login": "Eldracher"
                        },
                        "title": "Opens, shows all different drives - after ca. 10 sec closes \"automatically\"",
                        "url": "https://github.com/files-community/Files/issues/3565",
                        "state": "CLOSED",
                        "number": 3565,
                        "timelineItems": {
                            "nodes": []
                        }
                    },
                    {
                        "author": {
                            "login": "Horatius80"
                        },
                        "title": "Crashing after opening any folder",
                        "url": "https://github.com/files-community/Files/issues/3559",
                        "state": "CLOSED",
                        "number": 3559,
                        "timelineItems": {
                            "nodes": [
                                {
                                    "source": {
                                        "author": null,
                                        "title": "Crashing when opening OneDrive synced folder",
                                        "url": "https://github.com/files-community/Files/issues/3570",
                                        "state": "CLOSED",
                                        "number": 3570,
                                        "__typename": "Issue"
                                    }
                                }
                            ]
                        }
                    },
                    {
                        "author": {
                            "login": "tarasius"
                        },
                        "title": "Not all settings persist",
                        "url": "https://github.com/files-community/Files/issues/3549",
                        "state": "CLOSED",
                        "number": 3549,
                        "timelineItems": {
                            "nodes": []
                        }
                    },
                    {
                        "author": {
                            "login": "SnyPer456"
                        },
                        "title": "Translation Error In Brazilian Portuguese - Version 1.2.0.0 and Above",
                        "url": "https://github.com/files-community/Files/issues/3542",
                        "state": "CLOSED",
                        "number": 3542,
                        "timelineItems": {
                            "nodes": []
                        }
                    },
                    {
                        "author": {
                            "login": "1Ton1"
                        },
                        "title": "Crashing on startup.",
                        "url": "https://github.com/files-community/Files/issues/3541",
                        "state": "CLOSED",
                        "number": 3541,
                        "timelineItems": {
                            "nodes": []
                        }
                    },
                    {
                        "author": {
                            "login": "slavoyar8601"
                        },
                        "title": "Fluent icons are blurry",
                        "url": "https://github.com/files-community/Files/issues/3539",
                        "state": "CLOSED",
                        "number": 3539,
                        "timelineItems": {
                            "nodes": [
                                {
                                    "source": {
                                        "author": {
                                            "login": "lukeblevins"
                                        },
                                        "title": "Changes to In-App Iconography",
                                        "url": "https://github.com/files-community/Files/pull/3864",
                                        "state": "MERGED",
                                        "number": 3864,
                                        "__typename": "PullRequest"
                                    }
                                }
                            ]
                        }
                    },
                    {
                        "author": {
                            "login": "R3voA3"
                        },
                        "title": "Renaming Bundles: Auto focus edit box",
                        "url": "https://github.com/files-community/Files/issues/3536",
                        "state": "CLOSED",
                        "number": 3536,
                        "timelineItems": {
                            "nodes": [
                                {
                                    "source": {
                                        "author": {
                                            "login": "d2dyno1"
                                        },
                                        "title": "Auto focus text box for Bundles widget",
                                        "url": "https://github.com/files-community/Files/pull/3634",
                                        "state": "MERGED",
                                        "number": 3634,
                                        "__typename": "PullRequest"
                                    }
                                },
                                {
                                    "source": {
                                        "author": {
                                            "login": "gave92"
                                        },
                                        "title": "Fix vhd/vhdx disk mounting and unlocking bitlocker drives",
                                        "url": "https://github.com/files-community/Files/pull/5206",
                                        "state": "MERGED",
                                        "number": 5206,
                                        "__typename": "PullRequest"
                                    }
                                }
                            ]
                        }
                    },
                    {
                        "author": {
                            "login": "iCristian"
                        },
                        "title": "error alert",
                        "url": "https://github.com/files-community/Files/issues/3524",
                        "state": "CLOSED",
                        "number": 3524,
                        "timelineItems": {
                            "nodes": []
                        }
                    },
                    {
                        "author": {
                            "login": "PMExtra"
                        },
                        "title": "Open file location in Task Manager doesn't work with Files.",
                        "url": "https://github.com/files-community/Files/issues/3519",
                        "state": "CLOSED",
                        "number": 3519,
                        "timelineItems": {
                            "nodes": []
                        }
                    },
                    {
                        "author": {
                            "login": "kingyorksh"
                        },
                        "title": "Algo a salido Mal",
                        "url": "https://github.com/files-community/Files/issues/3516",
                        "state": "CLOSED",
                        "number": 3516,
                        "timelineItems": {
                            "nodes": []
                        }
                    },
                    {
                        "author": {
                            "login": "cryogenesis"
                        },
                        "title": "Freezes when minimized",
                        "url": "https://github.com/files-community/Files/issues/3515",
                        "state": "CLOSED",
                        "number": 3515,
                        "timelineItems": {
                            "nodes": []
                        }
                    },
                    {
                        "author": {
                            "login": "JoseCarlosGZ"
                        },
                        "title": "Bind the Windows  .lnk shortcuts with 'Files' instead of 'Windows Explorer'.",
                        "url": "https://github.com/files-community/Files/issues/3513",
                        "state": "CLOSED",
                        "number": 3513,
                        "timelineItems": {
                            "nodes": []
                        }
                    },
                    {
                        "author": {
                            "login": "kvd2002"
                        },
                        "title": "arabian language ",
                        "url": "https://github.com/files-community/Files/issues/3512",
                        "state": "CLOSED",
                        "number": 3512,
                        "timelineItems": {
                            "nodes": []
                        }
                    },
                    {
                        "author": {
                            "login": "DHCross"
                        },
                        "title": "Further integration?",
                        "url": "https://github.com/files-community/Files/issues/3508",
                        "state": "CLOSED",
                        "number": 3508,
                        "timelineItems": {
                            "nodes": []
                        }
                    },
                    {
                        "author": {
                            "login": "TheR00st3r"
                        },
                        "title": "Navigate with Mousebutton affects all Tabs",
                        "url": "https://github.com/files-community/Files/issues/3505",
                        "state": "CLOSED",
                        "number": 3505,
                        "timelineItems": {
                            "nodes": []
                        }
                    },
                    {
                        "author": {
                            "login": "EhrEEz"
                        },
                        "title": "The appearance app theme goes back to windows default even if its set to dark / light.",
                        "url": "https://github.com/files-community/Files/issues/3501",
                        "state": "CLOSED",
                        "number": 3501,
                        "timelineItems": {
                            "nodes": []
                        }
                    },
                    {
                        "author": {
                            "login": "juanmiguel3801"
                        },
                        "title": "Report",
                        "url": "https://github.com/files-community/Files/issues/3499",
                        "state": "CLOSED",
                        "number": 3499,
                        "timelineItems": {
                            "nodes": []
                        }
                    },
                    {
                        "author": {
                            "login": "LuisCRamirezA"
                        },
                        "title": "It does not work the explorer when copying.",
                        "url": "https://github.com/files-community/Files/issues/3497",
                        "state": "CLOSED",
                        "number": 3497,
                        "timelineItems": {
                            "nodes": []
                        }
                    },
                    {
                        "author": {
                            "login": "bryangti"
                        },
                        "title": "the posibility to reorganize sidebar",
                        "url": "https://github.com/files-community/Files/issues/3495",
                        "state": "CLOSED",
                        "number": 3495,
                        "timelineItems": {
                            "nodes": []
                        }
                    },
                    {
                        "author": {
                            "login": "bryangti"
                        },
                        "title": "Button to close secondary panel",
                        "url": "https://github.com/files-community/Files/issues/3494",
                        "state": "CLOSED",
                        "number": 3494,
                        "timelineItems": {
                            "nodes": []
                        }
                    },
                    {
                        "author": {
                            "login": "WillC34"
                        },
                        "title": "App constantly prompts for User Account Control when opening .pdf from Recents",
                        "url": "https://github.com/files-community/Files/issues/3492",
                        "state": "CLOSED",
                        "number": 3492,
                        "timelineItems": {
                            "nodes": []
                        }
                    },
                    {
                        "author": {
                            "login": "Fromit"
                        },
                        "title": "Share Point support",
                        "url": "https://github.com/files-community/Files/issues/3491",
                        "state": "CLOSED",
                        "number": 3491,
                        "timelineItems": {
                            "nodes": []
                        }
                    },
                    {
                        "author": {
                            "login": "FengZi-lv"
                        },
                        "title": "Feature Suggestions",
                        "url": "https://github.com/files-community/Files/issues/3489",
                        "state": "CLOSED",
                        "number": 3489,
                        "timelineItems": {
                            "nodes": []
                        }
                    },
                    {
                        "author": {
                            "login": "KaiHuaDou"
                        },
                        "title": "Crash when viewing properties of hidden/system file",
                        "url": "https://github.com/files-community/Files/issues/3488",
                        "state": "CLOSED",
                        "number": 3488,
                        "timelineItems": {
                            "nodes": [
                                {
                                    "source": {
                                        "author": {
                                            "login": "gave92"
                                        },
                                        "title": "Show Network locations and shares and add option to map network drives",
                                        "url": "https://github.com/files-community/Files/pull/3295",
                                        "state": "MERGED",
                                        "number": 3295,
                                        "__typename": "PullRequest"
                                    }
                                }
                            ]
                        }
                    },
                    {
                        "author": {
                            "login": "ryukev"
                        },
                        "title": "The application does not save the changes made to the options and closes.",
                        "url": "https://github.com/files-community/Files/issues/3487",
                        "state": "CLOSED",
                        "number": 3487,
                        "timelineItems": {
                            "nodes": []
                        }
                    },
                    {
                        "author": {
                            "login": "paucp"
                        },
                        "title": "Add switch to not remember recent files",
                        "url": "https://github.com/files-community/Files/issues/3483",
                        "state": "CLOSED",
                        "number": 3483,
                        "timelineItems": {
                            "nodes": [
                                {
                                    "source": {
                                        "author": {
                                            "login": "jclorente"
                                        },
                                        "title": "Recent Files is showing no files",
                                        "url": "https://github.com/files-community/Files/issues/3506",
                                        "state": "CLOSED",
                                        "number": 3506,
                                        "__typename": "Issue"
                                    }
                                }
                            ]
                        }
                    },
                    {
                        "author": {
                            "login": "tocri"
                        },
                        "title": "Add sharepoint library link ",
                        "url": "https://github.com/files-community/Files/issues/3478",
                        "state": "CLOSED",
                        "number": 3478,
                        "timelineItems": {
                            "nodes": []
                        }
                    },
                    {
                        "author": {
                            "login": "EriKWDev"
                        },
                        "title": "Missing Transition When Clicking Desktop, Documents, Downloads... from side-menu",
                        "url": "https://github.com/files-community/Files/issues/3475",
                        "state": "CLOSED",
                        "number": 3475,
                        "timelineItems": {
                            "nodes": []
                        }
                    },
                    {
                        "author": {
                            "login": "Nacho1954"
                        },
                        "title": "files program does not save dark mode",
                        "url": "https://github.com/files-community/Files/issues/3472",
                        "state": "CLOSED",
                        "number": 3472,
                        "timelineItems": {
                            "nodes": []
                        }
                    },
                    {
                        "author": {
                            "login": "RaiHormo"
                        },
                        "title": "Can't move windows from title bar",
                        "url": "https://github.com/files-community/Files/issues/3467",
                        "state": "CLOSED",
                        "number": 3467,
                        "timelineItems": {
                            "nodes": []
                        }
                    },
                    {
                        "author": null,
                        "title": "Using back/forward mouse buttons in dual pane broken",
                        "url": "https://github.com/files-community/Files/issues/3463",
                        "state": "CLOSED",
                        "number": 3463,
                        "timelineItems": {
                            "nodes": [
                                {
                                    "source": {
                                        "author": {
                                            "login": "gave92"
                                        },
                                        "title": "Fixes back/forward mouse buttons in dual pane mode",
                                        "url": "https://github.com/files-community/Files/pull/3465",
                                        "state": "MERGED",
                                        "number": 3465,
                                        "__typename": "PullRequest"
                                    }
                                },
                                {
                                    "source": {
                                        "author": {
                                            "login": "TheR00st3r"
                                        },
                                        "title": "Navigate with Mousebutton affects all Tabs",
                                        "url": "https://github.com/files-community/Files/issues/3505",
                                        "state": "CLOSED",
                                        "number": 3505,
                                        "__typename": "Issue"
                                    }
                                }
                            ]
                        }
                    },
                    {
                        "author": {
                            "login": "FrozenVertx"
                        },
                        "title": "Can't Open Invisible Folder",
                        "url": "https://github.com/files-community/Files/issues/3460",
                        "state": "CLOSED",
                        "number": 3460,
                        "timelineItems": {
                            "nodes": [
                                {
                                    "source": {
                                        "author": {
                                            "login": "gave92"
                                        },
                                        "title": "Fixes an issue that prevented some folders from opening",
                                        "url": "https://github.com/files-community/Files/pull/3461",
                                        "state": "MERGED",
                                        "number": 3461,
                                        "__typename": "PullRequest"
                                    }
                                }
                            ]
                        }
                    },
                    {
                        "author": {
                            "login": "nvi9"
                        },
                        "title": "Add possibility to localize type of drives",
                        "url": "https://github.com/files-community/Files/issues/3457",
                        "state": "CLOSED",
                        "number": 3457,
                        "timelineItems": {
                            "nodes": [
                                {
                                    "source": {
                                        "author": {
                                            "login": "Richard-HM"
                                        },
                                        "title": "Add strings for drive types",
                                        "url": "https://github.com/files-community/Files/issues/1411",
                                        "state": "CLOSED",
                                        "number": 1411,
                                        "__typename": "Issue"
                                    }
                                },
                                {
                                    "source": {
                                        "author": {
                                            "login": "nvi9"
                                        },
                                        "title": "Added localization for drive types",
                                        "url": "https://github.com/files-community/Files/pull/3466",
                                        "state": "MERGED",
                                        "number": 3466,
                                        "__typename": "PullRequest"
                                    }
                                },
                                {
                                    "source": {
                                        "author": {
                                            "login": "koosha72"
                                        },
                                        "title": "Double click issue",
                                        "url": "https://github.com/files-community/Files/issues/3585",
                                        "state": "CLOSED",
                                        "number": 3585,
                                        "__typename": "Issue"
                                    }
                                }
                            ]
                        }
                    },
                    {
                        "author": {
                            "login": "Tech-How"
                        },
                        "title": "Shortcuts not sorting properly in Recycle Bin",
                        "url": "https://github.com/files-community/Files/issues/3453",
                        "state": "CLOSED",
                        "number": 3453,
                        "timelineItems": {
                            "nodes": [
                                {
                                    "source": {
                                        "author": {
                                            "login": "gave92"
                                        },
                                        "title": "Properly sort shortcut items in Recycle Bin",
                                        "url": "https://github.com/files-community/Files/pull/3462",
                                        "state": "MERGED",
                                        "number": 3462,
                                        "__typename": "PullRequest"
                                    }
                                }
                            ]
                        }
                    },
                    {
                        "author": {
                            "login": "ReyMagos"
                        },
                        "title": "Dragging without selecting",
                        "url": "https://github.com/files-community/Files/issues/3451",
                        "state": "CLOSED",
                        "number": 3451,
                        "timelineItems": {
                            "nodes": []
                        }
                    },
                    {
                        "author": {
                            "login": "myersware"
                        },
                        "title": "hide OneDrive",
                        "url": "https://github.com/files-community/Files/issues/3436",
                        "state": "CLOSED",
                        "number": 3436,
                        "timelineItems": {
                            "nodes": []
                        }
                    },
                    {
                        "author": {
                            "login": "gilvandev"
                        },
                        "title": "Bug on Portuguese (Brazil) translate",
                        "url": "https://github.com/files-community/Files/issues/3435",
                        "state": "CLOSED",
                        "number": 3435,
                        "timelineItems": {
                            "nodes": []
                        }
                    },
                    {
                        "author": null,
                        "title": "Small Change Request In Sidebar",
                        "url": "https://github.com/files-community/Files/issues/3432",
                        "state": "CLOSED",
                        "number": 3432,
                        "timelineItems": {
                            "nodes": []
                        }
                    },
                    {
                        "author": {
                            "login": "pklion"
                        },
                        "title": "Files crashes when opening file location of shortcuts",
                        "url": "https://github.com/files-community/Files/issues/3431",
                        "state": "CLOSED",
                        "number": 3431,
                        "timelineItems": {
                            "nodes": [
                                {
                                    "source": {
                                        "author": {
                                            "login": "gave92"
                                        },
                                        "title": "Fixed a crash that would occur when opening a shortcut files location",
                                        "url": "https://github.com/files-community/Files/pull/3469",
                                        "state": "MERGED",
                                        "number": 3469,
                                        "__typename": "PullRequest"
                                    }
                                }
                            ]
                        }
                    },
                    {
                        "author": {
                            "login": "qiyuexinfan"
                        },
                        "title": "深色模式无法保存",
                        "url": "https://github.com/files-community/Files/issues/3411",
                        "state": "CLOSED",
                        "number": 3411,
                        "timelineItems": {
                            "nodes": []
                        }
                    },
                    {
                        "author": {
                            "login": "1091515459"
                        },
                        "title": "新标签页中的文件夹希望可以进行自定义的设置",
                        "url": "https://github.com/files-community/Files/issues/3408",
                        "state": "CLOSED",
                        "number": 3408,
                        "timelineItems": {
                            "nodes": []
                        }
                    },
                    {
                        "author": {
                            "login": "lichendust"
                        },
                        "title": "Dragging Files/Folders Breaks Instance",
                        "url": "https://github.com/files-community/Files/issues/3407",
                        "state": "CLOSED",
                        "number": 3407,
                        "timelineItems": {
                            "nodes": []
                        }
                    },
                    {
                        "author": {
                            "login": "burakdede0"
                        },
                        "title": "Turkish language has so many Arabic text",
                        "url": "https://github.com/files-community/Files/issues/3394",
                        "state": "CLOSED",
                        "number": 3394,
                        "timelineItems": {
                            "nodes": []
                        }
                    },
                    {
                        "author": {
                            "login": "benschlegel"
                        },
                        "title": "Preview pane doesnt keep size if navigated to different folder",
                        "url": "https://github.com/files-community/Files/issues/3392",
                        "state": "CLOSED",
                        "number": 3392,
                        "timelineItems": {
                            "nodes": []
                        }
                    },
                    {
                        "author": {
                            "login": "benschlegel"
                        },
                        "title": "Remember preview pane state when restarting Files",
                        "url": "https://github.com/files-community/Files/issues/3391",
                        "state": "CLOSED",
                        "number": 3391,
                        "timelineItems": {
                            "nodes": [
                                {
                                    "source": {
                                        "author": {
                                            "login": "winston-de"
                                        },
                                        "title": "Make preview pane persistent",
                                        "url": "https://github.com/files-community/Files/pull/3914",
                                        "state": "MERGED",
                                        "number": 3914,
                                        "__typename": "PullRequest"
                                    }
                                }
                            ]
                        }
                    }
                ]
            }
        }
    }
}