{
    "data": {
        "repository": {
            "issues": {
                "pageInfo": {
                    "endCursor": "Y3Vyc29yOnYyOpICzjFoHhI="
                },
                "nodes": [
                    {
                        "author": {
                            "login": "tamyphoenix"
                        },
                        "title": "Erro",
                        "url": "https://github.com/files-community/Files/issues/4939",
                        "state": "CLOSED",
                        "number": 4939,
                        "timelineItems": {
                            "nodes": []
                        }
                    },
                    {
                        "author": {
                            "login": "TejasPatil80178"
                        },
                        "title": "Cloud Drives option is not working!!!",
                        "url": "https://github.com/files-community/Files/issues/4931",
                        "state": "CLOSED",
                        "number": 4931,
                        "timelineItems": {
                            "nodes": []
                        }
                    },
                    {
                        "author": {
                            "login": "jh961202"
                        },
                        "title": "Files crashes/messes up folder content when reading external drive if a different drive was inserted, but using the same drive letter",
                        "url": "https://github.com/files-community/Files/issues/4930",
                        "state": "CLOSED",
                        "number": 4930,
                        "timelineItems": {
                            "nodes": []
                        }
                    },
                    {
                        "author": {
                            "login": "stanleyowen"
                        },
                        "title": "Empty Recycle Bin Not Working",
                        "url": "https://github.com/files-community/Files/issues/4913",
                        "state": "CLOSED",
                        "number": 4913,
                        "timelineItems": {
                            "nodes": []
                        }
                    },
                    {
                        "author": {
                            "login": "stanleyowen"
                        },
                        "title": "Unable to Rename Drive(s) Name via Properties",
                        "url": "https://github.com/files-community/Files/issues/4912",
                        "state": "CLOSED",
                        "number": 4912,
                        "timelineItems": {
                            "nodes": [
                                {
                                    "source": {
                                        "author": {
                                            "login": "gave92"
                                        },
                                        "title": "Fix network drive dialog opening behind Files",
                                        "url": "https://github.com/files-community/Files/pull/4917",
                                        "state": "MERGED",
                                        "number": 4917,
                                        "__typename": "PullRequest"
                                    }
                                }
                            ]
                        }
                    },
                    {
                        "author": {
                            "login": "stanleyowen"
                        },
                        "title": "Search Feature not Working",
                        "url": "https://github.com/files-community/Files/issues/4909",
                        "state": "CLOSED",
                        "number": 4909,
                        "timelineItems": {
                            "nodes": []
                        }
                    },
                    {
                        "author": {
                            "login": "aeges"
                        },
                        "title": "Feature: Support for changing the preview pane position",
                        "url": "https://github.com/files-community/Files/issues/4890",
                        "state": "CLOSED",
                        "number": 4890,
                        "timelineItems": {
                            "nodes": [
                                {
                                    "source": {
                                        "author": {
                                            "login": "SaajidAtVX7"
                                        },
                                        "title": "Bottom deatils pane",
                                        "url": "https://github.com/files-community/Files/issues/8620",
                                        "state": "CLOSED",
                                        "number": 8620,
                                        "__typename": "Issue"
                                    }
                                }
                            ]
                        }
                    },
                    {
                        "author": {
                            "login": "JaiganeshKumaran"
                        },
                        "title": "Open in terminal uses root drive path instead of folder path",
                        "url": "https://github.com/files-community/Files/issues/4888",
                        "state": "CLOSED",
                        "number": 4888,
                        "timelineItems": {
                            "nodes": []
                        }
                    },
                    {
                        "author": {
                            "login": "lilgue"
                        },
                        "title": "shortcut for opening the app",
                        "url": "https://github.com/files-community/Files/issues/4886",
                        "state": "CLOSED",
                        "number": 4886,
                        "timelineItems": {
                            "nodes": []
                        }
                    },
                    {
                        "author": {
                            "login": "jh961202"
                        },
                        "title": "Feature: Show error message when copying/moving large file to FAT32 filesystem",
                        "url": "https://github.com/files-community/Files/issues/4884",
                        "state": "CLOSED",
                        "number": 4884,
                        "timelineItems": {
                            "nodes": [
                                {
                                    "source": {
                                        "author": {
                                            "login": "tatsumara"
                                        },
                                        "title": "Trying to copy file too large for the destination file system mistakenly succeeds",
                                        "url": "https://github.com/files-community/Files/issues/7341",
                                        "state": "CLOSED",
                                        "number": 7341,
                                        "__typename": "Issue"
                                    }
                                },
                                {
                                    "source": {
                                        "author": {
                                            "login": "ferrariofilippo"
                                        },
                                        "title": "Feature: Display error message when transferring files that are too large for FAT32",
                                        "url": "https://github.com/files-community/Files/pull/13137",
                                        "state": "MERGED",
                                        "number": 13137,
                                        "__typename": "PullRequest"
                                    }
                                }
                            ]
                        }
                    },
                    {
                        "author": {
                            "login": "GorthMohogany"
                        },
                        "title": "(Details View Layout) When single-click is active, long pressing on an item to open context menu still clicks the item",
                        "url": "https://github.com/files-community/Files/issues/4867",
                        "state": "CLOSED",
                        "number": 4867,
                        "timelineItems": {
                            "nodes": []
                        }
                    },
                    {
                        "author": {
                            "login": "esysfound"
                        },
                        "title": "Copy / Delete progress bar",
                        "url": "https://github.com/files-community/Files/issues/4859",
                        "state": "CLOSED",
                        "number": 4859,
                        "timelineItems": {
                            "nodes": []
                        }
                    },
                    {
                        "author": {
                            "login": "ShobanChiddarth"
                        },
                        "title": "How to set this app as the default file explorer app in windows 10",
                        "url": "https://github.com/files-community/Files/issues/4853",
                        "state": "CLOSED",
                        "number": 4853,
                        "timelineItems": {
                            "nodes": []
                        }
                    },
                    {
                        "author": {
                            "login": "Josh65-2201"
                        },
                        "title": "Pin to start in overflow submenu when settings off",
                        "url": "https://github.com/files-community/Files/issues/4850",
                        "state": "CLOSED",
                        "number": 4850,
                        "timelineItems": {
                            "nodes": [
                                {
                                    "source": {
                                        "author": {
                                            "login": "cinqmilleans"
                                        },
                                        "title": "Display correctly (Un)Pin To Start in the context menu",
                                        "url": "https://github.com/files-community/Files/pull/4861",
                                        "state": "CLOSED",
                                        "number": 4861,
                                        "__typename": "PullRequest"
                                    }
                                },
                                {
                                    "source": {
                                        "author": {
                                            "login": "cinqmilleans"
                                        },
                                        "title": "Fix ShowOnShift",
                                        "url": "https://github.com/files-community/Files/pull/4877",
                                        "state": "MERGED",
                                        "number": 4877,
                                        "__typename": "PullRequest"
                                    }
                                }
                            ]
                        }
                    },
                    {
                        "author": {
                            "login": "char-ptr"
                        },
                        "title": "Add option to create symlinks",
                        "url": "https://github.com/files-community/Files/issues/4842",
                        "state": "CLOSED",
                        "number": 4842,
                        "timelineItems": {
                            "nodes": []
                        }
                    },
                    {
                        "author": {
                            "login": "rounk-ctrl"
                        },
                        "title": "Problem with Libraries(again)",
                        "url": "https://github.com/files-community/Files/issues/4840",
                        "state": "CLOSED",
                        "number": 4840,
                        "timelineItems": {
                            "nodes": []
                        }
                    },
                    {
                        "author": {
                            "login": "stevenbrix"
                        },
                        "title": "Date modified is incorrect on some files",
                        "url": "https://github.com/files-community/Files/issues/4835",
                        "state": "CLOSED",
                        "number": 4835,
                        "timelineItems": {
                            "nodes": []
                        }
                    },
                    {
                        "author": {
                            "login": "SiRo24"
                        },
                        "title": "Reordering of Favorite folders",
                        "url": "https://github.com/files-community/Files/issues/4804",
                        "state": "CLOSED",
                        "number": 4804,
                        "timelineItems": {
                            "nodes": []
                        }
                    },
                    {
                        "author": {
                            "login": "skrivskithar"
                        },
                        "title": "Bug when trying to delete multiple files (only deletes one at a time)",
                        "url": "https://github.com/files-community/Files/issues/4799",
                        "state": "CLOSED",
                        "number": 4799,
                        "timelineItems": {
                            "nodes": []
                        }
                    },
                    {
                        "author": {
                            "login": "winston-de"
                        },
                        "title": "[Vertical multitasking flyout] Closing tab with Ctrl + W doesn't switch to the previously open tab after closing the active one",
                        "url": "https://github.com/files-community/Files/issues/4798",
                        "state": "CLOSED",
                        "number": 4798,
                        "timelineItems": {
                            "nodes": []
                        }
                    },
                    {
                        "author": {
                            "login": "beqabeqa473"
                        },
                        "title": "Accessibility issues",
                        "url": "https://github.com/files-community/Files/issues/4762",
                        "state": "CLOSED",
                        "number": 4762,
                        "timelineItems": {
                            "nodes": []
                        }
                    },
                    {
                        "author": {
                            "login": "stanleyowen"
                        },
                        "title": "Unable to Upload Video Through Drag and Drop Feature",
                        "url": "https://github.com/files-community/Files/issues/4758",
                        "state": "CLOSED",
                        "number": 4758,
                        "timelineItems": {
                            "nodes": []
                        }
                    },
                    {
                        "author": {
                            "login": "stanleyowen"
                        },
                        "title": "Files Closes Unexpectedly",
                        "url": "https://github.com/files-community/Files/issues/4746",
                        "state": "CLOSED",
                        "number": 4746,
                        "timelineItems": {
                            "nodes": []
                        }
                    },
                    {
                        "author": {
                            "login": "karthikeya-Git"
                        },
                        "title": "Cannot delete multiple files selected using \"SHIFT\" key",
                        "url": "https://github.com/files-community/Files/issues/4735",
                        "state": "CLOSED",
                        "number": 4735,
                        "timelineItems": {
                            "nodes": []
                        }
                    },
                    {
                        "author": {
                            "login": "winston-de"
                        },
                        "title": "Dragging over a tab or library in sidebar doesn't navigate",
                        "url": "https://github.com/files-community/Files/issues/4726",
                        "state": "CLOSED",
                        "number": 4726,
                        "timelineItems": {
                            "nodes": [
                                {
                                    "source": {
                                        "author": {
                                            "login": "winston-de"
                                        },
                                        "title": "Fixed some bugs with drag & drop",
                                        "url": "https://github.com/files-community/Files/pull/4728",
                                        "state": "MERGED",
                                        "number": 4728,
                                        "__typename": "PullRequest"
                                    }
                                }
                            ]
                        }
                    },
                    {
                        "author": {
                            "login": "winston-de"
                        },
                        "title": "Library sometimes fails to load items",
                        "url": "https://github.com/files-community/Files/issues/4715",
                        "state": "CLOSED",
                        "number": 4715,
                        "timelineItems": {
                            "nodes": []
                        }
                    },
                    {
                        "author": {
                            "login": "JackGFuller"
                        },
                        "title": "Unable to drag or place created Shortcut onto Taskbar",
                        "url": "https://github.com/files-community/Files/issues/4713",
                        "state": "CLOSED",
                        "number": 4713,
                        "timelineItems": {
                            "nodes": []
                        }
                    },
                    {
                        "author": {
                            "login": "v0iden"
                        },
                        "title": "Quick open sidebar folder in new tab",
                        "url": "https://github.com/files-community/Files/issues/4679",
                        "state": "CLOSED",
                        "number": 4679,
                        "timelineItems": {
                            "nodes": []
                        }
                    },
                    {
                        "author": {
                            "login": "Masamune3210"
                        },
                        "title": "Group files by type or extension",
                        "url": "https://github.com/files-community/Files/issues/4654",
                        "state": "CLOSED",
                        "number": 4654,
                        "timelineItems": {
                            "nodes": []
                        }
                    },
                    {
                        "author": {
                            "login": "Josh65-2201"
                        },
                        "title": "Sidebar selection animation not working properly",
                        "url": "https://github.com/files-community/Files/issues/4653",
                        "state": "CLOSED",
                        "number": 4653,
                        "timelineItems": {
                            "nodes": [
                                {
                                    "source": {
                                        "author": {
                                            "login": "gave92"
                                        },
                                        "title": "Double click gridsplitter to resize columns to fit content",
                                        "url": "https://github.com/files-community/Files/pull/5506",
                                        "state": "MERGED",
                                        "number": 5506,
                                        "__typename": "PullRequest"
                                    }
                                }
                            ]
                        }
                    },
                    {
                        "author": {
                            "login": "Josh65-2201"
                        },
                        "title": "Folder icons on side bar should be normal folders",
                        "url": "https://github.com/files-community/Files/issues/4652",
                        "state": "CLOSED",
                        "number": 4652,
                        "timelineItems": {
                            "nodes": []
                        }
                    },
                    {
                        "author": {
                            "login": "kimlimjustin"
                        },
                        "title": "Feature: Attach version info when submitting issues reports",
                        "url": "https://github.com/files-community/Files/issues/4635",
                        "state": "CLOSED",
                        "number": 4635,
                        "timelineItems": {
                            "nodes": [
                                {
                                    "source": {
                                        "author": {
                                            "login": "MarcAnt01"
                                        },
                                        "title": "GitHub: Update issue templates to make users copy Windows version from settings",
                                        "url": "https://github.com/files-community/Files/pull/12506",
                                        "state": "CLOSED",
                                        "number": 12506,
                                        "__typename": "PullRequest"
                                    }
                                },
                                {
                                    "source": {
                                        "author": {
                                            "login": "tanchekwei"
                                        },
                                        "title": "Feature: Auto-Populate Files and Windows Version when submitting feedback",
                                        "url": "https://github.com/files-community/Files/pull/12639",
                                        "state": "MERGED",
                                        "number": 12639,
                                        "__typename": "PullRequest"
                                    }
                                }
                            ]
                        }
                    },
                    {
                        "author": {
                            "login": "jonathan-reichardt"
                        },
                        "title": "Show dialog when accessing folders without read/write permissions ",
                        "url": "https://github.com/files-community/Files/issues/4631",
                        "state": "CLOSED",
                        "number": 4631,
                        "timelineItems": {
                            "nodes": []
                        }
                    },
                    {
                        "author": {
                            "login": "winston-de"
                        },
                        "title": "Opening drive properties causes crash",
                        "url": "https://github.com/files-community/Files/issues/4628",
                        "state": "CLOSED",
                        "number": 4628,
                        "timelineItems": {
                            "nodes": [
                                {
                                    "source": {
                                        "author": {
                                            "login": "winston-de"
                                        },
                                        "title": "Fixed crashes when opening properties dialog",
                                        "url": "https://github.com/files-community/Files/pull/4658",
                                        "state": "MERGED",
                                        "number": 4658,
                                        "__typename": "PullRequest"
                                    }
                                }
                            ]
                        }
                    },
                    {
                        "author": {
                            "login": "winston-de"
                        },
                        "title": "Pop out status center to compact overlay window",
                        "url": "https://github.com/files-community/Files/issues/4627",
                        "state": "CLOSED",
                        "number": 4627,
                        "timelineItems": {
                            "nodes": [
                                {
                                    "source": {
                                        "author": {
                                            "login": "0-BlackSpectrum-0"
                                        },
                                        "title": "Feature: Improving the status center UI",
                                        "url": "https://github.com/files-community/Files/issues/4811",
                                        "state": "CLOSED",
                                        "number": 4811,
                                        "__typename": "Issue"
                                    }
                                }
                            ]
                        }
                    },
                    {
                        "author": {
                            "login": "JuezFenix"
                        },
                        "title": "Import basic settings from file explorer on first run",
                        "url": "https://github.com/files-community/Files/issues/4620",
                        "state": "CLOSED",
                        "number": 4620,
                        "timelineItems": {
                            "nodes": [
                                {
                                    "source": {
                                        "author": {
                                            "login": "sguergachi"
                                        },
                                        "title": "Import Pinned Folders from File Explorer",
                                        "url": "https://github.com/files-community/Files/issues/8797",
                                        "state": "CLOSED",
                                        "number": 8797,
                                        "__typename": "Issue"
                                    }
                                }
                            ]
                        }
                    },
                    {
                        "author": {
                            "login": "ldsands"
                        },
                        "title": "Add `shift+mouse scroll` to scroll horizontally in item window",
                        "url": "https://github.com/files-community/Files/issues/4618",
                        "state": "CLOSED",
                        "number": 4618,
                        "timelineItems": {
                            "nodes": []
                        }
                    },
                    {
                        "author": {
                            "login": "CyrilCharlier"
                        },
                        "title": "Alert When Update is installed",
                        "url": "https://github.com/files-community/Files/issues/4614",
                        "state": "CLOSED",
                        "number": 4614,
                        "timelineItems": {
                            "nodes": []
                        }
                    },
                    {
                        "author": {
                            "login": "yaira2"
                        },
                        "title": "Feature request: Add option to merge folders when pasting items",
                        "url": "https://github.com/files-community/Files/issues/4601",
                        "state": "CLOSED",
                        "number": 4601,
                        "timelineItems": {
                            "nodes": [
                                {
                                    "source": {
                                        "author": {
                                            "login": "banoctopus"
                                        },
                                        "title": "Cut & Paste overwrote the directory",
                                        "url": "https://github.com/files-community/Files/issues/3958",
                                        "state": "CLOSED",
                                        "number": 3958,
                                        "__typename": "Issue"
                                    }
                                }
                            ]
                        }
                    },
                    {
                        "author": {
                            "login": "BlackBeltPanda"
                        },
                        "title": "New instance of FilesFullTrust.exe started every time Files is opened",
                        "url": "https://github.com/files-community/Files/issues/4572",
                        "state": "CLOSED",
                        "number": 4572,
                        "timelineItems": {
                            "nodes": []
                        }
                    },
                    {
                        "author": {
                            "login": "lettucemarcvel"
                        },
                        "title": "App suddenly close when you are navigating between folders",
                        "url": "https://github.com/files-community/Files/issues/4551",
                        "state": "CLOSED",
                        "number": 4551,
                        "timelineItems": {
                            "nodes": [
                                {
                                    "source": {
                                        "author": {
                                            "login": "cinqmilleans"
                                        },
                                        "title": "In sidebar, middle click opens item in new tab",
                                        "url": "https://github.com/files-community/Files/pull/4566",
                                        "state": "MERGED",
                                        "number": 4566,
                                        "__typename": "PullRequest"
                                    }
                                }
                            ]
                        }
                    },
                    {
                        "author": {
                            "login": "nullptr-deref"
                        },
                        "title": "Files window is not maximized from taskbar after setting background image from MS Photos app",
                        "url": "https://github.com/files-community/Files/issues/4546",
                        "state": "CLOSED",
                        "number": 4546,
                        "timelineItems": {
                            "nodes": []
                        }
                    },
                    {
                        "author": {
                            "login": "Entreri86"
                        },
                        "title": "Pressing F5 to update the folder crashes the app",
                        "url": "https://github.com/files-community/Files/issues/4525",
                        "state": "CLOSED",
                        "number": 4525,
                        "timelineItems": {
                            "nodes": []
                        }
                    },
                    {
                        "author": {
                            "login": "MathiasMagnus"
                        },
                        "title": "Launching multiple files of matching associated app",
                        "url": "https://github.com/files-community/Files/issues/4524",
                        "state": "CLOSED",
                        "number": 4524,
                        "timelineItems": {
                            "nodes": []
                        }
                    },
                    {
                        "author": {
                            "login": "Weishaar88"
                        },
                        "title": "Network Shortcuts",
                        "url": "https://github.com/files-community/Files/issues/4508",
                        "state": "CLOSED",
                        "number": 4508,
                        "timelineItems": {
                            "nodes": []
                        }
                    },
                    {
                        "author": {
                            "login": "meowish"
                        },
                        "title": "Opening new tab should keep you on current tab",
                        "url": "https://github.com/files-community/Files/issues/4506",
                        "state": "CLOSED",
                        "number": 4506,
                        "timelineItems": {
                            "nodes": [
                                {
                                    "source": {
                                        "author": {
                                            "login": "cinqmilleans"
                                        },
                                        "title": "New tab in background",
                                        "url": "https://github.com/files-community/Files/pull/4536",
                                        "state": "CLOSED",
                                        "number": 4536,
                                        "__typename": "PullRequest"
                                    }
                                },
                                {
                                    "source": {
                                        "author": {
                                            "login": "cinqmilleans"
                                        },
                                        "title": "Improved behavior when opening new tabs",
                                        "url": "https://github.com/files-community/Files/pull/4549",
                                        "state": "MERGED",
                                        "number": 4549,
                                        "__typename": "PullRequest"
                                    }
                                },
                                {
                                    "source": {
                                        "author": {
                                            "login": "cinqmilleans"
                                        },
                                        "title": "New tab in background",
                                        "url": "https://github.com/files-community/Files/pull/4553",
                                        "state": "CLOSED",
                                        "number": 4553,
                                        "__typename": "PullRequest"
                                    }
                                }
                            ]
                        }
                    },
                    {
                        "author": {
                            "login": "mafra99"
                        },
                        "title": "Selecting and deselecting items with right click does not work",
                        "url": "https://github.com/files-community/Files/issues/4457",
                        "state": "CLOSED",
                        "number": 4457,
                        "timelineItems": {
                            "nodes": [
                                {
                                    "source": {
                                        "author": {
                                            "login": "mafra99"
                                        },
                                        "title": "Fix right click item selection #4457",
                                        "url": "https://github.com/files-community/Files/pull/4460",
                                        "state": "MERGED",
                                        "number": 4460,
                                        "__typename": "PullRequest"
                                    }
                                }
                            ]
                        }
                    },
                    {
                        "author": {
                            "login": "kimlimjustin"
                        },
                        "title": "Broken files sorting",
                        "url": "https://github.com/files-community/Files/issues/4446",
                        "state": "CLOSED",
                        "number": 4446,
                        "timelineItems": {
                            "nodes": []
                        }
                    },
                    {
                        "author": {
                            "login": "Richard-HM"
                        },
                        "title": "Crash when trying to rename an item",
                        "url": "https://github.com/files-community/Files/issues/4425",
                        "state": "CLOSED",
                        "number": 4425,
                        "timelineItems": {
                            "nodes": []
                        }
                    },
                    {
                        "author": {
                            "login": "Richard-HM"
                        },
                        "title": "Context menu: Add tooltips for flyout command bar buttons",
                        "url": "https://github.com/files-community/Files/issues/4412",
                        "state": "CLOSED",
                        "number": 4412,
                        "timelineItems": {
                            "nodes": [
                                {
                                    "source": {
                                        "author": {
                                            "login": "winston-de"
                                        },
                                        "title": "Command bar flyout improvements",
                                        "url": "https://github.com/files-community/Files/pull/4414",
                                        "state": "MERGED",
                                        "number": 4414,
                                        "__typename": "PullRequest"
                                    }
                                }
                            ]
                        }
                    },
                    {
                        "author": {
                            "login": "GiornoJJ"
                        },
                        "title": "Crash when viewing properties of files",
                        "url": "https://github.com/files-community/Files/issues/4388",
                        "state": "CLOSED",
                        "number": 4388,
                        "timelineItems": {
                            "nodes": []
                        }
                    },
                    {
                        "author": {
                            "login": "Sebastia181"
                        },
                        "title": "DISEÑO Y COLORIDO",
                        "url": "https://github.com/files-community/Files/issues/4382",
                        "state": "CLOSED",
                        "number": 4382,
                        "timelineItems": {
                            "nodes": []
                        }
                    },
                    {
                        "author": {
                            "login": "Tropix126"
                        },
                        "title": "Folder table header has inconsistent coloring upon switching themes.",
                        "url": "https://github.com/files-community/Files/issues/4370",
                        "state": "CLOSED",
                        "number": 4370,
                        "timelineItems": {
                            "nodes": []
                        }
                    },
                    {
                        "author": {
                            "login": "Tropix126"
                        },
                        "title": "Text overlapping on address bar.",
                        "url": "https://github.com/files-community/Files/issues/4369",
                        "state": "CLOSED",
                        "number": 4369,
                        "timelineItems": {
                            "nodes": [
                                {
                                    "source": {
                                        "author": {
                                            "login": "cinqmilleans"
                                        },
                                        "title": "Fixed Text overlapping on address bar (#4369)",
                                        "url": "https://github.com/files-community/Files/pull/4424",
                                        "state": "CLOSED",
                                        "number": 4424,
                                        "__typename": "PullRequest"
                                    }
                                },
                                {
                                    "source": {
                                        "author": {
                                            "login": "cinqmilleans"
                                        },
                                        "title": "Fix search region visual (#4369)",
                                        "url": "https://github.com/files-community/Files/pull/4649",
                                        "state": "MERGED",
                                        "number": 4649,
                                        "__typename": "PullRequest"
                                    }
                                }
                            ]
                        }
                    },
                    {
                        "author": {
                            "login": "Josh65-2201"
                        },
                        "title": "Tabs disappear when app size is two small",
                        "url": "https://github.com/files-community/Files/issues/4367",
                        "state": "CLOSED",
                        "number": 4367,
                        "timelineItems": {
                            "nodes": []
                        }
                    },
                    {
                        "author": {
                            "login": "ascrs"
                        },
                        "title": "REFRESH HATE",
                        "url": "https://github.com/files-community/Files/issues/4360",
                        "state": "CLOSED",
                        "number": 4360,
                        "timelineItems": {
                            "nodes": []
                        }
                    },
                    {
                        "author": {
                            "login": "ascrs"
                        },
                        "title": "ADD FOLDERS/SHORTCUTS TO FAVORITES",
                        "url": "https://github.com/files-community/Files/issues/4359",
                        "state": "CLOSED",
                        "number": 4359,
                        "timelineItems": {
                            "nodes": []
                        }
                    },
                    {
                        "author": {
                            "login": "ColbertBrave"
                        },
                        "title": "Please provide an option to turn down the cloud drive",
                        "url": "https://github.com/files-community/Files/issues/4356",
                        "state": "CLOSED",
                        "number": 4356,
                        "timelineItems": {
                            "nodes": []
                        }
                    },
                    {
                        "author": {
                            "login": "Njsmooth"
                        },
                        "title": "Address Bar Buttons Only Work When Text is Clicked",
                        "url": "https://github.com/files-community/Files/issues/4350",
                        "state": "CLOSED",
                        "number": 4350,
                        "timelineItems": {
                            "nodes": []
                        }
                    },
                    {
                        "author": {
                            "login": "d2dyno1"
                        },
                        "title": "Add \"Open Files here...\" shell context menu integration",
                        "url": "https://github.com/files-community/Files/issues/4345",
                        "state": "CLOSED",
                        "number": 4345,
                        "timelineItems": {
                            "nodes": []
                        }
                    },
                    {
                        "author": {
                            "login": "dreaddr"
                        },
                        "title": "Deprioritize folders on directory",
                        "url": "https://github.com/files-community/Files/issues/4342",
                        "state": "CLOSED",
                        "number": 4342,
                        "timelineItems": {
                            "nodes": []
                        }
                    },
                    {
                        "author": {
                            "login": "timsu92"
                        },
                        "title": "\"Recent\" in the taskbar right-click menu works odd",
                        "url": "https://github.com/files-community/Files/issues/4337",
                        "state": "CLOSED",
                        "number": 4337,
                        "timelineItems": {
                            "nodes": [
                                {
                                    "source": {
                                        "author": {
                                            "login": "timsu92"
                                        },
                                        "title": "Add ability to drag folder to the taskbar to pin the item",
                                        "url": "https://github.com/files-community/Files/issues/4338",
                                        "state": "CLOSED",
                                        "number": 4338,
                                        "__typename": "Issue"
                                    }
                                }
                            ]
                        }
                    },
                    {
                        "author": {
                            "login": "Fantazyjny"
                        },
                        "title": "Problem with sidebar when it was minimized and Files is restarted.",
                        "url": "https://github.com/files-community/Files/issues/4329",
                        "state": "CLOSED",
                        "number": 4329,
                        "timelineItems": {
                            "nodes": []
                        }
                    },
                    {
                        "author": {
                            "login": "mertbakir"
                        },
                        "title": "Move buttons on top to the status bar",
                        "url": "https://github.com/files-community/Files/issues/4328",
                        "state": "CLOSED",
                        "number": 4328,
                        "timelineItems": {
                            "nodes": []
                        }
                    },
                    {
                        "author": {
                            "login": "mertbakir"
                        },
                        "title": "Remove Cloud Drives On The Sidebar",
                        "url": "https://github.com/files-community/Files/issues/4327",
                        "state": "CLOSED",
                        "number": 4327,
                        "timelineItems": {
                            "nodes": []
                        }
                    },
                    {
                        "author": {
                            "login": "phaselden"
                        },
                        "title": "Change wording to \"Pin to Favorites\"",
                        "url": "https://github.com/files-community/Files/issues/4317",
                        "state": "CLOSED",
                        "number": 4317,
                        "timelineItems": {
                            "nodes": [
                                {
                                    "source": {
                                        "author": {
                                            "login": "oleitao"
                                        },
                                        "title": "Change wording to \"Pin to Favorites\"",
                                        "url": "https://github.com/files-community/Files/pull/5370",
                                        "state": "MERGED",
                                        "number": 5370,
                                        "__typename": "PullRequest"
                                    }
                                }
                            ]
                        }
                    },
                    {
                        "author": {
                            "login": "Jmoney1536"
                        },
                        "title": "Global setting to enable desired layout mode for all folders",
                        "url": "https://github.com/files-community/Files/issues/4314",
                        "state": "CLOSED",
                        "number": 4314,
                        "timelineItems": {
                            "nodes": [
                                {
                                    "source": {
                                        "author": {
                                            "login": "Harfenklang"
                                        },
                                        "title": "Hi, how is it possible to add folders to Libraries?",
                                        "url": "https://github.com/files-community/Files/issues/4357",
                                        "state": "CLOSED",
                                        "number": 4357,
                                        "__typename": "Issue"
                                    }
                                }
                            ]
                        }
                    },
                    {
                        "author": {
                            "login": "SMSourov"
                        },
                        "title": "Folders are not showing at top",
                        "url": "https://github.com/files-community/Files/issues/4291",
                        "state": "CLOSED",
                        "number": 4291,
                        "timelineItems": {
                            "nodes": []
                        }
                    },
                    {
                        "author": {
                            "login": "pc-v2"
                        },
                        "title": "Hamburger menu rexpanded if new tab created",
                        "url": "https://github.com/files-community/Files/issues/4288",
                        "state": "CLOSED",
                        "number": 4288,
                        "timelineItems": {
                            "nodes": [
                                {
                                    "source": {
                                        "author": {
                                            "login": "yaira2"
                                        },
                                        "title": "Performance: Move sidebar control to MainPage",
                                        "url": "https://github.com/files-community/Files/issues/4299",
                                        "state": "CLOSED",
                                        "number": 4299,
                                        "__typename": "Issue"
                                    }
                                },
                                {
                                    "source": {
                                        "author": {
                                            "login": "lukeblevins"
                                        },
                                        "title": "Move SidebarControl to MainPage",
                                        "url": "https://github.com/files-community/Files/pull/4313",
                                        "state": "MERGED",
                                        "number": 4313,
                                        "__typename": "PullRequest"
                                    }
                                }
                            ]
                        }
                    },
                    {
                        "author": {
                            "login": "mtratchet16"
                        },
                        "title": "Change Folder Icons",
                        "url": "https://github.com/files-community/Files/issues/4286",
                        "state": "CLOSED",
                        "number": 4286,
                        "timelineItems": {
                            "nodes": []
                        }
                    },
                    {
                        "author": {
                            "login": "winston-de"
                        },
                        "title": "[Enhancement] Add option to search unindexed items at bottom of search results.",
                        "url": "https://github.com/files-community/Files/issues/4278",
                        "state": "CLOSED",
                        "number": 4278,
                        "timelineItems": {
                            "nodes": [
                                {
                                    "source": {
                                        "author": {
                                            "login": "winston-de"
                                        },
                                        "title": "Added search unindexed items option at bottom of search results",
                                        "url": "https://github.com/files-community/Files/pull/4466",
                                        "state": "MERGED",
                                        "number": 4466,
                                        "__typename": "PullRequest"
                                    }
                                }
                            ]
                        }
                    },
                    {
                        "author": {
                            "login": "nt4f04uNd"
                        },
                        "title": "drag and drop label artifacts",
                        "url": "https://github.com/files-community/Files/issues/4256",
                        "state": "CLOSED",
                        "number": 4256,
                        "timelineItems": {
                            "nodes": []
                        }
                    },
                    {
                        "author": {
                            "login": "MattBDev"
                        },
                        "title": "Number of files in Recycle Bin persists after emptying",
                        "url": "https://github.com/files-community/Files/issues/4251",
                        "state": "CLOSED",
                        "number": 4251,
                        "timelineItems": {
                            "nodes": [
                                {
                                    "source": {
                                        "author": {
                                            "login": "generalguy41"
                                        },
                                        "title": "Layout changes when the display option is pressed twice",
                                        "url": "https://github.com/files-community/Files/issues/4276",
                                        "state": "CLOSED",
                                        "number": 4276,
                                        "__typename": "Issue"
                                    }
                                }
                            ]
                        }
                    },
                    {
                        "author": {
                            "login": "nt4f04uNd"
                        },
                        "title": "open github discussions",
                        "url": "https://github.com/files-community/Files/issues/4250",
                        "state": "CLOSED",
                        "number": 4250,
                        "timelineItems": {
                            "nodes": []
                        }
                    },
                    {
                        "author": {
                            "login": "Josh65-2201"
                        },
                        "title": "7zip archive icons disappear when preview bar open",
                        "url": "https://github.com/files-community/Files/issues/4248",
                        "state": "CLOSED",
                        "number": 4248,
                        "timelineItems": {
                            "nodes": []
                        }
                    },
                    {
                        "author": {
                            "login": "winston-de"
                        },
                        "title": "Using a custom theme can cause a crash when launching Files or opening the properties dialog",
                        "url": "https://github.com/files-community/Files/issues/4243",
                        "state": "CLOSED",
                        "number": 4243,
                        "timelineItems": {
                            "nodes": []
                        }
                    },
                    {
                        "author": {
                            "login": "pklion"
                        },
                        "title": "The backgrounds of the new tab page widgets are weird",
                        "url": "https://github.com/files-community/Files/issues/4169",
                        "state": "CLOSED",
                        "number": 4169,
                        "timelineItems": {
                            "nodes": []
                        }
                    },
                    {
                        "author": {
                            "login": "GsTech24"
                        },
                        "title": "Idioma",
                        "url": "https://github.com/files-community/Files/issues/4159",
                        "state": "CLOSED",
                        "number": 4159,
                        "timelineItems": {
                            "nodes": []
                        }
                    },
                    {
                        "author": {
                            "login": "BradMBurke"
                        },
                        "title": "Files crashes almost immediately",
                        "url": "https://github.com/files-community/Files/issues/4156",
                        "state": "CLOSED",
                        "number": 4156,
                        "timelineItems": {
                            "nodes": []
                        }
                    },
                    {
                        "author": {
                            "login": "nayzm"
                        },
                        "title": "Rename default New Tab title",
                        "url": "https://github.com/files-community/Files/issues/4139",
                        "state": "CLOSED",
                        "number": 4139,
                        "timelineItems": {
                            "nodes": [
                                {
                                    "source": {
                                        "author": {
                                            "login": "John-Zampa"
                                        },
                                        "title": "New Tab Display text change",
                                        "url": "https://github.com/files-community/Files/issues/6267",
                                        "state": "CLOSED",
                                        "number": 6267,
                                        "__typename": "Issue"
                                    }
                                },
                                {
                                    "source": {
                                        "author": {
                                            "login": "yaira2"
                                        },
                                        "title": "Use proper tab name on the home page",
                                        "url": "https://github.com/files-community/Files/pull/6477",
                                        "state": "MERGED",
                                        "number": 6477,
                                        "__typename": "PullRequest"
                                    }
                                }
                            ]
                        }
                    },
                    {
                        "author": {
                            "login": "d2dyno1"
                        },
                        "title": "Remember sidebar items state",
                        "url": "https://github.com/files-community/Files/issues/4128",
                        "state": "CLOSED",
                        "number": 4128,
                        "timelineItems": {
                            "nodes": [
                                {
                                    "source": {
                                        "author": {
                                            "login": "R3voA3"
                                        },
                                        "title": "Collapsible sidebar should remember collapsed state of sub entries",
                                        "url": "https://github.com/files-community/Files/issues/4163",
                                        "state": "CLOSED",
                                        "number": 4163,
                                        "__typename": "Issue"
                                    }
                                },
                                {
                                    "source": {
                                        "author": {
                                            "login": "AkazaRenn"
                                        },
                                        "title": "Memorize item collapse states when closing and reopening Navigation menu",
                                        "url": "https://github.com/files-community/Files/issues/5397",
                                        "state": "CLOSED",
                                        "number": 5397,
                                        "__typename": "Issue"
                                    }
                                },
                                {
                                    "source": {
                                        "author": {
                                            "login": "bebauke"
                                        },
                                        "title": "Elements of sidebar contracting when entering compact view",
                                        "url": "https://github.com/files-community/Files/issues/6702",
                                        "state": "CLOSED",
                                        "number": 6702,
                                        "__typename": "Issue"
                                    }
                                },
                                {
                                    "source": {
                                        "author": {
                                            "login": "whizzed"
                                        },
                                        "title": "Resizing the window forces all the sections in the sidebar to collapse",
                                        "url": "https://github.com/files-community/Files/issues/6758",
                                        "state": "CLOSED",
                                        "number": 6758,
                                        "__typename": "Issue"
                                    }
                                },
                                {
                                    "source": {
                                        "author": {
                                            "login": "TDMatthews"
                                        },
                                        "title": "Maintain Sidebar state ",
                                        "url": "https://github.com/files-community/Files/issues/6469",
                                        "state": "CLOSED",
                                        "number": 6469,
                                        "__typename": "Issue"
                                    }
                                },
                                {
                                    "source": {
                                        "author": {
                                            "login": "AlexDicy"
                                        },
                                        "title": "Lateral bar does not re-open menus",
                                        "url": "https://github.com/files-community/Files/issues/8302",
                                        "state": "CLOSED",
                                        "number": 8302,
                                        "__typename": "Issue"
                                    }
                                },
                                {
                                    "source": {
                                        "author": {
                                            "login": "gave92"
                                        },
                                        "title": "Remember sidebar items state when sidebar is collapsed/extended",
                                        "url": "https://github.com/files-community/Files/pull/8886",
                                        "state": "MERGED",
                                        "number": 8886,
                                        "__typename": "PullRequest"
                                    }
                                }
                            ]
                        }
                    },
                    {
                        "author": {
                            "login": "Richard-HM"
                        },
                        "title": "The properties window background is white in dark mode",
                        "url": "https://github.com/files-community/Files/issues/4122",
                        "state": "CLOSED",
                        "number": 4122,
                        "timelineItems": {
                            "nodes": [
                                {
                                    "source": {
                                        "author": {
                                            "login": "yaira2"
                                        },
                                        "title": "Added a background color to the properties dialog",
                                        "url": "https://github.com/files-community/Files/pull/4145",
                                        "state": "MERGED",
                                        "number": 4145,
                                        "__typename": "PullRequest"
                                    }
                                }
                            ]
                        }
                    },
                    {
                        "author": {
                            "login": "mtratchet16"
                        },
                        "title": "Pin Specific Folder Shortcuts to Start!",
                        "url": "https://github.com/files-community/Files/issues/4109",
                        "state": "CLOSED",
                        "number": 4109,
                        "timelineItems": {
                            "nodes": []
                        }
                    },
                    {
                        "author": {
                            "login": "mtratchet16"
                        },
                        "title": "Just crashed during usage is all",
                        "url": "https://github.com/files-community/Files/issues/4107",
                        "state": "CLOSED",
                        "number": 4107,
                        "timelineItems": {
                            "nodes": []
                        }
                    },
                    {
                        "author": {
                            "login": "SiRo24"
                        },
                        "title": "Folder content not showing up",
                        "url": "https://github.com/files-community/Files/issues/4104",
                        "state": "CLOSED",
                        "number": 4104,
                        "timelineItems": {
                            "nodes": [
                                {
                                    "source": {
                                        "author": {
                                            "login": "gave92"
                                        },
                                        "title": "Fix folder contents not shown & selected layout mode not updated",
                                        "url": "https://github.com/files-community/Files/pull/4196",
                                        "state": "MERGED",
                                        "number": 4196,
                                        "__typename": "PullRequest"
                                    }
                                }
                            ]
                        }
                    },
                    {
                        "author": {
                            "login": "vanillajonathan"
                        },
                        "title": "Target the .NET 5 framework",
                        "url": "https://github.com/files-community/Files/issues/4070",
                        "state": "CLOSED",
                        "number": 4070,
                        "timelineItems": {
                            "nodes": []
                        }
                    },
                    {
                        "author": {
                            "login": "johanftg"
                        },
                        "title": "ERROR: Files (APP) stops working when drag and drop an tab from other tab in left side to right side mode.",
                        "url": "https://github.com/files-community/Files/issues/4064",
                        "state": "CLOSED",
                        "number": 4064,
                        "timelineItems": {
                            "nodes": []
                        }
                    },
                    {
                        "author": {
                            "login": "Josh65-2201"
                        },
                        "title": "\"Files ran into a problem the developers didn't prepare for yet\" notification",
                        "url": "https://github.com/files-community/Files/issues/4046",
                        "state": "CLOSED",
                        "number": 4046,
                        "timelineItems": {
                            "nodes": []
                        }
                    },
                    {
                        "author": {
                            "login": "kimlimjustin"
                        },
                        "title": "Double click to open file in \"Recent Item\" instead of one time click",
                        "url": "https://github.com/files-community/Files/issues/4042",
                        "state": "CLOSED",
                        "number": 4042,
                        "timelineItems": {
                            "nodes": []
                        }
                    },
                    {
                        "author": {
                            "login": "jlbrd"
                        },
                        "title": "Add list Layout Mode",
                        "url": "https://github.com/files-community/Files/issues/4040",
                        "state": "CLOSED",
                        "number": 4040,
                        "timelineItems": {
                            "nodes": []
                        }
                    },
                    {
                        "author": {
                            "login": "d2dyno1"
                        },
                        "title": "Add items to Bundles via context menu",
                        "url": "https://github.com/files-community/Files/issues/4031",
                        "state": "CLOSED",
                        "number": 4031,
                        "timelineItems": {
                            "nodes": []
                        }
                    },
                    {
                        "author": {
                            "login": "Josh65-2201"
                        },
                        "title": "Dynamic bundles",
                        "url": "https://github.com/files-community/Files/issues/4020",
                        "state": "CLOSED",
                        "number": 4020,
                        "timelineItems": {
                            "nodes": []
                        }
                    },
                    {
                        "author": {
                            "login": "mawoods75"
                        },
                        "title": "Version 1.3.0.0 - Program \"hangs\" while trying to display files in directories",
                        "url": "https://github.com/files-community/Files/issues/4010",
                        "state": "CLOSED",
                        "number": 4010,
                        "timelineItems": {
                            "nodes": []
                        }
                    },
                    {
                        "author": {
                            "login": "Alfex4936"
                        },
                        "title": "Weird Korean strings",
                        "url": "https://github.com/files-community/Files/issues/4002",
                        "state": "CLOSED",
                        "number": 4002,
                        "timelineItems": {
                            "nodes": [
                                {
                                    "source": {
                                        "author": {
                                            "login": "Richard-HM"
                                        },
                                        "title": "Fix strings [ko-KR]",
                                        "url": "https://github.com/files-community/Files/pull/4006",
                                        "state": "MERGED",
                                        "number": 4006,
                                        "__typename": "PullRequest"
                                    }
                                }
                            ]
                        }
                    },
                    {
                        "author": {
                            "login": "andyfmidd"
                        },
                        "title": "Include filenames and a Task reference to the warning  \"Item already exists\" during a copy. Allow \"Skip\" and/or \"All\" as an answer.",
                        "url": "https://github.com/files-community/Files/issues/3982",
                        "state": "CLOSED",
                        "number": 3982,
                        "timelineItems": {
                            "nodes": [
                                {
                                    "source": {
                                        "author": {
                                            "login": "d2dyno1"
                                        },
                                        "title": "Added details for deleting, moving, copying items",
                                        "url": "https://github.com/files-community/Files/pull/4411",
                                        "state": "MERGED",
                                        "number": 4411,
                                        "__typename": "PullRequest"
                                    }
                                }
                            ]
                        }
                    },
                    {
                        "author": {
                            "login": "a03z"
                        },
                        "title": "crash on opening folder",
                        "url": "https://github.com/files-community/Files/issues/3970",
                        "state": "CLOSED",
                        "number": 3970,
                        "timelineItems": {
                            "nodes": []
                        }
                    },
                    {
                        "author": {
                            "login": "Kelderic"
                        },
                        "title": "Ability to Pin Controls Above Main File List",
                        "url": "https://github.com/files-community/Files/issues/3969",
                        "state": "CLOSED",
                        "number": 3969,
                        "timelineItems": {
                            "nodes": []
                        }
                    },
                    {
                        "author": {
                            "login": "R3voA3"
                        },
                        "title": "Improve the animation in preview pane for details",
                        "url": "https://github.com/files-community/Files/issues/3965",
                        "state": "CLOSED",
                        "number": 3965,
                        "timelineItems": {
                            "nodes": []
                        }
                    },
                    {
                        "author": {
                            "login": "R3voA3"
                        },
                        "title": "Item Count property is not translated in the preview pane",
                        "url": "https://github.com/files-community/Files/issues/3963",
                        "state": "CLOSED",
                        "number": 3963,
                        "timelineItems": {
                            "nodes": []
                        }
                    },
                    {
                        "author": {
                            "login": "rayAtFlightTestDotUs"
                        },
                        "title": "Tried Files for the first time this evening and immediately noticed that the left sidebar did not contain a \"Quick Access\" section like Win10's File Explorer. I use Quick Access a lot, and I suspect that many others to as well. Please consider adding that feature.",
                        "url": "https://github.com/files-community/Files/issues/3960",
                        "state": "CLOSED",
                        "number": 3960,
                        "timelineItems": {
                            "nodes": []
                        }
                    }
                ]
            }
        }
    }
}