{
    "data": {
        "repository": {
            "issues": {
                "pageInfo": {
                    "endCursor": "Y3Vyc29yOnYyOpIBzjG2CF4="
                },
                "nodes": [
                    {
                        "author": {
                            "login": "winston-de"
                        },
                        "title": "Bug: Crash after saving library properties",
                        "url": "https://github.com/files-community/Files/issues/4562",
                        "state": "CLOSED",
                        "number": 4562,
                        "timelineItems": {
                            "nodes": []
                        }
                    },
                    {
                        "author": {
                            "login": "SauceX22"
                        },
                        "title": "Move/Copy File or Folder without Selection",
                        "url": "https://github.com/files-community/Files/issues/4560",
                        "state": "CLOSED",
                        "number": 4560,
                        "timelineItems": {
                            "nodes": []
                        }
                    },
                    {
                        "author": {
                            "login": "Josh65-2201"
                        },
                        "title": "Drive sizes are not refreshable",
                        "url": "https://github.com/files-community/Files/issues/4556",
                        "state": "CLOSED",
                        "number": 4556,
                        "timelineItems": {
                            "nodes": []
                        }
                    },
                    {
                        "author": null,
                        "title": ".exe , .rar and .zip files don't open!",
                        "url": "https://github.com/files-community/Files/issues/4555",
                        "state": "CLOSED",
                        "number": 4555,
                        "timelineItems": {
                            "nodes": []
                        }
                    },
                    {
                        "author": {
                            "login": "tozzy2012"
                        },
                        "title": "Window in BackGround when Extracting zip files",
                        "url": "https://github.com/files-community/Files/issues/4554",
                        "state": "CLOSED",
                        "number": 4554,
                        "timelineItems": {
                            "nodes": [
                                {
                                    "source": {
                                        "author": {
                                            "login": "gave92"
                                        },
                                        "title": "Foreground windows opened when invoking context menu items",
                                        "url": "https://github.com/files-community/Files/pull/5060",
                                        "state": "MERGED",
                                        "number": 5060,
                                        "__typename": "PullRequest"
                                    }
                                }
                            ]
                        }
                    },
                    {
                        "author": {
                            "login": "Guardian820"
                        },
                        "title": "Perfomance problems",
                        "url": "https://github.com/files-community/Files/issues/4545",
                        "state": "CLOSED",
                        "number": 4545,
                        "timelineItems": {
                            "nodes": []
                        }
                    },
                    {
                        "author": {
                            "login": "va-it"
                        },
                        "title": "Tab controls overlay window minimise, maximise and close.",
                        "url": "https://github.com/files-community/Files/issues/4542",
                        "state": "CLOSED",
                        "number": 4542,
                        "timelineItems": {
                            "nodes": []
                        }
                    },
                    {
                        "author": {
                            "login": "AhmadHddad"
                        },
                        "title": "Have an option to show tasks (delete or copy) in native windows instead of integrated tasks ",
                        "url": "https://github.com/files-community/Files/issues/4537",
                        "state": "CLOSED",
                        "number": 4537,
                        "timelineItems": {
                            "nodes": []
                        }
                    },
                    {
                        "author": {
                            "login": "Josh65-2201"
                        },
                        "title": "Add folder sizes in types bar",
                        "url": "https://github.com/files-community/Files/issues/4534",
                        "state": "CLOSED",
                        "number": 4534,
                        "timelineItems": {
                            "nodes": []
                        }
                    },
                    {
                        "author": {
                            "login": "mynando"
                        },
                        "title": "App crashes after clicking \"Ok\" when viewing Desktop/Downloads/Documents in the left navigation.",
                        "url": "https://github.com/files-community/Files/issues/4531",
                        "state": "CLOSED",
                        "number": 4531,
                        "timelineItems": {
                            "nodes": [
                                {
                                    "source": {
                                        "author": {
                                            "login": "shoker537"
                                        },
                                        "title": "Clicking \"OK\" in Downloads Properties window crashes the app",
                                        "url": "https://github.com/files-community/Files/issues/4774",
                                        "state": "CLOSED",
                                        "number": 4774,
                                        "__typename": "Issue"
                                    }
                                }
                            ]
                        }
                    },
                    {
                        "author": {
                            "login": "Josh65-2201"
                        },
                        "title": "Error mounting Hyper-V drive",
                        "url": "https://github.com/files-community/Files/issues/4529",
                        "state": "CLOSED",
                        "number": 4529,
                        "timelineItems": {
                            "nodes": []
                        }
                    },
                    {
                        "author": {
                            "login": "ItaloCunhaBueno"
                        },
                        "title": "Clicking outside filename box when renaming a file cancels the action.",
                        "url": "https://github.com/files-community/Files/issues/4521",
                        "state": "CLOSED",
                        "number": 4521,
                        "timelineItems": {
                            "nodes": [
                                {
                                    "source": {
                                        "author": {
                                            "login": "Zyo20"
                                        },
                                        "title": "File renaming",
                                        "url": "https://github.com/files-community/Files/issues/2945",
                                        "state": "CLOSED",
                                        "number": 2945,
                                        "__typename": "Issue"
                                    }
                                }
                            ]
                        }
                    },
                    {
                        "author": {
                            "login": "ItaloCunhaBueno"
                        },
                        "title": "Replacing an existing folder does not merge its content",
                        "url": "https://github.com/files-community/Files/issues/4520",
                        "state": "CLOSED",
                        "number": 4520,
                        "timelineItems": {
                            "nodes": []
                        }
                    },
                    {
                        "author": {
                            "login": "lettucemarcvel"
                        },
                        "title": "Trying to move a file of a location, that it's already open, does not show and message.",
                        "url": "https://github.com/files-community/Files/issues/4518",
                        "state": "CLOSED",
                        "number": 4518,
                        "timelineItems": {
                            "nodes": []
                        }
                    },
                    {
                        "author": {
                            "login": "Xwindow367"
                        },
                        "title": "Feature: Support for editing the timestamps accessed, modified and created + nanoseconds",
                        "url": "https://github.com/files-community/Files/issues/4516",
                        "state": "OPEN",
                        "number": 4516,
                        "timelineItems": {
                            "nodes": []
                        }
                    },
                    {
                        "author": {
                            "login": "baldaiacharles"
                        },
                        "title": "when creating a new file, the .docx needs to be introduced manually",
                        "url": "https://github.com/files-community/Files/issues/4514",
                        "state": "CLOSED",
                        "number": 4514,
                        "timelineItems": {
                            "nodes": []
                        }
                    },
                    {
                        "author": {
                            "login": "cinqmilleans"
                        },
                        "title": "Action New Tab always available",
                        "url": "https://github.com/files-community/Files/issues/4510",
                        "state": "CLOSED",
                        "number": 4510,
                        "timelineItems": {
                            "nodes": [
                                {
                                    "source": {
                                        "author": {
                                            "login": "cinqmilleans"
                                        },
                                        "title": "In sidebar, middle click opens item in new tab",
                                        "url": "https://github.com/files-community/Files/pull/4566",
                                        "state": "MERGED",
                                        "number": 4566,
                                        "__typename": "PullRequest"
                                    }
                                }
                            ]
                        }
                    },
                    {
                        "author": {
                            "login": "stevenbrix"
                        },
                        "title": "After renaming/editing files in WSL I need to manually refresh Files",
                        "url": "https://github.com/files-community/Files/issues/4497",
                        "state": "CLOSED",
                        "number": 4497,
                        "timelineItems": {
                            "nodes": []
                        }
                    },
                    {
                        "author": {
                            "login": "BlackBeltPanda"
                        },
                        "title": "Extremely slow opening context menu",
                        "url": "https://github.com/files-community/Files/issues/4496",
                        "state": "CLOSED",
                        "number": 4496,
                        "timelineItems": {
                            "nodes": []
                        }
                    },
                    {
                        "author": {
                            "login": "BlackBeltPanda"
                        },
                        "title": "Scroll with middle mouse click",
                        "url": "https://github.com/files-community/Files/issues/4495",
                        "state": "CLOSED",
                        "number": 4495,
                        "timelineItems": {
                            "nodes": [
                                {
                                    "source": {
                                        "author": {
                                            "login": "d2dyno1"
                                        },
                                        "title": "Added the option to use middle click to scroll",
                                        "url": "https://github.com/files-community/Files/pull/5065",
                                        "state": "MERGED",
                                        "number": 5065,
                                        "__typename": "PullRequest"
                                    }
                                }
                            ]
                        }
                    },
                    {
                        "author": {
                            "login": "BlackBeltPanda"
                        },
                        "title": "Can't double-click to open images",
                        "url": "https://github.com/files-community/Files/issues/4494",
                        "state": "CLOSED",
                        "number": 4494,
                        "timelineItems": {
                            "nodes": []
                        }
                    },
                    {
                        "author": {
                            "login": "andreadibartolo"
                        },
                        "title": "The hours (duration, when present) are not displayed in the preview pane on the right.",
                        "url": "https://github.com/files-community/Files/issues/4489",
                        "state": "CLOSED",
                        "number": 4489,
                        "timelineItems": {
                            "nodes": []
                        }
                    },
                    {
                        "author": {
                            "login": "crashmit"
                        },
                        "title": "Remove the \"Cloud Storage\" menu item, when there are no cloud storage services",
                        "url": "https://github.com/files-community/Files/issues/4485",
                        "state": "CLOSED",
                        "number": 4485,
                        "timelineItems": {
                            "nodes": []
                        }
                    },
                    {
                        "author": {
                            "login": "KibSquib48"
                        },
                        "title": "Files crashes on certain folders",
                        "url": "https://github.com/files-community/Files/issues/4475",
                        "state": "CLOSED",
                        "number": 4475,
                        "timelineItems": {
                            "nodes": []
                        }
                    },
                    {
                        "author": {
                            "login": "BelowZeroLH"
                        },
                        "title": "Hidden / System Files should use existing registry values from Explorer",
                        "url": "https://github.com/files-community/Files/issues/4473",
                        "state": "CLOSED",
                        "number": 4473,
                        "timelineItems": {
                            "nodes": []
                        }
                    },
                    {
                        "author": {
                            "login": "JamesIslan"
                        },
                        "title": "Add a pop-up explorer mode for Files",
                        "url": "https://github.com/files-community/Files/issues/4469",
                        "state": "CLOSED",
                        "number": 4469,
                        "timelineItems": {
                            "nodes": []
                        }
                    },
                    {
                        "author": {
                            "login": "carlosvsilva"
                        },
                        "title": "Pressing Alt while dragging and dropping file between directories should copy instead of move",
                        "url": "https://github.com/files-community/Files/issues/4467",
                        "state": "CLOSED",
                        "number": 4467,
                        "timelineItems": {
                            "nodes": []
                        }
                    },
                    {
                        "author": {
                            "login": "victormedica2"
                        },
                        "title": "i want to know something",
                        "url": "https://github.com/files-community/Files/issues/4465",
                        "state": "CLOSED",
                        "number": 4465,
                        "timelineItems": {
                            "nodes": []
                        }
                    },
                    {
                        "author": {
                            "login": "trulko"
                        },
                        "title": "Tweak sidebar padding for consistency",
                        "url": "https://github.com/files-community/Files/issues/4461",
                        "state": "CLOSED",
                        "number": 4461,
                        "timelineItems": {
                            "nodes": []
                        }
                    },
                    {
                        "author": {
                            "login": "almeidx"
                        },
                        "title": "Open folder from the address bar in a new tab by clicking on the mouse wheel",
                        "url": "https://github.com/files-community/Files/issues/4458",
                        "state": "CLOSED",
                        "number": 4458,
                        "timelineItems": {
                            "nodes": []
                        }
                    },
                    {
                        "author": {
                            "login": "HvadFanSkalJegHedde"
                        },
                        "title": "Setting to replace Win+E shortcut to open Files and not Windows File Explorer",
                        "url": "https://github.com/files-community/Files/issues/4452",
                        "state": "CLOSED",
                        "number": 4452,
                        "timelineItems": {
                            "nodes": []
                        }
                    },
                    {
                        "author": {
                            "login": "AkazaRenn"
                        },
                        "title": "New tab button disappears in a specific width",
                        "url": "https://github.com/files-community/Files/issues/4450",
                        "state": "CLOSED",
                        "number": 4450,
                        "timelineItems": {
                            "nodes": []
                        }
                    },
                    {
                        "author": {
                            "login": "trulko"
                        },
                        "title": "Image resolution in preview pane has too many decimal places",
                        "url": "https://github.com/files-community/Files/issues/4444",
                        "state": "CLOSED",
                        "number": 4444,
                        "timelineItems": {
                            "nodes": [
                                {
                                    "source": {
                                        "author": {
                                            "login": "winston-de"
                                        },
                                        "title": "Preview pane improvements & fixes",
                                        "url": "https://github.com/files-community/Files/pull/4431",
                                        "state": "MERGED",
                                        "number": 4431,
                                        "__typename": "PullRequest"
                                    }
                                }
                            ]
                        }
                    },
                    {
                        "author": {
                            "login": "garthh"
                        },
                        "title": "Nextcloud folder not displayed ",
                        "url": "https://github.com/files-community/Files/issues/4440",
                        "state": "CLOSED",
                        "number": 4440,
                        "timelineItems": {
                            "nodes": []
                        }
                    },
                    {
                        "author": {
                            "login": "cinqmilleans"
                        },
                        "title": "Double click on MultiSelect checkbox open the item",
                        "url": "https://github.com/files-community/Files/issues/4437",
                        "state": "CLOSED",
                        "number": 4437,
                        "timelineItems": {
                            "nodes": [
                                {
                                    "source": {
                                        "author": {
                                            "login": "cinqmilleans"
                                        },
                                        "title": "Fixed MultiSelect DoubleTap (#4437)",
                                        "url": "https://github.com/files-community/Files/pull/4438",
                                        "state": "MERGED",
                                        "number": 4438,
                                        "__typename": "PullRequest"
                                    }
                                }
                            ]
                        }
                    },
                    {
                        "author": {
                            "login": "kimlimjustin"
                        },
                        "title": "Automatically generate a new name for copied folder/file if copying from the same directory",
                        "url": "https://github.com/files-community/Files/issues/4435",
                        "state": "CLOSED",
                        "number": 4435,
                        "timelineItems": {
                            "nodes": []
                        }
                    },
                    {
                        "author": {
                            "login": "zahidislm"
                        },
                        "title": "Context menu not opening after searching in directory",
                        "url": "https://github.com/files-community/Files/issues/4433",
                        "state": "CLOSED",
                        "number": 4433,
                        "timelineItems": {
                            "nodes": []
                        }
                    },
                    {
                        "author": {
                            "login": "CarlosRivera4726"
                        },
                        "title": "Option for change icons",
                        "url": "https://github.com/files-community/Files/issues/4426",
                        "state": "CLOSED",
                        "number": 4426,
                        "timelineItems": {
                            "nodes": []
                        }
                    },
                    {
                        "author": {
                            "login": "JaiganeshKumaran"
                        },
                        "title": "Context menu issue with list view",
                        "url": "https://github.com/files-community/Files/issues/4422",
                        "state": "CLOSED",
                        "number": 4422,
                        "timelineItems": {
                            "nodes": []
                        }
                    },
                    {
                        "author": {
                            "login": "JaiganeshKumaran"
                        },
                        "title": "Share charm doesn't use the right theme when the app uses a different theme",
                        "url": "https://github.com/files-community/Files/issues/4421",
                        "state": "CLOSED",
                        "number": 4421,
                        "timelineItems": {
                            "nodes": [
                                {
                                    "source": {
                                        "author": {
                                            "login": "mafra99"
                                        },
                                        "title": "Use app theme for share flyout",
                                        "url": "https://github.com/files-community/Files/pull/4427",
                                        "state": "MERGED",
                                        "number": 4427,
                                        "__typename": "PullRequest"
                                    }
                                }
                            ]
                        }
                    },
                    {
                        "author": {
                            "login": "osieltorres"
                        },
                        "title": "App crashes inmediately after clean install while enabling dual pane view",
                        "url": "https://github.com/files-community/Files/issues/4417",
                        "state": "CLOSED",
                        "number": 4417,
                        "timelineItems": {
                            "nodes": []
                        }
                    },
                    {
                        "author": {
                            "login": "shuohao"
                        },
                        "title": "lost folder",
                        "url": "https://github.com/files-community/Files/issues/4407",
                        "state": "CLOSED",
                        "number": 4407,
                        "timelineItems": {
                            "nodes": []
                        }
                    },
                    {
                        "author": {
                            "login": "mbuschagen"
                        },
                        "title": "Dialog window disappears behind the Files Window when you select a zip file for extraction.",
                        "url": "https://github.com/files-community/Files/issues/4404",
                        "state": "CLOSED",
                        "number": 4404,
                        "timelineItems": {
                            "nodes": []
                        }
                    },
                    {
                        "author": {
                            "login": "LuanRoger"
                        },
                        "title": "Problem to switch the language",
                        "url": "https://github.com/files-community/Files/issues/4402",
                        "state": "CLOSED",
                        "number": 4402,
                        "timelineItems": {
                            "nodes": [
                                {
                                    "source": {
                                        "author": {
                                            "login": "LuanRoger"
                                        },
                                        "title": "Update translation: pt-BR, pt-PT",
                                        "url": "https://github.com/files-community/Files/pull/4416",
                                        "state": "MERGED",
                                        "number": 4416,
                                        "__typename": "PullRequest"
                                    }
                                }
                            ]
                        }
                    },
                    {
                        "author": {
                            "login": "SentientSandwich"
                        },
                        "title": "A way to sort files by date",
                        "url": "https://github.com/files-community/Files/issues/4381",
                        "state": "CLOSED",
                        "number": 4381,
                        "timelineItems": {
                            "nodes": []
                        }
                    },
                    {
                        "author": {
                            "login": "Josh65-2201"
                        },
                        "title": "Account protected network drive/computer are not usable",
                        "url": "https://github.com/files-community/Files/issues/4362",
                        "state": "CLOSED",
                        "number": 4362,
                        "timelineItems": {
                            "nodes": [
                                {
                                    "source": {
                                        "author": {
                                            "login": "mmajko"
                                        },
                                        "title": "Access windows network shares ",
                                        "url": "https://github.com/files-community/Files/issues/6238",
                                        "state": "CLOSED",
                                        "number": 6238,
                                        "__typename": "Issue"
                                    }
                                }
                            ]
                        }
                    },
                    {
                        "author": {
                            "login": "ascrs"
                        },
                        "title": "RENANE EXTENSION FILES",
                        "url": "https://github.com/files-community/Files/issues/4361",
                        "state": "CLOSED",
                        "number": 4361,
                        "timelineItems": {
                            "nodes": []
                        }
                    },
                    {
                        "author": null,
                        "title": "Actions in directories that require elevated permissions do not prompt for elevated permissions",
                        "url": "https://github.com/files-community/Files/issues/4358",
                        "state": "CLOSED",
                        "number": 4358,
                        "timelineItems": {
                            "nodes": []
                        }
                    },
                    {
                        "author": {
                            "login": "pc-v2"
                        },
                        "title": "Custom Icon For Sidebar",
                        "url": "https://github.com/files-community/Files/issues/4352",
                        "state": "CLOSED",
                        "number": 4352,
                        "timelineItems": {
                            "nodes": []
                        }
                    },
                    {
                        "author": {
                            "login": "pc-v2"
                        },
                        "title": "Add \"Pin to Start\" and \"Pin to Taskbar\" For Folders",
                        "url": "https://github.com/files-community/Files/issues/4351",
                        "state": "CLOSED",
                        "number": 4351,
                        "timelineItems": {
                            "nodes": []
                        }
                    },
                    {
                        "author": {
                            "login": "nando1988"
                        },
                        "title": "Rename pinned folders in sidebar",
                        "url": "https://github.com/files-community/Files/issues/4344",
                        "state": "CLOSED",
                        "number": 4344,
                        "timelineItems": {
                            "nodes": []
                        }
                    },
                    {
                        "author": {
                            "login": "Njsmooth"
                        },
                        "title": "Feature Request: Add \"do this for all items\" when moving files",
                        "url": "https://github.com/files-community/Files/issues/4341",
                        "state": "CLOSED",
                        "number": 4341,
                        "timelineItems": {
                            "nodes": []
                        }
                    },
                    {
                        "author": {
                            "login": "Blendinl"
                        },
                        "title": "Remove the cluster under search bar !!!",
                        "url": "https://github.com/files-community/Files/issues/4340",
                        "state": "CLOSED",
                        "number": 4340,
                        "timelineItems": {
                            "nodes": []
                        }
                    },
                    {
                        "author": {
                            "login": "timsu92"
                        },
                        "title": "Add ability to drag folder to the taskbar to pin the item",
                        "url": "https://github.com/files-community/Files/issues/4338",
                        "state": "CLOSED",
                        "number": 4338,
                        "timelineItems": {
                            "nodes": [
                                {
                                    "source": {
                                        "author": {
                                            "login": "xezrunner"
                                        },
                                        "title": "List pinned folders from Favorites in taskbar jumplist",
                                        "url": "https://github.com/files-community/Files/issues/5577",
                                        "state": "CLOSED",
                                        "number": 5577,
                                        "__typename": "Issue"
                                    }
                                }
                            ]
                        }
                    },
                    {
                        "author": {
                            "login": "binamralamsal"
                        },
                        "title": "Application Crashes when I turn on \"Enable Dual Pane View\"",
                        "url": "https://github.com/files-community/Files/issues/4336",
                        "state": "CLOSED",
                        "number": 4336,
                        "timelineItems": {
                            "nodes": [
                                {
                                    "source": {
                                        "author": {
                                            "login": "lukeblevins"
                                        },
                                        "title": "Move SidebarControl to MainPage",
                                        "url": "https://github.com/files-community/Files/pull/4313",
                                        "state": "MERGED",
                                        "number": 4313,
                                        "__typename": "PullRequest"
                                    }
                                },
                                {
                                    "source": {
                                        "author": {
                                            "login": "mitchbnj"
                                        },
                                        "title": "1.5.0.0 win 64 slightly buggy",
                                        "url": "https://github.com/files-community/Files/issues/4349",
                                        "state": "CLOSED",
                                        "number": 4349,
                                        "__typename": "Issue"
                                    }
                                }
                            ]
                        }
                    },
                    {
                        "author": {
                            "login": "p0ryae"
                        },
                        "title": "Drives blue sidebar missing on Files Startup",
                        "url": "https://github.com/files-community/Files/issues/4332",
                        "state": "CLOSED",
                        "number": 4332,
                        "timelineItems": {
                            "nodes": []
                        }
                    },
                    {
                        "author": {
                            "login": "SMSourov"
                        },
                        "title": "Unknown error.",
                        "url": "https://github.com/files-community/Files/issues/4330",
                        "state": "CLOSED",
                        "number": 4330,
                        "timelineItems": {
                            "nodes": [
                                {
                                    "source": {
                                        "author": {
                                            "login": "stanleyowen"
                                        },
                                        "title": "App Crashes After Deleting Multiple Files",
                                        "url": "https://github.com/files-community/Files/issues/4316",
                                        "state": "CLOSED",
                                        "number": 4316,
                                        "__typename": "Issue"
                                    }
                                },
                                {
                                    "source": {
                                        "author": {
                                            "login": "R3voA3"
                                        },
                                        "title": "App crashed when emptying recycle bin",
                                        "url": "https://github.com/files-community/Files/issues/3493",
                                        "state": "CLOSED",
                                        "number": 3493,
                                        "__typename": "Issue"
                                    }
                                }
                            ]
                        }
                    },
                    {
                        "author": {
                            "login": "abctan"
                        },
                        "title": "文件不刷新",
                        "url": "https://github.com/files-community/Files/issues/4323",
                        "state": "CLOSED",
                        "number": 4323,
                        "timelineItems": {
                            "nodes": []
                        }
                    },
                    {
                        "author": {
                            "login": "chriscross12324"
                        },
                        "title": "Files Crashes when Use High Contrast [System] is enabled",
                        "url": "https://github.com/files-community/Files/issues/4319",
                        "state": "CLOSED",
                        "number": 4319,
                        "timelineItems": {
                            "nodes": [
                                {
                                    "source": {
                                        "author": {
                                            "login": "yaira2"
                                        },
                                        "title": "Fixed an issue where Files would crash when using high contrast themes",
                                        "url": "https://github.com/files-community/Files/pull/4969",
                                        "state": "MERGED",
                                        "number": 4969,
                                        "__typename": "PullRequest"
                                    }
                                }
                            ]
                        }
                    },
                    {
                        "author": {
                            "login": "Xemanth"
                        },
                        "title": "Details view with thumbnails",
                        "url": "https://github.com/files-community/Files/issues/4318",
                        "state": "CLOSED",
                        "number": 4318,
                        "timelineItems": {
                            "nodes": []
                        }
                    },
                    {
                        "author": {
                            "login": "winston-de"
                        },
                        "title": "Sidebar visual glitch when dragging across displays",
                        "url": "https://github.com/files-community/Files/issues/4315",
                        "state": "CLOSED",
                        "number": 4315,
                        "timelineItems": {
                            "nodes": []
                        }
                    },
                    {
                        "author": {
                            "login": "dieggono"
                        },
                        "title": "Doesn't work with wacom tablet",
                        "url": "https://github.com/files-community/Files/issues/4307",
                        "state": "CLOSED",
                        "number": 4307,
                        "timelineItems": {
                            "nodes": []
                        }
                    },
                    {
                        "author": {
                            "login": "SD-5"
                        },
                        "title": "Pin to start missing on V1.5 from MS store",
                        "url": "https://github.com/files-community/Files/issues/4302",
                        "state": "CLOSED",
                        "number": 4302,
                        "timelineItems": {
                            "nodes": []
                        }
                    },
                    {
                        "author": {
                            "login": "torstees"
                        },
                        "title": "Add Support For folder.jpg When Showing Directories as Icons",
                        "url": "https://github.com/files-community/Files/issues/4297",
                        "state": "CLOSED",
                        "number": 4297,
                        "timelineItems": {
                            "nodes": []
                        }
                    },
                    {
                        "author": {
                            "login": "kleuton05"
                        },
                        "title": "blurred icons",
                        "url": "https://github.com/files-community/Files/issues/4295",
                        "state": "CLOSED",
                        "number": 4295,
                        "timelineItems": {
                            "nodes": []
                        }
                    },
                    {
                        "author": {
                            "login": "SMSourov"
                        },
                        "title": "No warnings.",
                        "url": "https://github.com/files-community/Files/issues/4294",
                        "state": "CLOSED",
                        "number": 4294,
                        "timelineItems": {
                            "nodes": []
                        }
                    },
                    {
                        "author": {
                            "login": "cyberczar"
                        },
                        "title": "Files acts more like Mac Finder and NOT Windows Explorer",
                        "url": "https://github.com/files-community/Files/issues/4285",
                        "state": "CLOSED",
                        "number": 4285,
                        "timelineItems": {
                            "nodes": []
                        }
                    },
                    {
                        "author": {
                            "login": "YHZ-EPIC"
                        },
                        "title": "Please Add these features , I will be highly thankful",
                        "url": "https://github.com/files-community/Files/issues/4280",
                        "state": "CLOSED",
                        "number": 4280,
                        "timelineItems": {
                            "nodes": []
                        }
                    },
                    {
                        "author": {
                            "login": "minhnd-dev"
                        },
                        "title": "Can you make this feature: when I press Windows + E, this files open instead of Windows Explorer",
                        "url": "https://github.com/files-community/Files/issues/4274",
                        "state": "CLOSED",
                        "number": 4274,
                        "timelineItems": {
                            "nodes": []
                        }
                    },
                    {
                        "author": {
                            "login": "pc-v2"
                        },
                        "title": "Android MTP Does not show real progress bar",
                        "url": "https://github.com/files-community/Files/issues/4270",
                        "state": "CLOSED",
                        "number": 4270,
                        "timelineItems": {
                            "nodes": []
                        }
                    },
                    {
                        "author": {
                            "login": "MalvadoChefe"
                        },
                        "title": "Add protocol tags and file types to be able to make it the default in system settings",
                        "url": "https://github.com/files-community/Files/issues/4261",
                        "state": "CLOSED",
                        "number": 4261,
                        "timelineItems": {
                            "nodes": []
                        }
                    },
                    {
                        "author": {
                            "login": "nt4f04uNd"
                        },
                        "title": "no \"Open\" and \"Open with\" buttons on .zip archives",
                        "url": "https://github.com/files-community/Files/issues/4259",
                        "state": "CLOSED",
                        "number": 4259,
                        "timelineItems": {
                            "nodes": [
                                {
                                    "source": {
                                        "author": {
                                            "login": "BanCrash"
                                        },
                                        "title": "Added Open with to Zip files",
                                        "url": "https://github.com/files-community/Files/pull/6022",
                                        "state": "MERGED",
                                        "number": 6022,
                                        "__typename": "PullRequest"
                                    }
                                }
                            ]
                        }
                    },
                    {
                        "author": {
                            "login": "nt4f04uNd"
                        },
                        "title": "app preview shows media playback controls",
                        "url": "https://github.com/files-community/Files/issues/4255",
                        "state": "CLOSED",
                        "number": 4255,
                        "timelineItems": {
                            "nodes": []
                        }
                    },
                    {
                        "author": {
                            "login": "nt4f04uNd"
                        },
                        "title": "file is deleted on drag and drop from desktop cancel",
                        "url": "https://github.com/files-community/Files/issues/4252",
                        "state": "CLOSED",
                        "number": 4252,
                        "timelineItems": {
                            "nodes": []
                        }
                    },
                    {
                        "author": {
                            "login": "SiRo24"
                        },
                        "title": "Customizable sidebar",
                        "url": "https://github.com/files-community/Files/issues/4242",
                        "state": "CLOSED",
                        "number": 4242,
                        "timelineItems": {
                            "nodes": []
                        }
                    },
                    {
                        "author": {
                            "login": "generalguy41"
                        },
                        "title": "Display Options flyout disappears after a few seconds only for Details and Tiles view",
                        "url": "https://github.com/files-community/Files/issues/4240",
                        "state": "CLOSED",
                        "number": 4240,
                        "timelineItems": {
                            "nodes": [
                                {
                                    "source": {
                                        "author": {
                                            "login": "austin-dudzik"
                                        },
                                        "title": "Layout popup closes only when selecting Details view",
                                        "url": "https://github.com/files-community/Files/issues/5759",
                                        "state": "CLOSED",
                                        "number": 5759,
                                        "__typename": "Issue"
                                    }
                                }
                            ]
                        }
                    },
                    {
                        "author": {
                            "login": "mclaudiopt"
                        },
                        "title": "Translation PT-PT",
                        "url": "https://github.com/files-community/Files/issues/4237",
                        "state": "CLOSED",
                        "number": 4237,
                        "timelineItems": {
                            "nodes": []
                        }
                    },
                    {
                        "author": {
                            "login": "chuchanpr"
                        },
                        "title": "Provide option to resize widgets",
                        "url": "https://github.com/files-community/Files/issues/4233",
                        "state": "CLOSED",
                        "number": 4233,
                        "timelineItems": {
                            "nodes": []
                        }
                    },
                    {
                        "author": {
                            "login": "chuchanpr"
                        },
                        "title": "Slide menu should move to normal state when clicking on the items in collapsed state",
                        "url": "https://github.com/files-community/Files/issues/4232",
                        "state": "CLOSED",
                        "number": 4232,
                        "timelineItems": {
                            "nodes": []
                        }
                    },
                    {
                        "author": {
                            "login": "R3voA3"
                        },
                        "title": "Enhancement: Add a way to cancel a search",
                        "url": "https://github.com/files-community/Files/issues/4231",
                        "state": "CLOSED",
                        "number": 4231,
                        "timelineItems": {
                            "nodes": [
                                {
                                    "source": {
                                        "author": {
                                            "login": "winston-de"
                                        },
                                        "title": "Search enhancements",
                                        "url": "https://github.com/files-community/Files/pull/5842",
                                        "state": "MERGED",
                                        "number": 5842,
                                        "__typename": "PullRequest"
                                    }
                                }
                            ]
                        }
                    },
                    {
                        "author": {
                            "login": "sawa-ko"
                        },
                        "title": ".zip files do not have an icon",
                        "url": "https://github.com/files-community/Files/issues/4228",
                        "state": "CLOSED",
                        "number": 4228,
                        "timelineItems": {
                            "nodes": [
                                {
                                    "source": {
                                        "author": {
                                            "login": "Richard-HM"
                                        },
                                        "title": "Crash when trying to rename an item",
                                        "url": "https://github.com/files-community/Files/issues/4425",
                                        "state": "CLOSED",
                                        "number": 4425,
                                        "__typename": "Issue"
                                    }
                                }
                            ]
                        }
                    },
                    {
                        "author": {
                            "login": "KristofKekesi"
                        },
                        "title": "Properties window multiple background colors",
                        "url": "https://github.com/files-community/Files/issues/4226",
                        "state": "CLOSED",
                        "number": 4226,
                        "timelineItems": {
                            "nodes": [
                                {
                                    "source": {
                                        "author": {
                                            "login": "winston-de"
                                        },
                                        "title": "Updated properties dialog background design",
                                        "url": "https://github.com/files-community/Files/pull/4704",
                                        "state": "MERGED",
                                        "number": 4704,
                                        "__typename": "PullRequest"
                                    }
                                }
                            ]
                        }
                    },
                    {
                        "author": {
                            "login": "harismuntazir"
                        },
                        "title": "Option to choose Details or Icons once for everwhere.",
                        "url": "https://github.com/files-community/Files/issues/4224",
                        "state": "CLOSED",
                        "number": 4224,
                        "timelineItems": {
                            "nodes": []
                        }
                    },
                    {
                        "author": {
                            "login": "asuetin"
                        },
                        "title": "Make card backgrounds on the home page lighter",
                        "url": "https://github.com/files-community/Files/issues/4184",
                        "state": "CLOSED",
                        "number": 4184,
                        "timelineItems": {
                            "nodes": []
                        }
                    },
                    {
                        "author": {
                            "login": "CyrilCharlier"
                        },
                        "title": "New Directory",
                        "url": "https://github.com/files-community/Files/issues/4183",
                        "state": "CLOSED",
                        "number": 4183,
                        "timelineItems": {
                            "nodes": []
                        }
                    },
                    {
                        "author": null,
                        "title": "oneDrive上的图片打不开",
                        "url": "https://github.com/files-community/Files/issues/4182",
                        "state": "CLOSED",
                        "number": 4182,
                        "timelineItems": {
                            "nodes": []
                        }
                    },
                    {
                        "author": {
                            "login": "ryohandoko9056"
                        },
                        "title": "Ability to set Files as default the File Explorer in Windows.",
                        "url": "https://github.com/files-community/Files/issues/4181",
                        "state": "CLOSED",
                        "number": 4181,
                        "timelineItems": {
                            "nodes": []
                        }
                    },
                    {
                        "author": {
                            "login": "yann-mrt"
                        },
                        "title": "Folder size",
                        "url": "https://github.com/files-community/Files/issues/4174",
                        "state": "CLOSED",
                        "number": 4174,
                        "timelineItems": {
                            "nodes": []
                        }
                    },
                    {
                        "author": {
                            "login": "Richard-HM"
                        },
                        "title": "Indicate if the network drive is disconnected by updating its icon",
                        "url": "https://github.com/files-community/Files/issues/4173",
                        "state": "CLOSED",
                        "number": 4173,
                        "timelineItems": {
                            "nodes": []
                        }
                    },
                    {
                        "author": {
                            "login": "TheYggdrazil"
                        },
                        "title": "Clearcase menu item not showing in context menu",
                        "url": "https://github.com/files-community/Files/issues/4172",
                        "state": "CLOSED",
                        "number": 4172,
                        "timelineItems": {
                            "nodes": []
                        }
                    },
                    {
                        "author": {
                            "login": "winston-de"
                        },
                        "title": "Duplicate WSL sidebar items",
                        "url": "https://github.com/files-community/Files/issues/4164",
                        "state": "CLOSED",
                        "number": 4164,
                        "timelineItems": {
                            "nodes": [
                                {
                                    "source": {
                                        "author": {
                                            "login": "gave92"
                                        },
                                        "title": "Fixes an issue for which duplicate WSL sections appeared on sidebar",
                                        "url": "https://github.com/files-community/Files/pull/4193",
                                        "state": "MERGED",
                                        "number": 4193,
                                        "__typename": "PullRequest"
                                    }
                                }
                            ]
                        }
                    },
                    {
                        "author": {
                            "login": "R3voA3"
                        },
                        "title": "Collapsible sidebar should remember collapsed state of sub entries",
                        "url": "https://github.com/files-community/Files/issues/4163",
                        "state": "CLOSED",
                        "number": 4163,
                        "timelineItems": {
                            "nodes": []
                        }
                    },
                    {
                        "author": {
                            "login": "jadamnoah"
                        },
                        "title": "ongoing tasks does not seem to work correctly",
                        "url": "https://github.com/files-community/Files/issues/4160",
                        "state": "CLOSED",
                        "number": 4160,
                        "timelineItems": {
                            "nodes": []
                        }
                    },
                    {
                        "author": {
                            "login": "mtratchet16"
                        },
                        "title": "Allow pinning external drives to the sidebar",
                        "url": "https://github.com/files-community/Files/issues/4157",
                        "state": "CLOSED",
                        "number": 4157,
                        "timelineItems": {
                            "nodes": []
                        }
                    },
                    {
                        "author": {
                            "login": "mtratchet16"
                        },
                        "title": "Custom Folder Icons",
                        "url": "https://github.com/files-community/Files/issues/4154",
                        "state": "CLOSED",
                        "number": 4154,
                        "timelineItems": {
                            "nodes": []
                        }
                    },
                    {
                        "author": {
                            "login": "amarese"
                        },
                        "title": "The Arabian message is shown for byte size unit when I set language to Korean",
                        "url": "https://github.com/files-community/Files/issues/4148",
                        "state": "CLOSED",
                        "number": 4148,
                        "timelineItems": {
                            "nodes": []
                        }
                    },
                    {
                        "author": {
                            "login": "nreynis"
                        },
                        "title": "Taskbar should have current directory name",
                        "url": "https://github.com/files-community/Files/issues/4142",
                        "state": "CLOSED",
                        "number": 4142,
                        "timelineItems": {
                            "nodes": []
                        }
                    },
                    {
                        "author": null,
                        "title": "Play/pause bar appears when focusing in taskbar",
                        "url": "https://github.com/files-community/Files/issues/4140",
                        "state": "CLOSED",
                        "number": 4140,
                        "timelineItems": {
                            "nodes": []
                        }
                    },
                    {
                        "author": {
                            "login": "Vini-Pires"
                        },
                        "title": "Error in the traduction to portuguese",
                        "url": "https://github.com/files-community/Files/issues/4137",
                        "state": "CLOSED",
                        "number": 4137,
                        "timelineItems": {
                            "nodes": []
                        }
                    },
                    {
                        "author": {
                            "login": "luisnt"
                        },
                        "title": "Language Portuguese! It is not completely defined.",
                        "url": "https://github.com/files-community/Files/issues/4136",
                        "state": "CLOSED",
                        "number": 4136,
                        "timelineItems": {
                            "nodes": [
                                {
                                    "source": {
                                        "author": {
                                            "login": "SC24Jan"
                                        },
                                        "title": "Copy & Paste does not work in conjunction with Windows Remote Desktop",
                                        "url": "https://github.com/files-community/Files/issues/5341",
                                        "state": "CLOSED",
                                        "number": 5341,
                                        "__typename": "Issue"
                                    }
                                }
                            ]
                        }
                    }
                ]
            }
        }
    }
}