{
    "data": {
        "repository": {
            "issues": {
                "pageInfo": {
                    "endCursor": "Y3Vyc29yOnYyOpICziwgWYM="
                },
                "nodes": [
                    {
                        "author": {
                            "login": "MarathonMax"
                        },
                        "title": "Quick view using spacebar",
                        "url": "https://github.com/files-community/Files/issues/3222",
                        "state": "CLOSED",
                        "number": 3222,
                        "timelineItems": {
                            "nodes": []
                        }
                    },
                    {
                        "author": {
                            "login": "AbdoLaatiba"
                        },
                        "title": "The program crushes when i click on any drive on my pc ",
                        "url": "https://github.com/files-community/Files/issues/3212",
                        "state": "CLOSED",
                        "number": 3212,
                        "timelineItems": {
                            "nodes": []
                        }
                    },
                    {
                        "author": {
                            "login": "LazaroBC"
                        },
                        "title": "recicle bin",
                        "url": "https://github.com/files-community/Files/issues/3209",
                        "state": "CLOSED",
                        "number": 3209,
                        "timelineItems": {
                            "nodes": []
                        }
                    },
                    {
                        "author": {
                            "login": "ernestomiralles"
                        },
                        "title": "I can't see the files in Onedrive ",
                        "url": "https://github.com/files-community/Files/issues/3208",
                        "state": "CLOSED",
                        "number": 3208,
                        "timelineItems": {
                            "nodes": []
                        }
                    },
                    {
                        "author": {
                            "login": "primorolo"
                        },
                        "title": "Allow change position of tabs and sidebar",
                        "url": "https://github.com/files-community/Files/issues/3199",
                        "state": "CLOSED",
                        "number": 3199,
                        "timelineItems": {
                            "nodes": []
                        }
                    },
                    {
                        "author": {
                            "login": "sanbausan"
                        },
                        "title": "File preview in FILES 1.1.0.0",
                        "url": "https://github.com/files-community/Files/issues/3198",
                        "state": "CLOSED",
                        "number": 3198,
                        "timelineItems": {
                            "nodes": []
                        }
                    },
                    {
                        "author": {
                            "login": "gmusa"
                        },
                        "title": "Not showing complete list of drive ",
                        "url": "https://github.com/files-community/Files/issues/3190",
                        "state": "CLOSED",
                        "number": 3190,
                        "timelineItems": {
                            "nodes": []
                        }
                    },
                    {
                        "author": {
                            "login": "Kuroncho"
                        },
                        "title": "Sort content by creation date.",
                        "url": "https://github.com/files-community/Files/issues/3189",
                        "state": "CLOSED",
                        "number": 3189,
                        "timelineItems": {
                            "nodes": [
                                {
                                    "source": {
                                        "author": {
                                            "login": "BrianAllred"
                                        },
                                        "title": "Implement DateCreated column",
                                        "url": "https://github.com/files-community/Files/pull/3123",
                                        "state": "MERGED",
                                        "number": 3123,
                                        "__typename": "PullRequest"
                                    }
                                }
                            ]
                        }
                    },
                    {
                        "author": {
                            "login": "BRabbitG"
                        },
                        "title": "Preview",
                        "url": "https://github.com/files-community/Files/issues/3181",
                        "state": "CLOSED",
                        "number": 3181,
                        "timelineItems": {
                            "nodes": []
                        }
                    },
                    {
                        "author": {
                            "login": "hez2010"
                        },
                        "title": "FilesFullTrust process crashes for Access Violation Exception",
                        "url": "https://github.com/files-community/Files/issues/3163",
                        "state": "CLOSED",
                        "number": 3163,
                        "timelineItems": {
                            "nodes": [
                                {
                                    "source": {
                                        "author": {
                                            "login": "weiba0"
                                        },
                                        "title": "Recycle bin won't refresh automatically after clearing it",
                                        "url": "https://github.com/files-community/Files/issues/3623",
                                        "state": "CLOSED",
                                        "number": 3623,
                                        "__typename": "Issue"
                                    }
                                },
                                {
                                    "source": {
                                        "author": {
                                            "login": "gave92"
                                        },
                                        "title": "Improve folder enumeration speed",
                                        "url": "https://github.com/files-community/Files/pull/4199",
                                        "state": "MERGED",
                                        "number": 4199,
                                        "__typename": "PullRequest"
                                    }
                                },
                                {
                                    "source": {
                                        "author": {
                                            "login": "gave92"
                                        },
                                        "title": "[Testing only] - Load icons from FTP only for hidden and shortcut files",
                                        "url": "https://github.com/files-community/Files/pull/4205",
                                        "state": "CLOSED",
                                        "number": 4205,
                                        "__typename": "PullRequest"
                                    }
                                }
                            ]
                        }
                    },
                    {
                        "author": {
                            "login": "m4lebranche"
                        },
                        "title": "Moving folder with hidden files inside results in lost files",
                        "url": "https://github.com/files-community/Files/issues/3140",
                        "state": "CLOSED",
                        "number": 3140,
                        "timelineItems": {
                            "nodes": []
                        }
                    },
                    {
                        "author": {
                            "login": "d2dyno1"
                        },
                        "title": "Crash while closing file properties",
                        "url": "https://github.com/files-community/Files/issues/3139",
                        "state": "CLOSED",
                        "number": 3139,
                        "timelineItems": {
                            "nodes": []
                        }
                    },
                    {
                        "author": {
                            "login": "meowao"
                        },
                        "title": "quickly play audio files like MacOS",
                        "url": "https://github.com/files-community/Files/issues/3134",
                        "state": "CLOSED",
                        "number": 3134,
                        "timelineItems": {
                            "nodes": []
                        }
                    },
                    {
                        "author": {
                            "login": "btxtiger"
                        },
                        "title": "Add a real scrollbar",
                        "url": "https://github.com/files-community/Files/issues/3115",
                        "state": "CLOSED",
                        "number": 3115,
                        "timelineItems": {
                            "nodes": []
                        }
                    },
                    {
                        "author": {
                            "login": "stanleyowen"
                        },
                        "title": "\"Open With\" Button Seems not to Work In Specific Extension of File (.js, .py, etc)",
                        "url": "https://github.com/files-community/Files/issues/3112",
                        "state": "CLOSED",
                        "number": 3112,
                        "timelineItems": {
                            "nodes": []
                        }
                    },
                    {
                        "author": {
                            "login": "v-aravind"
                        },
                        "title": "Issue with single-click to open items after scrolling",
                        "url": "https://github.com/files-community/Files/issues/3107",
                        "state": "CLOSED",
                        "number": 3107,
                        "timelineItems": {
                            "nodes": []
                        }
                    },
                    {
                        "author": {
                            "login": "MostHated"
                        },
                        "title": "Getting duplicate folders displayed when viewing SMB network share with \"Continue where you left off\" turned on",
                        "url": "https://github.com/files-community/Files/issues/3102",
                        "state": "CLOSED",
                        "number": 3102,
                        "timelineItems": {
                            "nodes": []
                        }
                    },
                    {
                        "author": {
                            "login": "shassaan"
                        },
                        "title": "Windows terminal support",
                        "url": "https://github.com/files-community/Files/issues/3097",
                        "state": "CLOSED",
                        "number": 3097,
                        "timelineItems": {
                            "nodes": []
                        }
                    },
                    {
                        "author": {
                            "login": "stanleyowen"
                        },
                        "title": "Files Ran Into a Problem when Path is Empty",
                        "url": "https://github.com/files-community/Files/issues/3086",
                        "state": "CLOSED",
                        "number": 3086,
                        "timelineItems": {
                            "nodes": []
                        }
                    },
                    {
                        "author": {
                            "login": "hr8mwrr"
                        },
                        "title": "Is there any solution to restore 'Control Panel'?",
                        "url": "https://github.com/files-community/Files/issues/3079",
                        "state": "CLOSED",
                        "number": 3079,
                        "timelineItems": {
                            "nodes": []
                        }
                    },
                    {
                        "author": {
                            "login": "rusti4"
                        },
                        "title": "Multiple Windows Open on right click",
                        "url": "https://github.com/files-community/Files/issues/3078",
                        "state": "CLOSED",
                        "number": 3078,
                        "timelineItems": {
                            "nodes": []
                        }
                    },
                    {
                        "author": {
                            "login": "cmarkwick365"
                        },
                        "title": "package depends on a framework that could not be found. Provide the framework \"Microsoft.UI.Xaml.2.5\"",
                        "url": "https://github.com/files-community/Files/issues/3070",
                        "state": "CLOSED",
                        "number": 3070,
                        "timelineItems": {
                            "nodes": []
                        }
                    },
                    {
                        "author": {
                            "login": "mikevh"
                        },
                        "title": "Refreshing directory of mapped drive duplicates all entries",
                        "url": "https://github.com/files-community/Files/issues/3060",
                        "state": "CLOSED",
                        "number": 3060,
                        "timelineItems": {
                            "nodes": []
                        }
                    },
                    {
                        "author": {
                            "login": "Brilbroeder"
                        },
                        "title": "Different view-styles of folder content",
                        "url": "https://github.com/files-community/Files/issues/3049",
                        "state": "CLOSED",
                        "number": 3049,
                        "timelineItems": {
                            "nodes": []
                        }
                    },
                    {
                        "author": {
                            "login": "Brutaller"
                        },
                        "title": "Hotkey Ctrl+N issue",
                        "url": "https://github.com/files-community/Files/issues/3048",
                        "state": "CLOSED",
                        "number": 3048,
                        "timelineItems": {
                            "nodes": []
                        }
                    },
                    {
                        "author": {
                            "login": "Hefaistos68"
                        },
                        "title": "Ejecting removeable drives should close related tabs",
                        "url": "https://github.com/files-community/Files/issues/3026",
                        "state": "CLOSED",
                        "number": 3026,
                        "timelineItems": {
                            "nodes": []
                        }
                    },
                    {
                        "author": {
                            "login": "Hefaistos68"
                        },
                        "title": "Taskbar app windows have \"Media\" buttons ?",
                        "url": "https://github.com/files-community/Files/issues/3025",
                        "state": "CLOSED",
                        "number": 3025,
                        "timelineItems": {
                            "nodes": []
                        }
                    },
                    {
                        "author": {
                            "login": "MBuelowius"
                        },
                        "title": "Windows 10X support",
                        "url": "https://github.com/files-community/Files/issues/3019",
                        "state": "CLOSED",
                        "number": 3019,
                        "timelineItems": {
                            "nodes": []
                        }
                    },
                    {
                        "author": {
                            "login": "Hefaistos68"
                        },
                        "title": "Support drop targets ",
                        "url": "https://github.com/files-community/Files/issues/3013",
                        "state": "CLOSED",
                        "number": 3013,
                        "timelineItems": {
                            "nodes": [
                                {
                                    "source": {
                                        "author": {
                                            "login": "winston-de"
                                        },
                                        "title": "Added support for executables as drop targets",
                                        "url": "https://github.com/files-community/Files/pull/4737",
                                        "state": "MERGED",
                                        "number": 4737,
                                        "__typename": "PullRequest"
                                    }
                                }
                            ]
                        }
                    },
                    {
                        "author": {
                            "login": "Hefaistos68"
                        },
                        "title": "Visual state of selected items not correctly updated",
                        "url": "https://github.com/files-community/Files/issues/3012",
                        "state": "CLOSED",
                        "number": 3012,
                        "timelineItems": {
                            "nodes": []
                        }
                    },
                    {
                        "author": {
                            "login": "trama"
                        },
                        "title": "Add an option to switch to Compact theme of WinUI for desktop usability",
                        "url": "https://github.com/files-community/Files/issues/3009",
                        "state": "CLOSED",
                        "number": 3009,
                        "timelineItems": {
                            "nodes": [
                                {
                                    "source": {
                                        "author": {
                                            "login": "stamminator"
                                        },
                                        "title": "Provide tighter spacing options for visual elements",
                                        "url": "https://github.com/files-community/Files/issues/1143",
                                        "state": "CLOSED",
                                        "number": 1143,
                                        "__typename": "Issue"
                                    }
                                },
                                {
                                    "source": {
                                        "author": null,
                                        "title": "Layout Mode and Group By",
                                        "url": "https://github.com/files-community/Files/issues/5661",
                                        "state": "CLOSED",
                                        "number": 5661,
                                        "__typename": "Issue"
                                    }
                                },
                                {
                                    "source": {
                                        "author": {
                                            "login": "soraphis"
                                        },
                                        "title": "Add option for compact layout",
                                        "url": "https://github.com/files-community/Files/issues/1940",
                                        "state": "CLOSED",
                                        "number": 1940,
                                        "__typename": "Issue"
                                    }
                                }
                            ]
                        }
                    },
                    {
                        "author": {
                            "login": "sara945"
                        },
                        "title": "Add \"Date created\" to the column",
                        "url": "https://github.com/files-community/Files/issues/2998",
                        "state": "CLOSED",
                        "number": 2998,
                        "timelineItems": {
                            "nodes": [
                                {
                                    "source": {
                                        "author": {
                                            "login": "sara945"
                                        },
                                        "title": "Add more date/time formats or the option to set a custom one",
                                        "url": "https://github.com/files-community/Files/issues/3082",
                                        "state": "CLOSED",
                                        "number": 3082,
                                        "__typename": "Issue"
                                    }
                                }
                            ]
                        }
                    },
                    {
                        "author": {
                            "login": "Hefaistos68"
                        },
                        "title": "Mounted but not connected network drives do not produce warnings or errors",
                        "url": "https://github.com/files-community/Files/issues/2985",
                        "state": "CLOSED",
                        "number": 2985,
                        "timelineItems": {
                            "nodes": []
                        }
                    },
                    {
                        "author": {
                            "login": "marcelwgn"
                        },
                        "title": "Search box doesn't put focus when opened first time via keyboard",
                        "url": "https://github.com/files-community/Files/issues/2982",
                        "state": "CLOSED",
                        "number": 2982,
                        "timelineItems": {
                            "nodes": [
                                {
                                    "source": {
                                        "author": {
                                            "login": "Hefaistos68"
                                        },
                                        "title": "Search field does not receive focus when clicking on the lens symbol",
                                        "url": "https://github.com/files-community/Files/issues/2981",
                                        "state": "CLOSED",
                                        "number": 2981,
                                        "__typename": "Issue"
                                    }
                                },
                                {
                                    "source": {
                                        "author": {
                                            "login": "marcelwgn"
                                        },
                                        "title": "Search area: Fix bug where opening the search ASB for the first time would fail to move focus",
                                        "url": "https://github.com/files-community/Files/pull/2996",
                                        "state": "MERGED",
                                        "number": 2996,
                                        "__typename": "PullRequest"
                                    }
                                }
                            ]
                        }
                    },
                    {
                        "author": {
                            "login": "Hefaistos68"
                        },
                        "title": "Using Alt+Enter (Properties) repeatedly crashes app",
                        "url": "https://github.com/files-community/Files/issues/2978",
                        "state": "CLOSED",
                        "number": 2978,
                        "timelineItems": {
                            "nodes": []
                        }
                    },
                    {
                        "author": {
                            "login": "generalguy41"
                        },
                        "title": "Cannot rename items by pressing twice with the mouse in views other than details view.",
                        "url": "https://github.com/files-community/Files/issues/2975",
                        "state": "CLOSED",
                        "number": 2975,
                        "timelineItems": {
                            "nodes": []
                        }
                    },
                    {
                        "author": {
                            "login": "MaravicMarko"
                        },
                        "title": "Slow move operation",
                        "url": "https://github.com/files-community/Files/issues/2955",
                        "state": "CLOSED",
                        "number": 2955,
                        "timelineItems": {
                            "nodes": [
                                {
                                    "source": {
                                        "author": {
                                            "login": "gave92"
                                        },
                                        "title": "Improved file transfer operations",
                                        "url": "https://github.com/files-community/Files/pull/3030",
                                        "state": "MERGED",
                                        "number": 3030,
                                        "__typename": "PullRequest"
                                    }
                                }
                            ]
                        }
                    },
                    {
                        "author": {
                            "login": "MaravicMarko"
                        },
                        "title": "Drag & Drop for single file not working",
                        "url": "https://github.com/files-community/Files/issues/2953",
                        "state": "CLOSED",
                        "number": 2953,
                        "timelineItems": {
                            "nodes": []
                        }
                    },
                    {
                        "author": {
                            "login": "crashmit"
                        },
                        "title": "Put folders above files when \"Sorted by Name\"",
                        "url": "https://github.com/files-community/Files/issues/2933",
                        "state": "CLOSED",
                        "number": 2933,
                        "timelineItems": {
                            "nodes": []
                        }
                    },
                    {
                        "author": {
                            "login": "iseeghosts"
                        },
                        "title": "App not showing C: drive in neither navigation pane nor Home.",
                        "url": "https://github.com/files-community/Files/issues/2931",
                        "state": "CLOSED",
                        "number": 2931,
                        "timelineItems": {
                            "nodes": []
                        }
                    },
                    {
                        "author": {
                            "login": "nimmiexe"
                        },
                        "title": "Resize gridview size when resizing Files window?",
                        "url": "https://github.com/files-community/Files/issues/2929",
                        "state": "CLOSED",
                        "number": 2929,
                        "timelineItems": {
                            "nodes": []
                        }
                    },
                    {
                        "author": {
                            "login": "nimmiexe"
                        },
                        "title": "Add possibility to move the tab bar to the sides or bottom like the windows taskbar ",
                        "url": "https://github.com/files-community/Files/issues/2926",
                        "state": "CLOSED",
                        "number": 2926,
                        "timelineItems": {
                            "nodes": []
                        }
                    },
                    {
                        "author": {
                            "login": "Fa310tx"
                        },
                        "title": "List Layout Mode And Option To Define Size",
                        "url": "https://github.com/files-community/Files/issues/2920",
                        "state": "CLOSED",
                        "number": 2920,
                        "timelineItems": {
                            "nodes": []
                        }
                    },
                    {
                        "author": {
                            "login": "tgrelka"
                        },
                        "title": "Mouse 4 and 5 navigate both panes in Dual Pane View.",
                        "url": "https://github.com/files-community/Files/issues/2910",
                        "state": "CLOSED",
                        "number": 2910,
                        "timelineItems": {
                            "nodes": [
                                {
                                    "source": {
                                        "author": null,
                                        "title": "Using back/forward mouse buttons in dual pane broken",
                                        "url": "https://github.com/files-community/Files/issues/3463",
                                        "state": "CLOSED",
                                        "number": 3463,
                                        "__typename": "Issue"
                                    }
                                },
                                {
                                    "source": {
                                        "author": {
                                            "login": "gave92"
                                        },
                                        "title": "Fixes back/forward mouse buttons in dual pane mode",
                                        "url": "https://github.com/files-community/Files/pull/3465",
                                        "state": "MERGED",
                                        "number": 3465,
                                        "__typename": "PullRequest"
                                    }
                                }
                            ]
                        }
                    },
                    {
                        "author": {
                            "login": "d2dyno1"
                        },
                        "title": "Video preview in settings page",
                        "url": "https://github.com/files-community/Files/issues/2905",
                        "state": "CLOSED",
                        "number": 2905,
                        "timelineItems": {
                            "nodes": [
                                {
                                    "source": {
                                        "author": {
                                            "login": "d2dyno1"
                                        },
                                        "title": "Added adaptive layout modes",
                                        "url": "https://github.com/files-community/Files/pull/3526",
                                        "state": "MERGED",
                                        "number": 3526,
                                        "__typename": "PullRequest"
                                    }
                                }
                            ]
                        }
                    },
                    {
                        "author": {
                            "login": "Starz0r"
                        },
                        "title": "Respect folder configurations by reading desktop.ini metadata",
                        "url": "https://github.com/files-community/Files/issues/2899",
                        "state": "CLOSED",
                        "number": 2899,
                        "timelineItems": {
                            "nodes": [
                                {
                                    "source": {
                                        "author": {
                                            "login": "nathanielcwm"
                                        },
                                        "title": "Files doesn't obey custom folder icon settings.",
                                        "url": "https://github.com/files-community/Files/issues/2896",
                                        "state": "CLOSED",
                                        "number": 2896,
                                        "__typename": "Issue"
                                    }
                                },
                                {
                                    "source": {
                                        "author": {
                                            "login": "Tech-How"
                                        },
                                        "title": "Automatically switch to grid mode when the majority of items are photos",
                                        "url": "https://github.com/files-community/Files/issues/2893",
                                        "state": "CLOSED",
                                        "number": 2893,
                                        "__typename": "Issue"
                                    }
                                }
                            ]
                        }
                    },
                    {
                        "author": {
                            "login": "yaira2"
                        },
                        "title": "Bug report: Opening the properties window from the sidebar causes multiple windows to pop up",
                        "url": "https://github.com/files-community/Files/issues/2891",
                        "state": "CLOSED",
                        "number": 2891,
                        "timelineItems": {
                            "nodes": []
                        }
                    },
                    {
                        "author": {
                            "login": "EdiTurn"
                        },
                        "title": "Duplicate items in SMB drive after \"Cache files and folders for better performance\" enabled",
                        "url": "https://github.com/files-community/Files/issues/2878",
                        "state": "CLOSED",
                        "number": 2878,
                        "timelineItems": {
                            "nodes": [
                                {
                                    "source": {
                                        "author": {
                                            "login": "jakoss"
                                        },
                                        "title": "Use temporary list for storage folder enumeration",
                                        "url": "https://github.com/files-community/Files/pull/2880",
                                        "state": "MERGED",
                                        "number": 2880,
                                        "__typename": "PullRequest"
                                    }
                                },
                                {
                                    "source": {
                                        "author": {
                                            "login": "KCS007"
                                        },
                                        "title": "Refreshing folders within mounted network drives causes visible items to duplicate",
                                        "url": "https://github.com/files-community/Files/issues/2908",
                                        "state": "CLOSED",
                                        "number": 2908,
                                        "__typename": "Issue"
                                    }
                                }
                            ]
                        }
                    },
                    {
                        "author": {
                            "login": "JaiganeshKumaran"
                        },
                        "title": "Reduce code duplication in context flyout for folders and files",
                        "url": "https://github.com/files-community/Files/issues/2877",
                        "state": "CLOSED",
                        "number": 2877,
                        "timelineItems": {
                            "nodes": []
                        }
                    },
                    {
                        "author": {
                            "login": "Tech-How"
                        },
                        "title": "Hold Shift/Ctrl to change file copy/move behavior",
                        "url": "https://github.com/files-community/Files/issues/2869",
                        "state": "CLOSED",
                        "number": 2869,
                        "timelineItems": {
                            "nodes": []
                        }
                    },
                    {
                        "author": {
                            "login": "HenryOfCarim"
                        },
                        "title": "Back button in the settings doesn't work from the first try",
                        "url": "https://github.com/files-community/Files/issues/2866",
                        "state": "CLOSED",
                        "number": 2866,
                        "timelineItems": {
                            "nodes": []
                        }
                    },
                    {
                        "author": {
                            "login": "ColbertBrave"
                        },
                        "title": "Could you speed up interface loading？",
                        "url": "https://github.com/files-community/Files/issues/2827",
                        "state": "CLOSED",
                        "number": 2827,
                        "timelineItems": {
                            "nodes": []
                        }
                    },
                    {
                        "author": {
                            "login": "heistema"
                        },
                        "title": "When marking a folder as hidden the folder view does not update itself automatically",
                        "url": "https://github.com/files-community/Files/issues/2785",
                        "state": "CLOSED",
                        "number": 2785,
                        "timelineItems": {
                            "nodes": [
                                {
                                    "source": {
                                        "author": {
                                            "login": "heistema"
                                        },
                                        "title": "Automatically refresh view when an item visibility is changed",
                                        "url": "https://github.com/files-community/Files/pull/2836",
                                        "state": "MERGED",
                                        "number": 2836,
                                        "__typename": "PullRequest"
                                    }
                                },
                                {
                                    "source": {
                                        "author": {
                                            "login": "Hefaistos68"
                                        },
                                        "title": "Changing attributes in properties does not update item in detail view",
                                        "url": "https://github.com/files-community/Files/issues/2988",
                                        "state": "CLOSED",
                                        "number": 2988,
                                        "__typename": "Issue"
                                    }
                                }
                            ]
                        }
                    },
                    {
                        "author": {
                            "login": "jebeld17"
                        },
                        "title": "Recommend appearance settings based off system spec",
                        "url": "https://github.com/files-community/Files/issues/2741",
                        "state": "CLOSED",
                        "number": 2741,
                        "timelineItems": {
                            "nodes": []
                        }
                    },
                    {
                        "author": {
                            "login": "rounk-ctrl"
                        },
                        "title": "Image preview not working",
                        "url": "https://github.com/files-community/Files/issues/2726",
                        "state": "CLOSED",
                        "number": 2726,
                        "timelineItems": {
                            "nodes": []
                        }
                    },
                    {
                        "author": {
                            "login": "rounk-ctrl"
                        },
                        "title": "Feature: Image preview",
                        "url": "https://github.com/files-community/Files/issues/2725",
                        "state": "CLOSED",
                        "number": 2725,
                        "timelineItems": {
                            "nodes": []
                        }
                    },
                    {
                        "author": {
                            "login": "JaiganeshKumaran"
                        },
                        "title": "Drive widget: Caption trimmed",
                        "url": "https://github.com/files-community/Files/issues/2720",
                        "state": "CLOSED",
                        "number": 2720,
                        "timelineItems": {
                            "nodes": []
                        }
                    },
                    {
                        "author": {
                            "login": "infuriatedcodex"
                        },
                        "title": "Remember folder layout view perfs - Detailed, Grid View etc.",
                        "url": "https://github.com/files-community/Files/issues/2711",
                        "state": "CLOSED",
                        "number": 2711,
                        "timelineItems": {
                            "nodes": []
                        }
                    },
                    {
                        "author": {
                            "login": "andro095"
                        },
                        "title": "Files Aplication crashes when you open the aplication",
                        "url": "https://github.com/files-community/Files/issues/2680",
                        "state": "CLOSED",
                        "number": 2680,
                        "timelineItems": {
                            "nodes": [
                                {
                                    "source": {
                                        "author": {
                                            "login": "gave92"
                                        },
                                        "title": "Appcenter fixes 2",
                                        "url": "https://github.com/files-community/Files/pull/2688",
                                        "state": "MERGED",
                                        "number": 2688,
                                        "__typename": "PullRequest"
                                    }
                                }
                            ]
                        }
                    },
                    {
                        "author": {
                            "login": "sepruko"
                        },
                        "title": "After the latest update as of this issue, app opens then crashes mere seconds later.",
                        "url": "https://github.com/files-community/Files/issues/2674",
                        "state": "CLOSED",
                        "number": 2674,
                        "timelineItems": {
                            "nodes": []
                        }
                    },
                    {
                        "author": {
                            "login": "HenryOfCarim"
                        },
                        "title": "Lag in more than 10 seconds between pressing delete button and appearing dialogue window",
                        "url": "https://github.com/files-community/Files/issues/2672",
                        "state": "CLOSED",
                        "number": 2672,
                        "timelineItems": {
                            "nodes": [
                                {
                                    "source": {
                                        "author": {
                                            "login": "Fibbitts"
                                        },
                                        "title": "Small files taking 6 whole seconds to delete 😒",
                                        "url": "https://github.com/files-community/Files/issues/2732",
                                        "state": "CLOSED",
                                        "number": 2732,
                                        "__typename": "Issue"
                                    }
                                },
                                {
                                    "source": {
                                        "author": {
                                            "login": "Don-Vito"
                                        },
                                        "title": "Fixed an issue where there was a delay when deleting items",
                                        "url": "https://github.com/files-community/Files/pull/2738",
                                        "state": "MERGED",
                                        "number": 2738,
                                        "__typename": "PullRequest"
                                    }
                                }
                            ]
                        }
                    },
                    {
                        "author": null,
                        "title": "It would be nice to be able to customize the icon for one I want.",
                        "url": "https://github.com/files-community/Files/issues/2668",
                        "state": "CLOSED",
                        "number": 2668,
                        "timelineItems": {
                            "nodes": []
                        }
                    },
                    {
                        "author": {
                            "login": "d2dyno1"
                        },
                        "title": "Sidebar's device FullPath is shown after hovering on it",
                        "url": "https://github.com/files-community/Files/issues/2643",
                        "state": "CLOSED",
                        "number": 2643,
                        "timelineItems": {
                            "nodes": [
                                {
                                    "source": {
                                        "author": {
                                            "login": "d2dyno1"
                                        },
                                        "title": "Fixed an issue where the devices FullPath would show instead of FullName on hover",
                                        "url": "https://github.com/files-community/Files/pull/3215",
                                        "state": "MERGED",
                                        "number": 3215,
                                        "__typename": "PullRequest"
                                    }
                                }
                            ]
                        }
                    },
                    {
                        "author": {
                            "login": "Sim233"
                        },
                        "title": "Request: (urgent) New more types of file in right-click menu",
                        "url": "https://github.com/files-community/Files/issues/2642",
                        "state": "CLOSED",
                        "number": 2642,
                        "timelineItems": {
                            "nodes": []
                        }
                    },
                    {
                        "author": {
                            "login": "Sim233"
                        },
                        "title": "Request: Pull the pinned shortcuts in the sidebar to rearrange the sequence",
                        "url": "https://github.com/files-community/Files/issues/2641",
                        "state": "CLOSED",
                        "number": 2641,
                        "timelineItems": {
                            "nodes": []
                        }
                    },
                    {
                        "author": {
                            "login": "KeremArdicli"
                        },
                        "title": "Enable \"one click-and-hold to drag\" feature",
                        "url": "https://github.com/files-community/Files/issues/2627",
                        "state": "CLOSED",
                        "number": 2627,
                        "timelineItems": {
                            "nodes": []
                        }
                    },
                    {
                        "author": {
                            "login": "HenryOfCarim"
                        },
                        "title": "Crash after opening properties of the pinned to sidebar folder",
                        "url": "https://github.com/files-community/Files/issues/2608",
                        "state": "CLOSED",
                        "number": 2608,
                        "timelineItems": {
                            "nodes": []
                        }
                    },
                    {
                        "author": {
                            "login": "Richard-HM"
                        },
                        "title": "When there are no search results, show text: \"No items match your search\"",
                        "url": "https://github.com/files-community/Files/issues/2605",
                        "state": "CLOSED",
                        "number": 2605,
                        "timelineItems": {
                            "nodes": [
                                {
                                    "source": {
                                        "author": {
                                            "login": "yaira2"
                                        },
                                        "title": "Feature: Add support for searching in recycle bin",
                                        "url": "https://github.com/files-community/Files/issues/2447",
                                        "state": "CLOSED",
                                        "number": 2447,
                                        "__typename": "Issue"
                                    }
                                }
                            ]
                        }
                    },
                    {
                        "author": {
                            "login": "doggo404"
                        },
                        "title": "Please display folder sizes beside them, its my biggest gripe with file explorer.",
                        "url": "https://github.com/files-community/Files/issues/2598",
                        "state": "CLOSED",
                        "number": 2598,
                        "timelineItems": {
                            "nodes": []
                        }
                    },
                    {
                        "author": {
                            "login": "fisforfaheem"
                        },
                        "title": "Make an option inside files(app) that shows all changes(version history)",
                        "url": "https://github.com/files-community/Files/issues/2591",
                        "state": "CLOSED",
                        "number": 2591,
                        "timelineItems": {
                            "nodes": []
                        }
                    },
                    {
                        "author": {
                            "login": "Vixb1122"
                        },
                        "title": "How to add registry entries that can be detected by Files",
                        "url": "https://github.com/files-community/Files/issues/2589",
                        "state": "CLOSED",
                        "number": 2589,
                        "timelineItems": {
                            "nodes": []
                        }
                    },
                    {
                        "author": {
                            "login": "Vixb1122"
                        },
                        "title": "Add the option to filter items by from the column headers in the DataGrid layout",
                        "url": "https://github.com/files-community/Files/issues/2588",
                        "state": "CLOSED",
                        "number": 2588,
                        "timelineItems": {
                            "nodes": [
                                {
                                    "source": {
                                        "author": {
                                            "login": "cinqmilleans"
                                        },
                                        "title": "Search extension",
                                        "url": "https://github.com/files-community/Files/pull/6679",
                                        "state": "CLOSED",
                                        "number": 6679,
                                        "__typename": "PullRequest"
                                    }
                                }
                            ]
                        }
                    },
                    {
                        "author": {
                            "login": "pgirzalsky"
                        },
                        "title": "Add option to remove shortcut overlay",
                        "url": "https://github.com/files-community/Files/issues/2581",
                        "state": "CLOSED",
                        "number": 2581,
                        "timelineItems": {
                            "nodes": [
                                {
                                    "source": {
                                        "author": {
                                            "login": "Flying-Ass"
                                        },
                                        "title": "Shortcut icons not showing ",
                                        "url": "https://github.com/files-community/Files/issues/10017",
                                        "state": "CLOSED",
                                        "number": 10017,
                                        "__typename": "Issue"
                                    }
                                },
                                {
                                    "source": {
                                        "author": {
                                            "login": "Flying-Ass"
                                        },
                                        "title": "Shortcut icons are not showing",
                                        "url": "https://github.com/files-community/Files/issues/10018",
                                        "state": "CLOSED",
                                        "number": 10018,
                                        "__typename": "Issue"
                                    }
                                }
                            ]
                        }
                    },
                    {
                        "author": {
                            "login": "marcelwgn"
                        },
                        "title": "A11y: Invoking \"Ongoing tasks\" button does not read out of opened flyout",
                        "url": "https://github.com/files-community/Files/issues/2577",
                        "state": "CLOSED",
                        "number": 2577,
                        "timelineItems": {
                            "nodes": [
                                {
                                    "source": {
                                        "author": {
                                            "login": "winston-de"
                                        },
                                        "title": "Accessibility improvements",
                                        "url": "https://github.com/files-community/Files/pull/3312",
                                        "state": "MERGED",
                                        "number": 3312,
                                        "__typename": "PullRequest"
                                    }
                                }
                            ]
                        }
                    },
                    {
                        "author": {
                            "login": "Jon-Florin"
                        },
                        "title": "Can't open documents",
                        "url": "https://github.com/files-community/Files/issues/2548",
                        "state": "CLOSED",
                        "number": 2548,
                        "timelineItems": {
                            "nodes": []
                        }
                    },
                    {
                        "author": {
                            "login": "yaira2"
                        },
                        "title": "The settings button is not in the correct place after updating to WinUI 2.5",
                        "url": "https://github.com/files-community/Files/issues/2536",
                        "state": "CLOSED",
                        "number": 2536,
                        "timelineItems": {
                            "nodes": [
                                {
                                    "source": {
                                        "author": {
                                            "login": "lukeblevins"
                                        },
                                        "title": "Customize default NavView settings item icon upon load",
                                        "url": "https://github.com/files-community/Files/pull/2556",
                                        "state": "MERGED",
                                        "number": 2556,
                                        "__typename": "PullRequest"
                                    }
                                }
                            ]
                        }
                    },
                    {
                        "author": {
                            "login": "Zalmez"
                        },
                        "title": "Pasting folders from zip fails",
                        "url": "https://github.com/files-community/Files/issues/2526",
                        "state": "CLOSED",
                        "number": 2526,
                        "timelineItems": {
                            "nodes": [
                                {
                                    "source": {
                                        "author": {
                                            "login": "gave92"
                                        },
                                        "title": "Fixed some issues with undo/redo",
                                        "url": "https://github.com/files-community/Files/pull/2632",
                                        "state": "MERGED",
                                        "number": 2632,
                                        "__typename": "PullRequest"
                                    }
                                }
                            ]
                        }
                    },
                    {
                        "author": {
                            "login": "boscorelly"
                        },
                        "title": "Translation - missing for OneDrive tasks",
                        "url": "https://github.com/files-community/Files/issues/2515",
                        "state": "CLOSED",
                        "number": 2515,
                        "timelineItems": {
                            "nodes": []
                        }
                    },
                    {
                        "author": {
                            "login": "shubhammehra4"
                        },
                        "title": "Shortcut to toggle hidden files",
                        "url": "https://github.com/files-community/Files/issues/2502",
                        "state": "CLOSED",
                        "number": 2502,
                        "timelineItems": {
                            "nodes": []
                        }
                    },
                    {
                        "author": {
                            "login": "CrazyTomatoOo"
                        },
                        "title": "The replication function is defective",
                        "url": "https://github.com/files-community/Files/issues/2495",
                        "state": "CLOSED",
                        "number": 2495,
                        "timelineItems": {
                            "nodes": []
                        }
                    },
                    {
                        "author": {
                            "login": "dkostarnov"
                        },
                        "title": " Improve user experience",
                        "url": "https://github.com/files-community/Files/issues/2494",
                        "state": "CLOSED",
                        "number": 2494,
                        "timelineItems": {
                            "nodes": []
                        }
                    },
                    {
                        "author": {
                            "login": "Sav22999"
                        },
                        "title": "Border radius not applied",
                        "url": "https://github.com/files-community/Files/issues/2491",
                        "state": "CLOSED",
                        "number": 2491,
                        "timelineItems": {
                            "nodes": [
                                {
                                    "source": {
                                        "author": {
                                            "login": "Thomas1664"
                                        },
                                        "title": "Fixed the rounded corners of the buttons in the RenameDialog & AddItemDialog",
                                        "url": "https://github.com/files-community/Files/pull/2503",
                                        "state": "MERGED",
                                        "number": 2503,
                                        "__typename": "PullRequest"
                                    }
                                },
                                {
                                    "source": {
                                        "author": {
                                            "login": "Cromagnon31"
                                        },
                                        "title": "Bug: Batch files are executed as SYSTEM user",
                                        "url": "https://github.com/files-community/Files/issues/12139",
                                        "state": "CLOSED",
                                        "number": 12139,
                                        "__typename": "Issue"
                                    }
                                }
                            ]
                        }
                    },
                    {
                        "author": {
                            "login": "JaiganeshKumaran"
                        },
                        "title": "The Name property of a focusable element must not be null. (ListView in the about page)",
                        "url": "https://github.com/files-community/Files/issues/2478",
                        "state": "CLOSED",
                        "number": 2478,
                        "timelineItems": {
                            "nodes": [
                                {
                                    "source": {
                                        "author": {
                                            "login": "yaira2"
                                        },
                                        "title": "Fixed a couple of screen reader issues",
                                        "url": "https://github.com/files-community/Files/pull/2602",
                                        "state": "MERGED",
                                        "number": 2602,
                                        "__typename": "PullRequest"
                                    }
                                }
                            ]
                        }
                    },
                    {
                        "author": {
                            "login": "R3voA3"
                        },
                        "title": "Animation when closing the settings page is not smooth",
                        "url": "https://github.com/files-community/Files/issues/2471",
                        "state": "CLOSED",
                        "number": 2471,
                        "timelineItems": {
                            "nodes": []
                        }
                    },
                    {
                        "author": {
                            "login": "seohyun1108"
                        },
                        "title": "Add support for updating Files.",
                        "url": "https://github.com/files-community/Files/issues/2458",
                        "state": "CLOSED",
                        "number": 2458,
                        "timelineItems": {
                            "nodes": []
                        }
                    },
                    {
                        "author": {
                            "login": "luximus-hunter"
                        },
                        "title": "Support to be able to set Files as the default file explorer",
                        "url": "https://github.com/files-community/Files/issues/2449",
                        "state": "CLOSED",
                        "number": 2449,
                        "timelineItems": {
                            "nodes": []
                        }
                    },
                    {
                        "author": {
                            "login": "LucaRossi02"
                        },
                        "title": "Errore when lanch Debug",
                        "url": "https://github.com/files-community/Files/issues/2424",
                        "state": "CLOSED",
                        "number": 2424,
                        "timelineItems": {
                            "nodes": []
                        }
                    },
                    {
                        "author": {
                            "login": "JaiganeshKumaran"
                        },
                        "title": "Too many UI Automation + keyboard tab navigation issues",
                        "url": "https://github.com/files-community/Files/issues/2412",
                        "state": "CLOSED",
                        "number": 2412,
                        "timelineItems": {
                            "nodes": []
                        }
                    },
                    {
                        "author": {
                            "login": "Tombstone2K"
                        },
                        "title": "Crashes while inverting selection",
                        "url": "https://github.com/files-community/Files/issues/2408",
                        "state": "CLOSED",
                        "number": 2408,
                        "timelineItems": {
                            "nodes": []
                        }
                    },
                    {
                        "author": {
                            "login": "fisforfaheem"
                        },
                        "title": "Can you port the app over to windows phone 10??",
                        "url": "https://github.com/files-community/Files/issues/2385",
                        "state": "CLOSED",
                        "number": 2385,
                        "timelineItems": {
                            "nodes": []
                        }
                    },
                    {
                        "author": {
                            "login": "MrStefanW"
                        },
                        "title": "Right click animations and speeds.",
                        "url": "https://github.com/files-community/Files/issues/2381",
                        "state": "CLOSED",
                        "number": 2381,
                        "timelineItems": {
                            "nodes": [
                                {
                                    "source": {
                                        "author": {
                                            "login": "yaira2"
                                        },
                                        "title": "Added a setting to disable the right click context menu animations",
                                        "url": "https://github.com/files-community/Files/pull/2805",
                                        "state": "MERGED",
                                        "number": 2805,
                                        "__typename": "PullRequest"
                                    }
                                }
                            ]
                        }
                    },
                    {
                        "author": {
                            "login": "lucandrei"
                        },
                        "title": "Copy/Paste multiple files crashes the app.",
                        "url": "https://github.com/files-community/Files/issues/2360",
                        "state": "CLOSED",
                        "number": 2360,
                        "timelineItems": {
                            "nodes": []
                        }
                    },
                    {
                        "author": {
                            "login": "MaxYaffe"
                        },
                        "title": "Roadmap",
                        "url": "https://github.com/files-community/Files/issues/2348",
                        "state": "CLOSED",
                        "number": 2348,
                        "timelineItems": {
                            "nodes": []
                        }
                    },
                    {
                        "author": {
                            "login": "Richard-HM"
                        },
                        "title": "The app crashes when trying to open drive properties",
                        "url": "https://github.com/files-community/Files/issues/2340",
                        "state": "CLOSED",
                        "number": 2340,
                        "timelineItems": {
                            "nodes": [
                                {
                                    "source": {
                                        "author": {
                                            "login": "gave92"
                                        },
                                        "title": "Fix crash when viewing properties for drives and multiple items",
                                        "url": "https://github.com/files-community/Files/pull/2345",
                                        "state": "MERGED",
                                        "number": 2345,
                                        "__typename": "PullRequest"
                                    }
                                }
                            ]
                        }
                    },
                    {
                        "author": {
                            "login": "MSEDGE-CORE"
                        },
                        "title": "Search can't run on FilesUWP",
                        "url": "https://github.com/files-community/Files/issues/2329",
                        "state": "CLOSED",
                        "number": 2329,
                        "timelineItems": {
                            "nodes": []
                        }
                    },
                    {
                        "author": {
                            "login": "Martin-Hausleitner"
                        },
                        "title": "Implement Everything",
                        "url": "https://github.com/files-community/Files/issues/2324",
                        "state": "CLOSED",
                        "number": 2324,
                        "timelineItems": {
                            "nodes": []
                        }
                    },
                    {
                        "author": {
                            "login": "ColbertBrave"
                        },
                        "title": "The type of file changed after I rename some file",
                        "url": "https://github.com/files-community/Files/issues/2317",
                        "state": "CLOSED",
                        "number": 2317,
                        "timelineItems": {
                            "nodes": []
                        }
                    },
                    {
                        "author": {
                            "login": "needhelpfulanswers-spectrumchat"
                        },
                        "title": "have tested 16+ file apps, this is missing so much it's unbelievable ",
                        "url": "https://github.com/files-community/Files/issues/2308",
                        "state": "CLOSED",
                        "number": 2308,
                        "timelineItems": {
                            "nodes": []
                        }
                    },
                    {
                        "author": {
                            "login": "yaira2"
                        },
                        "title": "Improve support for hidden items",
                        "url": "https://github.com/files-community/Files/issues/2303",
                        "state": "CLOSED",
                        "number": 2303,
                        "timelineItems": {
                            "nodes": [
                                {
                                    "source": {
                                        "author": {
                                            "login": "gave92"
                                        },
                                        "title": "[Hidden files] - Show thumbnail",
                                        "url": "https://github.com/files-community/Files/pull/2388",
                                        "state": "MERGED",
                                        "number": 2388,
                                        "__typename": "PullRequest"
                                    }
                                },
                                {
                                    "source": {
                                        "author": {
                                            "login": "yaira2"
                                        },
                                        "title": "Hidden items are now dimmed",
                                        "url": "https://github.com/files-community/Files/pull/2393",
                                        "state": "MERGED",
                                        "number": 2393,
                                        "__typename": "PullRequest"
                                    }
                                },
                                {
                                    "source": {
                                        "author": {
                                            "login": "gave92"
                                        },
                                        "title": "[Hidden files] - Add support for moving or permanently deleting a hidden folder",
                                        "url": "https://github.com/files-community/Files/pull/2396",
                                        "state": "MERGED",
                                        "number": 2396,
                                        "__typename": "PullRequest"
                                    }
                                },
                                {
                                    "source": {
                                        "author": {
                                            "login": "darthdubu"
                                        },
                                        "title": "Unable to access system folders such as Appdata",
                                        "url": "https://github.com/files-community/Files/issues/1413",
                                        "state": "CLOSED",
                                        "number": 1413,
                                        "__typename": "Issue"
                                    }
                                },
                                {
                                    "source": {
                                        "author": {
                                            "login": "gave92"
                                        },
                                        "title": "[Hidden files] - Fix opening hidden folder in new tab",
                                        "url": "https://github.com/files-community/Files/pull/2430",
                                        "state": "MERGED",
                                        "number": 2430,
                                        "__typename": "PullRequest"
                                    }
                                },
                                {
                                    "source": {
                                        "author": {
                                            "login": "gave92"
                                        },
                                        "title": "Allow navigating to hidden folders from path bar",
                                        "url": "https://github.com/files-community/Files/pull/2441",
                                        "state": "MERGED",
                                        "number": 2441,
                                        "__typename": "PullRequest"
                                    }
                                }
                            ]
                        }
                    },
                    {
                        "author": {
                            "login": "jrkmtf"
                        },
                        "title": "Acrylic Opacity Settings",
                        "url": "https://github.com/files-community/Files/issues/2301",
                        "state": "CLOSED",
                        "number": 2301,
                        "timelineItems": {
                            "nodes": []
                        }
                    }
                ]
            }
        }
    }
}