{
    "data": {
        "repository": {
            "issues": {
                "pageInfo": {
                    "endCursor": "Y3Vyc29yOnYyOpIBzi4FNJ0="
                },
                "nodes": [
                    {
                        "author": {
                            "login": "Majocchi"
                        },
                        "title": "DFS Network Shares are shown mutiple times !",
                        "url": "https://github.com/files-community/Files/issues/3017",
                        "state": "CLOSED",
                        "number": 3017,
                        "timelineItems": {
                            "nodes": []
                        }
                    },
                    {
                        "author": {
                            "login": "Hefaistos68"
                        },
                        "title": "Empty folders shown without icon",
                        "url": "https://github.com/files-community/Files/issues/3016",
                        "state": "CLOSED",
                        "number": 3016,
                        "timelineItems": {
                            "nodes": []
                        }
                    },
                    {
                        "author": {
                            "login": "PMillard5000"
                        },
                        "title": "Display refresh issues when files added outside of files to network share",
                        "url": "https://github.com/files-community/Files/issues/3011",
                        "state": "CLOSED",
                        "number": 3011,
                        "timelineItems": {
                            "nodes": []
                        }
                    },
                    {
                        "author": {
                            "login": "VAnkataBot"
                        },
                        "title": "Pls Make It The a Change To Default",
                        "url": "https://github.com/files-community/Files/issues/3010",
                        "state": "CLOSED",
                        "number": 3010,
                        "timelineItems": {
                            "nodes": []
                        }
                    },
                    {
                        "author": {
                            "login": "DarkEyeDragon"
                        },
                        "title": "Changing theme breaks text components color",
                        "url": "https://github.com/files-community/Files/issues/3005",
                        "state": "CLOSED",
                        "number": 3005,
                        "timelineItems": {
                            "nodes": [
                                {
                                    "source": {
                                        "author": {
                                            "login": "kimlimjustin"
                                        },
                                        "title": "Unexpected and color of file when switching theme",
                                        "url": "https://github.com/files-community/Files/issues/3085",
                                        "state": "CLOSED",
                                        "number": 3085,
                                        "__typename": "Issue"
                                    }
                                },
                                {
                                    "source": {
                                        "author": {
                                            "login": "heikobischoff"
                                        },
                                        "title": "[OneDrive] OneDrive Commercial do not show additional synced locations",
                                        "url": "https://github.com/files-community/Files/issues/3151",
                                        "state": "CLOSED",
                                        "number": 3151,
                                        "__typename": "Issue"
                                    }
                                }
                            ]
                        }
                    },
                    {
                        "author": {
                            "login": "bryanbarrios"
                        },
                        "title": "Add an option to turn off tabs",
                        "url": "https://github.com/files-community/Files/issues/3003",
                        "state": "CLOSED",
                        "number": 3003,
                        "timelineItems": {
                            "nodes": []
                        }
                    },
                    {
                        "author": {
                            "login": "MumenAlmadaineh"
                        },
                        "title": "Arabic language pack",
                        "url": "https://github.com/files-community/Files/issues/3002",
                        "state": "CLOSED",
                        "number": 3002,
                        "timelineItems": {
                            "nodes": []
                        }
                    },
                    {
                        "author": {
                            "login": "pironic"
                        },
                        "title": "NFS File shares duplicate the folder contents with every refresh",
                        "url": "https://github.com/files-community/Files/issues/3001",
                        "state": "CLOSED",
                        "number": 3001,
                        "timelineItems": {
                            "nodes": []
                        }
                    },
                    {
                        "author": null,
                        "title": "Files itemlist duplicates after refreshing trough the button",
                        "url": "https://github.com/files-community/Files/issues/2997",
                        "state": "CLOSED",
                        "number": 2997,
                        "timelineItems": {
                            "nodes": []
                        }
                    },
                    {
                        "author": {
                            "login": "ignasicl"
                        },
                        "title": "Quick Look doesn't update when selecting other files with the keyboard.",
                        "url": "https://github.com/files-community/Files/issues/2993",
                        "state": "CLOSED",
                        "number": 2993,
                        "timelineItems": {
                            "nodes": []
                        }
                    },
                    {
                        "author": {
                            "login": "EasyRhinoMSFT"
                        },
                        "title": "Add an option to show checkboxes for accessible multi-select",
                        "url": "https://github.com/files-community/Files/issues/2992",
                        "state": "CLOSED",
                        "number": 2992,
                        "timelineItems": {
                            "nodes": []
                        }
                    },
                    {
                        "author": {
                            "login": "redkian"
                        },
                        "title": "Network Share Navigation",
                        "url": "https://github.com/files-community/Files/issues/2991",
                        "state": "CLOSED",
                        "number": 2991,
                        "timelineItems": {
                            "nodes": []
                        }
                    },
                    {
                        "author": {
                            "login": "tristansuttle"
                        },
                        "title": "Duplicates of files/folders with Cache enabled",
                        "url": "https://github.com/files-community/Files/issues/2989",
                        "state": "CLOSED",
                        "number": 2989,
                        "timelineItems": {
                            "nodes": []
                        }
                    },
                    {
                        "author": {
                            "login": "Hefaistos68"
                        },
                        "title": "Alt+Double click should open properties",
                        "url": "https://github.com/files-community/Files/issues/2987",
                        "state": "CLOSED",
                        "number": 2987,
                        "timelineItems": {
                            "nodes": [
                                {
                                    "source": {
                                        "author": {
                                            "login": "m4lebranche"
                                        },
                                        "title": "Double click while holding alt to open file/folder properties",
                                        "url": "https://github.com/files-community/Files/issues/3105",
                                        "state": "CLOSED",
                                        "number": 3105,
                                        "__typename": "Issue"
                                    }
                                },
                                {
                                    "source": {
                                        "author": {
                                            "login": "oleitao"
                                        },
                                        "title": "Alt double click properties",
                                        "url": "https://github.com/files-community/Files/pull/4441",
                                        "state": "MERGED",
                                        "number": 4441,
                                        "__typename": "PullRequest"
                                    }
                                }
                            ]
                        }
                    },
                    {
                        "author": {
                            "login": "Hefaistos68"
                        },
                        "title": "Selecting Properties from the sidebar opens two Properties Windows and changes window state",
                        "url": "https://github.com/files-community/Files/issues/2986",
                        "state": "CLOSED",
                        "number": 2986,
                        "timelineItems": {
                            "nodes": []
                        }
                    },
                    {
                        "author": {
                            "login": "Hefaistos68"
                        },
                        "title": "Windows Menu key not working in Detail View",
                        "url": "https://github.com/files-community/Files/issues/2983",
                        "state": "CLOSED",
                        "number": 2983,
                        "timelineItems": {
                            "nodes": []
                        }
                    },
                    {
                        "author": {
                            "login": "Hefaistos68"
                        },
                        "title": "Search field does not receive focus when clicking on the lens symbol",
                        "url": "https://github.com/files-community/Files/issues/2981",
                        "state": "CLOSED",
                        "number": 2981,
                        "timelineItems": {
                            "nodes": []
                        }
                    },
                    {
                        "author": {
                            "login": "Hefaistos68"
                        },
                        "title": "Navigation/Selection error on Alt+Enter",
                        "url": "https://github.com/files-community/Files/issues/2980",
                        "state": "CLOSED",
                        "number": 2980,
                        "timelineItems": {
                            "nodes": []
                        }
                    },
                    {
                        "author": {
                            "login": "Hefaistos68"
                        },
                        "title": "Using Alt+Enter (Properties) repeatedly crashes app",
                        "url": "https://github.com/files-community/Files/issues/2979",
                        "state": "CLOSED",
                        "number": 2979,
                        "timelineItems": {
                            "nodes": []
                        }
                    },
                    {
                        "author": {
                            "login": "Hefaistos68"
                        },
                        "title": "Focus loss in detail pane",
                        "url": "https://github.com/files-community/Files/issues/2977",
                        "state": "CLOSED",
                        "number": 2977,
                        "timelineItems": {
                            "nodes": [
                                {
                                    "source": {
                                        "author": {
                                            "login": "wanderseeme"
                                        },
                                        "title": "add an option to keep keyboard forcus stay in files pane",
                                        "url": "https://github.com/files-community/Files/issues/7362",
                                        "state": "CLOSED",
                                        "number": 7362,
                                        "__typename": "Issue"
                                    }
                                },
                                {
                                    "source": {
                                        "author": {
                                            "login": "gave92"
                                        },
                                        "title": "Improve keyboard navigation in column view",
                                        "url": "https://github.com/files-community/Files/pull/7425",
                                        "state": "MERGED",
                                        "number": 7425,
                                        "__typename": "PullRequest"
                                    }
                                }
                            ]
                        }
                    },
                    {
                        "author": {
                            "login": "generalguy41"
                        },
                        "title": "Cannot rename items by pressing twice with the mouse in views other than details view.",
                        "url": "https://github.com/files-community/Files/issues/2976",
                        "state": "CLOSED",
                        "number": 2976,
                        "timelineItems": {
                            "nodes": [
                                {
                                    "source": {
                                        "author": {
                                            "login": "mtratchet16"
                                        },
                                        "title": "Legacy Renaming",
                                        "url": "https://github.com/files-community/Files/issues/4153",
                                        "state": "CLOSED",
                                        "number": 4153,
                                        "__typename": "Issue"
                                    }
                                },
                                {
                                    "source": {
                                        "author": {
                                            "login": "xwnb"
                                        },
                                        "title": "Fix: item-rename in all layout reviews",
                                        "url": "https://github.com/files-community/Files/pull/5633",
                                        "state": "CLOSED",
                                        "number": 5633,
                                        "__typename": "PullRequest"
                                    }
                                },
                                {
                                    "source": {
                                        "author": {
                                            "login": "xwnb"
                                        },
                                        "title": "Fix: item-rename in all layout reviews",
                                        "url": "https://github.com/files-community/Files/pull/5634",
                                        "state": "CLOSED",
                                        "number": 5634,
                                        "__typename": "PullRequest"
                                    }
                                },
                                {
                                    "source": {
                                        "author": {
                                            "login": "xwnb"
                                        },
                                        "title": "rename items in all layout views",
                                        "url": "https://github.com/files-community/Files/pull/5635",
                                        "state": "MERGED",
                                        "number": 5635,
                                        "__typename": "PullRequest"
                                    }
                                }
                            ]
                        }
                    },
                    {
                        "author": {
                            "login": "Obsidiannite21"
                        },
                        "title": "Network Folder Duplication Bug",
                        "url": "https://github.com/files-community/Files/issues/2972",
                        "state": "CLOSED",
                        "number": 2972,
                        "timelineItems": {
                            "nodes": []
                        }
                    },
                    {
                        "author": {
                            "login": "hey07"
                        },
                        "title": "crash ",
                        "url": "https://github.com/files-community/Files/issues/2970",
                        "state": "CLOSED",
                        "number": 2970,
                        "timelineItems": {
                            "nodes": []
                        }
                    },
                    {
                        "author": {
                            "login": "Raffomatiko"
                        },
                        "title": "Change Icons/Symbols of Folder",
                        "url": "https://github.com/files-community/Files/issues/2966",
                        "state": "CLOSED",
                        "number": 2966,
                        "timelineItems": {
                            "nodes": []
                        }
                    },
                    {
                        "author": {
                            "login": "jkane12"
                        },
                        "title": "Cannot double click with touch",
                        "url": "https://github.com/files-community/Files/issues/2959",
                        "state": "CLOSED",
                        "number": 2959,
                        "timelineItems": {
                            "nodes": []
                        }
                    },
                    {
                        "author": {
                            "login": "Annler"
                        },
                        "title": "关于快捷键的一个小问题",
                        "url": "https://github.com/files-community/Files/issues/2958",
                        "state": "CLOSED",
                        "number": 2958,
                        "timelineItems": {
                            "nodes": []
                        }
                    },
                    {
                        "author": {
                            "login": "MaravicMarko"
                        },
                        "title": "App freezes after copying name of file/folder",
                        "url": "https://github.com/files-community/Files/issues/2956",
                        "state": "CLOSED",
                        "number": 2956,
                        "timelineItems": {
                            "nodes": []
                        }
                    },
                    {
                        "author": {
                            "login": "MaravicMarko"
                        },
                        "title": "There is no \"Paste\" option on context menu when I want to paste file in folder",
                        "url": "https://github.com/files-community/Files/issues/2952",
                        "state": "CLOSED",
                        "number": 2952,
                        "timelineItems": {
                            "nodes": [
                                {
                                    "source": {
                                        "author": {
                                            "login": "mafra99"
                                        },
                                        "title": "Add \"paste\" to the item menu items",
                                        "url": "https://github.com/files-community/Files/pull/4541",
                                        "state": "MERGED",
                                        "number": 4541,
                                        "__typename": "PullRequest"
                                    }
                                }
                            ]
                        }
                    },
                    {
                        "author": {
                            "login": "pokeseeker"
                        },
                        "title": "Use check boxes to select items",
                        "url": "https://github.com/files-community/Files/issues/2951",
                        "state": "CLOSED",
                        "number": 2951,
                        "timelineItems": {
                            "nodes": []
                        }
                    },
                    {
                        "author": {
                            "login": "Raffomatiko"
                        },
                        "title": "Crashing when opening download folder (Windows on ARM)",
                        "url": "https://github.com/files-community/Files/issues/2949",
                        "state": "CLOSED",
                        "number": 2949,
                        "timelineItems": {
                            "nodes": []
                        }
                    },
                    {
                        "author": {
                            "login": "mwalker212"
                        },
                        "title": "Strange behaviour after going back from Settings",
                        "url": "https://github.com/files-community/Files/issues/2942",
                        "state": "CLOSED",
                        "number": 2942,
                        "timelineItems": {
                            "nodes": []
                        }
                    },
                    {
                        "author": {
                            "login": "NConley9"
                        },
                        "title": "Add \"Send To\" right-click context menu.",
                        "url": "https://github.com/files-community/Files/issues/2940",
                        "state": "CLOSED",
                        "number": 2940,
                        "timelineItems": {
                            "nodes": []
                        }
                    },
                    {
                        "author": {
                            "login": "ToothyDev"
                        },
                        "title": "Detect folders as image folders and adjust grid view",
                        "url": "https://github.com/files-community/Files/issues/2939",
                        "state": "CLOSED",
                        "number": 2939,
                        "timelineItems": {
                            "nodes": []
                        }
                    },
                    {
                        "author": {
                            "login": "oOII-J4HN-IIOo"
                        },
                        "title": "Bring back the preview pane please!",
                        "url": "https://github.com/files-community/Files/issues/2938",
                        "state": "CLOSED",
                        "number": 2938,
                        "timelineItems": {
                            "nodes": []
                        }
                    },
                    {
                        "author": {
                            "login": "ToothyDev"
                        },
                        "title": "Entering nothing as path and then pressing enter crashes the program",
                        "url": "https://github.com/files-community/Files/issues/2935",
                        "state": "CLOSED",
                        "number": 2935,
                        "timelineItems": {
                            "nodes": [
                                {
                                    "source": {
                                        "author": {
                                            "login": "BrianAllred"
                                        },
                                        "title": "Fixed a crash that would occur when entering empty path",
                                        "url": "https://github.com/files-community/Files/pull/3007",
                                        "state": "MERGED",
                                        "number": 3007,
                                        "__typename": "PullRequest"
                                    }
                                }
                            ]
                        }
                    },
                    {
                        "author": {
                            "login": "Zyo20"
                        },
                        "title": "Add Network Path",
                        "url": "https://github.com/files-community/Files/issues/2932",
                        "state": "CLOSED",
                        "number": 2932,
                        "timelineItems": {
                            "nodes": [
                                {
                                    "source": {
                                        "author": {
                                            "login": "redkian"
                                        },
                                        "title": "Network Share Navigation",
                                        "url": "https://github.com/files-community/Files/issues/2991",
                                        "state": "CLOSED",
                                        "number": 2991,
                                        "__typename": "Issue"
                                    }
                                },
                                {
                                    "source": {
                                        "author": {
                                            "login": "gave92"
                                        },
                                        "title": "Show Network locations and shares and add option to map network drives",
                                        "url": "https://github.com/files-community/Files/pull/3295",
                                        "state": "MERGED",
                                        "number": 3295,
                                        "__typename": "PullRequest"
                                    }
                                }
                            ]
                        }
                    },
                    {
                        "author": {
                            "login": "nimmiexe"
                        },
                        "title": "crashing, slow and miss thumbnails at first start and need time",
                        "url": "https://github.com/files-community/Files/issues/2928",
                        "state": "CLOSED",
                        "number": 2928,
                        "timelineItems": {
                            "nodes": []
                        }
                    },
                    {
                        "author": {
                            "login": "nimmiexe"
                        },
                        "title": "Suggestions for search",
                        "url": "https://github.com/files-community/Files/issues/2927",
                        "state": "CLOSED",
                        "number": 2927,
                        "timelineItems": {
                            "nodes": []
                        }
                    },
                    {
                        "author": {
                            "login": "Flawedspirit"
                        },
                        "title": "Improve contrast between dark accents and background in drive capacity bars",
                        "url": "https://github.com/files-community/Files/issues/2925",
                        "state": "CLOSED",
                        "number": 2925,
                        "timelineItems": {
                            "nodes": []
                        }
                    },
                    {
                        "author": {
                            "login": "lp-001"
                        },
                        "title": "Details View Size Field For Folders",
                        "url": "https://github.com/files-community/Files/issues/2921",
                        "state": "CLOSED",
                        "number": 2921,
                        "timelineItems": {
                            "nodes": [
                                {
                                    "source": {
                                        "author": {
                                            "login": "PaymonK"
                                        },
                                        "title": "Folder size",
                                        "url": "https://github.com/files-community/Files/issues/3046",
                                        "state": "CLOSED",
                                        "number": 3046,
                                        "__typename": "Issue"
                                    }
                                }
                            ]
                        }
                    },
                    {
                        "author": {
                            "login": "marcelwgn"
                        },
                        "title": "A11y: Tab order lands on element \"Pane\" with no focus indicator",
                        "url": "https://github.com/files-community/Files/issues/2919",
                        "state": "CLOSED",
                        "number": 2919,
                        "timelineItems": {
                            "nodes": [
                                {
                                    "source": {
                                        "author": {
                                            "login": "winston-de"
                                        },
                                        "title": "Accessibility improvements",
                                        "url": "https://github.com/files-community/Files/pull/3312",
                                        "state": "MERGED",
                                        "number": 3312,
                                        "__typename": "PullRequest"
                                    }
                                }
                            ]
                        }
                    },
                    {
                        "author": {
                            "login": "Nama"
                        },
                        "title": "Add support for choosing the home page",
                        "url": "https://github.com/files-community/Files/issues/2918",
                        "state": "CLOSED",
                        "number": 2918,
                        "timelineItems": {
                            "nodes": []
                        }
                    },
                    {
                        "author": {
                            "login": "rounk-ctrl"
                        },
                        "title": "MD5Hash Error",
                        "url": "https://github.com/files-community/Files/issues/2914",
                        "state": "CLOSED",
                        "number": 2914,
                        "timelineItems": {
                            "nodes": [
                                {
                                    "source": {
                                        "author": {
                                            "login": "oleitao"
                                        },
                                        "title": "MD5Hash Error (bug fix)",
                                        "url": "https://github.com/files-community/Files/pull/4121",
                                        "state": "CLOSED",
                                        "number": 4121,
                                        "__typename": "PullRequest"
                                    }
                                }
                            ]
                        }
                    },
                    {
                        "author": {
                            "login": "tgrelka"
                        },
                        "title": "Pressing 'back' arrow from any category in Settings brings you to 'Appearance' instead of closing ",
                        "url": "https://github.com/files-community/Files/issues/2913",
                        "state": "CLOSED",
                        "number": 2913,
                        "timelineItems": {
                            "nodes": []
                        }
                    },
                    {
                        "author": {
                            "login": "tgrelka"
                        },
                        "title": "Closing settings requires an additional click each time",
                        "url": "https://github.com/files-community/Files/issues/2912",
                        "state": "CLOSED",
                        "number": 2912,
                        "timelineItems": {
                            "nodes": [
                                {
                                    "source": {
                                        "author": {
                                            "login": "tgrelka"
                                        },
                                        "title": "Pressing 'back' arrow from any category in Settings brings you to 'Appearance' instead of closing ",
                                        "url": "https://github.com/files-community/Files/issues/2913",
                                        "state": "CLOSED",
                                        "number": 2913,
                                        "__typename": "Issue"
                                    }
                                }
                            ]
                        }
                    },
                    {
                        "author": {
                            "login": "chdelacr"
                        },
                        "title": "Programs open in background from contextual menu",
                        "url": "https://github.com/files-community/Files/issues/2911",
                        "state": "CLOSED",
                        "number": 2911,
                        "timelineItems": {
                            "nodes": []
                        }
                    },
                    {
                        "author": {
                            "login": "AlexNovitchkovBurbank"
                        },
                        "title": "Security tab feature",
                        "url": "https://github.com/files-community/Files/issues/2909",
                        "state": "CLOSED",
                        "number": 2909,
                        "timelineItems": {
                            "nodes": []
                        }
                    },
                    {
                        "author": {
                            "login": "rafal06"
                        },
                        "title": "Add an option to choose default folder layout",
                        "url": "https://github.com/files-community/Files/issues/2907",
                        "state": "CLOSED",
                        "number": 2907,
                        "timelineItems": {
                            "nodes": []
                        }
                    },
                    {
                        "author": {
                            "login": "mbeps"
                        },
                        "title": "Tick-boxes to select multiple items",
                        "url": "https://github.com/files-community/Files/issues/2906",
                        "state": "CLOSED",
                        "number": 2906,
                        "timelineItems": {
                            "nodes": []
                        }
                    },
                    {
                        "author": {
                            "login": "AryaPaw"
                        },
                        "title": "Wishes",
                        "url": "https://github.com/files-community/Files/issues/2897",
                        "state": "CLOSED",
                        "number": 2897,
                        "timelineItems": {
                            "nodes": []
                        }
                    },
                    {
                        "author": {
                            "login": "Tech-How"
                        },
                        "title": "Some previews of pictures don't show in grid view",
                        "url": "https://github.com/files-community/Files/issues/2894",
                        "state": "CLOSED",
                        "number": 2894,
                        "timelineItems": {
                            "nodes": []
                        }
                    },
                    {
                        "author": {
                            "login": "C0ffeeCode"
                        },
                        "title": "Allow displaying deletion date in recycle bin and sorting by it",
                        "url": "https://github.com/files-community/Files/issues/2885",
                        "state": "CLOSED",
                        "number": 2885,
                        "timelineItems": {
                            "nodes": [
                                {
                                    "source": {
                                        "author": {
                                            "login": "gave92"
                                        },
                                        "title": "Show deletion date in recycle bin",
                                        "url": "https://github.com/files-community/Files/pull/2892",
                                        "state": "MERGED",
                                        "number": 2892,
                                        "__typename": "PullRequest"
                                    }
                                }
                            ]
                        }
                    },
                    {
                        "author": {
                            "login": "Tech-How"
                        },
                        "title": "Unable to eject drives while open",
                        "url": "https://github.com/files-community/Files/issues/2884",
                        "state": "CLOSED",
                        "number": 2884,
                        "timelineItems": {
                            "nodes": [
                                {
                                    "source": {
                                        "author": {
                                            "login": "Hefaistos68"
                                        },
                                        "title": "Ejecting removeable drives should close related tabs",
                                        "url": "https://github.com/files-community/Files/issues/3026",
                                        "state": "CLOSED",
                                        "number": 3026,
                                        "__typename": "Issue"
                                    }
                                }
                            ]
                        }
                    },
                    {
                        "author": {
                            "login": "Richard-HM"
                        },
                        "title": "The app crashes when trying to restart it after changing the language",
                        "url": "https://github.com/files-community/Files/issues/2873",
                        "state": "CLOSED",
                        "number": 2873,
                        "timelineItems": {
                            "nodes": [
                                {
                                    "source": {
                                        "author": {
                                            "login": "gave92"
                                        },
                                        "title": "Fixed an issue where the app would crash on restart after changing the language",
                                        "url": "https://github.com/files-community/Files/pull/2879",
                                        "state": "MERGED",
                                        "number": 2879,
                                        "__typename": "PullRequest"
                                    }
                                }
                            ]
                        }
                    },
                    {
                        "author": {
                            "login": "yaira2"
                        },
                        "title": "Bug report: Item selection count is not displaying on status bar in any of the GridView layouts",
                        "url": "https://github.com/files-community/Files/issues/2872",
                        "state": "CLOSED",
                        "number": 2872,
                        "timelineItems": {
                            "nodes": [
                                {
                                    "source": {
                                        "author": {
                                            "login": "gave92"
                                        },
                                        "title": "Fixes an issue for which status bar didn't update after switching layout",
                                        "url": "https://github.com/files-community/Files/pull/2882",
                                        "state": "MERGED",
                                        "number": 2882,
                                        "__typename": "PullRequest"
                                    }
                                }
                            ]
                        }
                    },
                    {
                        "author": {
                            "login": "Yuraconst"
                        },
                        "title": "Grouping",
                        "url": "https://github.com/files-community/Files/issues/2871",
                        "state": "CLOSED",
                        "number": 2871,
                        "timelineItems": {
                            "nodes": []
                        }
                    },
                    {
                        "author": {
                            "login": "Tech-How"
                        },
                        "title": "Alt+enter moves cursor down",
                        "url": "https://github.com/files-community/Files/issues/2870",
                        "state": "CLOSED",
                        "number": 2870,
                        "timelineItems": {
                            "nodes": [
                                {
                                    "source": {
                                        "author": {
                                            "login": "tgrelka"
                                        },
                                        "title": "Pressing 'back' arrow from any category in Settings brings you to 'Appearance' instead of closing ",
                                        "url": "https://github.com/files-community/Files/issues/2913",
                                        "state": "CLOSED",
                                        "number": 2913,
                                        "__typename": "Issue"
                                    }
                                }
                            ]
                        }
                    },
                    {
                        "author": {
                            "login": "Tech-How"
                        },
                        "title": "Hidden files & folders doesn't update until page refreshed",
                        "url": "https://github.com/files-community/Files/issues/2868",
                        "state": "CLOSED",
                        "number": 2868,
                        "timelineItems": {
                            "nodes": []
                        }
                    },
                    {
                        "author": {
                            "login": "candrapersada"
                        },
                        "title": "Thumbnails in File don't work properly",
                        "url": "https://github.com/files-community/Files/issues/2861",
                        "state": "CLOSED",
                        "number": 2861,
                        "timelineItems": {
                            "nodes": []
                        }
                    },
                    {
                        "author": {
                            "login": "HeroPPPPath"
                        },
                        "title": "winE",
                        "url": "https://github.com/files-community/Files/issues/2858",
                        "state": "CLOSED",
                        "number": 2858,
                        "timelineItems": {
                            "nodes": []
                        }
                    },
                    {
                        "author": {
                            "login": "Richard-HM"
                        },
                        "title": "When you enable \"Show hidden items\" or \"Show file extensions\", see changes without manually refreshing the directory",
                        "url": "https://github.com/files-community/Files/issues/2857",
                        "state": "CLOSED",
                        "number": 2857,
                        "timelineItems": {
                            "nodes": [
                                {
                                    "source": {
                                        "author": {
                                            "login": "Tech-How"
                                        },
                                        "title": "Hidden files & folders doesn't update until page refreshed",
                                        "url": "https://github.com/files-community/Files/issues/2868",
                                        "state": "CLOSED",
                                        "number": 2868,
                                        "__typename": "Issue"
                                    }
                                },
                                {
                                    "source": {
                                        "author": {
                                            "login": "JaiganeshKumaran"
                                        },
                                        "title": "Changing options in display mode such as hidden files or file extensions doesn't update immediately",
                                        "url": "https://github.com/files-community/Files/issues/3335",
                                        "state": "CLOSED",
                                        "number": 3335,
                                        "__typename": "Issue"
                                    }
                                },
                                {
                                    "source": {
                                        "author": {
                                            "login": "FMalerba"
                                        },
                                        "title": "Files windows should refresh when enabling view of hidden files",
                                        "url": "https://github.com/files-community/Files/issues/5921",
                                        "state": "CLOSED",
                                        "number": 5921,
                                        "__typename": "Issue"
                                    }
                                },
                                {
                                    "source": {
                                        "author": {
                                            "login": "gave92"
                                        },
                                        "title": "Show ongoing tasks button if there are any banners",
                                        "url": "https://github.com/files-community/Files/pull/5970",
                                        "state": "MERGED",
                                        "number": 5970,
                                        "__typename": "PullRequest"
                                    }
                                }
                            ]
                        }
                    },
                    {
                        "author": {
                            "login": "yaira2"
                        },
                        "title": "Feature: Scroll position and selected item should be kept after changing layout",
                        "url": "https://github.com/files-community/Files/issues/2856",
                        "state": "OPEN",
                        "number": 2856,
                        "timelineItems": {
                            "nodes": [
                                {
                                    "source": {
                                        "author": {
                                            "login": "Hefaistos68"
                                        },
                                        "title": "Maintain selection and focus when switching layout mode",
                                        "url": "https://github.com/files-community/Files/issues/3014",
                                        "state": "CLOSED",
                                        "number": 3014,
                                        "__typename": "Issue"
                                    }
                                },
                                {
                                    "source": {
                                        "author": {
                                            "login": "Gueztt"
                                        },
                                        "title": "Feature: Preserve selection while changing layout mode",
                                        "url": "https://github.com/files-community/Files/issues/11048",
                                        "state": "CLOSED",
                                        "number": 11048,
                                        "__typename": "Issue"
                                    }
                                },
                                {
                                    "source": {
                                        "author": {
                                            "login": "warpdesign"
                                        },
                                        "title": "Bug: Updating a folder outside Files loses selection",
                                        "url": "https://github.com/files-community/Files/issues/8078",
                                        "state": "CLOSED",
                                        "number": 8078,
                                        "__typename": "Issue"
                                    }
                                },
                                {
                                    "source": {
                                        "author": {
                                            "login": "BanCrash"
                                        },
                                        "title": "Bug: SMB / MTP / some network folders won't refresh after changes",
                                        "url": "https://github.com/files-community/Files/issues/5869",
                                        "state": "OPEN",
                                        "number": 5869,
                                        "__typename": "Issue"
                                    }
                                }
                            ]
                        }
                    },
                    {
                        "author": {
                            "login": "ziv-commentor"
                        },
                        "title": "Setting Files as default file explorer",
                        "url": "https://github.com/files-community/Files/issues/2853",
                        "state": "CLOSED",
                        "number": 2853,
                        "timelineItems": {
                            "nodes": []
                        }
                    },
                    {
                        "author": {
                            "login": "maxime-mrl"
                        },
                        "title": "Search in trash crash the apps",
                        "url": "https://github.com/files-community/Files/issues/2852",
                        "state": "CLOSED",
                        "number": 2852,
                        "timelineItems": {
                            "nodes": []
                        }
                    },
                    {
                        "author": {
                            "login": "Tech-How"
                        },
                        "title": "Cannot run CMD files as administrator.",
                        "url": "https://github.com/files-community/Files/issues/2845",
                        "state": "CLOSED",
                        "number": 2845,
                        "timelineItems": {
                            "nodes": [
                                {
                                    "source": {
                                        "author": {
                                            "login": "yaira2"
                                        },
                                        "title": "Added the option to run cmd files as admin",
                                        "url": "https://github.com/files-community/Files/pull/2846",
                                        "state": "MERGED",
                                        "number": 2846,
                                        "__typename": "PullRequest"
                                    }
                                }
                            ]
                        }
                    },
                    {
                        "author": {
                            "login": "dkostarnov"
                        },
                        "title": " access to folders in administrator mode",
                        "url": "https://github.com/files-community/Files/issues/2840",
                        "state": "CLOSED",
                        "number": 2840,
                        "timelineItems": {
                            "nodes": []
                        }
                    },
                    {
                        "author": {
                            "login": "Tech-How"
                        },
                        "title": "Add \"Shortcut\" option to the new menu",
                        "url": "https://github.com/files-community/Files/issues/2833",
                        "state": "CLOSED",
                        "number": 2833,
                        "timelineItems": {
                            "nodes": [
                                {
                                    "source": {
                                        "author": {
                                            "login": "wond4200"
                                        },
                                        "title": "Crash when opening newly created (\"empty\") shortcuts",
                                        "url": "https://github.com/files-community/Files/issues/3320",
                                        "state": "CLOSED",
                                        "number": 3320,
                                        "__typename": "Issue"
                                    }
                                },
                                {
                                    "source": {
                                        "author": {
                                            "login": "Josh65-2201"
                                        },
                                        "title": "Add option to create new shortcut",
                                        "url": "https://github.com/files-community/Files/issues/4584",
                                        "state": "CLOSED",
                                        "number": 4584,
                                        "__typename": "Issue"
                                    }
                                }
                            ]
                        }
                    },
                    {
                        "author": {
                            "login": "Tech-How"
                        },
                        "title": "Unable to drag shortcuts (lnk) files to move them",
                        "url": "https://github.com/files-community/Files/issues/2832",
                        "state": "CLOSED",
                        "number": 2832,
                        "timelineItems": {
                            "nodes": []
                        }
                    },
                    {
                        "author": {
                            "login": "Magangel"
                        },
                        "title": "A new cloud feature",
                        "url": "https://github.com/files-community/Files/issues/2826",
                        "state": "CLOSED",
                        "number": 2826,
                        "timelineItems": {
                            "nodes": []
                        }
                    },
                    {
                        "author": {
                            "login": "va-it"
                        },
                        "title": "Allow expansion of left-hand menu in settings when window is not maximised",
                        "url": "https://github.com/files-community/Files/issues/2821",
                        "state": "CLOSED",
                        "number": 2821,
                        "timelineItems": {
                            "nodes": []
                        }
                    },
                    {
                        "author": null,
                        "title": "Duplicated C: drive",
                        "url": "https://github.com/files-community/Files/issues/2816",
                        "state": "CLOSED",
                        "number": 2816,
                        "timelineItems": {
                            "nodes": []
                        }
                    },
                    {
                        "author": {
                            "login": "heistema"
                        },
                        "title": "Application crashes when clicking on drives without a letter",
                        "url": "https://github.com/files-community/Files/issues/2814",
                        "state": "CLOSED",
                        "number": 2814,
                        "timelineItems": {
                            "nodes": [
                                {
                                    "source": {
                                        "author": {
                                            "login": "heistema"
                                        },
                                        "title": "Application crashes when clicking sorting by name twice on a plain drive (no subfolder)",
                                        "url": "https://github.com/files-community/Files/pull/2777",
                                        "state": "MERGED",
                                        "number": 2777,
                                        "__typename": "PullRequest"
                                    }
                                }
                            ]
                        }
                    },
                    {
                        "author": {
                            "login": "MBuelowius"
                        },
                        "title": "Overlapping library widgets on hovering",
                        "url": "https://github.com/files-community/Files/issues/2812",
                        "state": "CLOSED",
                        "number": 2812,
                        "timelineItems": {
                            "nodes": []
                        }
                    },
                    {
                        "author": {
                            "login": "yaira2"
                        },
                        "title": "Bug report: Navigating to the settings page sometimes requires pressing the back button multiple times",
                        "url": "https://github.com/files-community/Files/issues/2810",
                        "state": "CLOSED",
                        "number": 2810,
                        "timelineItems": {
                            "nodes": [
                                {
                                    "source": {
                                        "author": {
                                            "login": "HenryOfCarim"
                                        },
                                        "title": "Back button in the settings doesn't work from the first try",
                                        "url": "https://github.com/files-community/Files/issues/2866",
                                        "state": "CLOSED",
                                        "number": 2866,
                                        "__typename": "Issue"
                                    }
                                },
                                {
                                    "source": {
                                        "author": {
                                            "login": "gave92"
                                        },
                                        "title": "Fixes an issue for which navigating to the settings page requires pressing the back button multiple times",
                                        "url": "https://github.com/files-community/Files/pull/2867",
                                        "state": "MERGED",
                                        "number": 2867,
                                        "__typename": "PullRequest"
                                    }
                                }
                            ]
                        }
                    },
                    {
                        "author": {
                            "login": "Richard-HM"
                        },
                        "title": "Properties: Titles of detail sections are sorted alphabetically",
                        "url": "https://github.com/files-community/Files/issues/2808",
                        "state": "CLOSED",
                        "number": 2808,
                        "timelineItems": {
                            "nodes": [
                                {
                                    "source": {
                                        "author": {
                                            "login": "winston-de"
                                        },
                                        "title": "Changed default sorting method for properties",
                                        "url": "https://github.com/files-community/Files/pull/2855",
                                        "state": "MERGED",
                                        "number": 2855,
                                        "__typename": "PullRequest"
                                    }
                                }
                            ]
                        }
                    },
                    {
                        "author": {
                            "login": "gsingh13"
                        },
                        "title": "Add support to pin an item by dragging it to the sidebar",
                        "url": "https://github.com/files-community/Files/issues/2800",
                        "state": "CLOSED",
                        "number": 2800,
                        "timelineItems": {
                            "nodes": []
                        }
                    },
                    {
                        "author": {
                            "login": "alberto-diaz15"
                        },
                        "title": "Add translations to system folders",
                        "url": "https://github.com/files-community/Files/issues/2795",
                        "state": "CLOSED",
                        "number": 2795,
                        "timelineItems": {
                            "nodes": []
                        }
                    },
                    {
                        "author": {
                            "login": "ZTL-UwU"
                        },
                        "title": "Right click menu animation drops down from the top when the menu is upon the cursor",
                        "url": "https://github.com/files-community/Files/issues/2793",
                        "state": "CLOSED",
                        "number": 2793,
                        "timelineItems": {
                            "nodes": []
                        }
                    },
                    {
                        "author": {
                            "login": "Tech-How"
                        },
                        "title": "Re-order pinned sidebar folders by dragging",
                        "url": "https://github.com/files-community/Files/issues/2779",
                        "state": "CLOSED",
                        "number": 2779,
                        "timelineItems": {
                            "nodes": []
                        }
                    },
                    {
                        "author": {
                            "login": "Tech-How"
                        },
                        "title": "Progress bar stuck at 0%",
                        "url": "https://github.com/files-community/Files/issues/2778",
                        "state": "CLOSED",
                        "number": 2778,
                        "timelineItems": {
                            "nodes": []
                        }
                    },
                    {
                        "author": {
                            "login": "youngerstar"
                        },
                        "title": "Add support for pinning hidden folders to the sidebar",
                        "url": "https://github.com/files-community/Files/issues/2763",
                        "state": "CLOSED",
                        "number": 2763,
                        "timelineItems": {
                            "nodes": [
                                {
                                    "source": {
                                        "author": {
                                            "login": "ShubhamVerma1811"
                                        },
                                        "title": "Unable to pin \"Downloads\" folder to the sidebar.",
                                        "url": "https://github.com/files-community/Files/issues/3006",
                                        "state": "CLOSED",
                                        "number": 3006,
                                        "__typename": "Issue"
                                    }
                                },
                                {
                                    "source": {
                                        "author": {
                                            "login": "gave92"
                                        },
                                        "title": "Added the option to pin hidden folders to the sidebar",
                                        "url": "https://github.com/files-community/Files/pull/3277",
                                        "state": "MERGED",
                                        "number": 3277,
                                        "__typename": "PullRequest"
                                    }
                                }
                            ]
                        }
                    },
                    {
                        "author": {
                            "login": "9xr42"
                        },
                        "title": "View Format",
                        "url": "https://github.com/files-community/Files/issues/2757",
                        "state": "CLOSED",
                        "number": 2757,
                        "timelineItems": {
                            "nodes": []
                        }
                    },
                    {
                        "author": {
                            "login": "9xr42"
                        },
                        "title": "Width of Columns",
                        "url": "https://github.com/files-community/Files/issues/2755",
                        "state": "CLOSED",
                        "number": 2755,
                        "timelineItems": {
                            "nodes": []
                        }
                    },
                    {
                        "author": {
                            "login": "Erdu-EC"
                        },
                        "title": "Add \"Group by...\" option on context menu",
                        "url": "https://github.com/files-community/Files/issues/2754",
                        "state": "CLOSED",
                        "number": 2754,
                        "timelineItems": {
                            "nodes": []
                        }
                    },
                    {
                        "author": {
                            "login": "wanderseeme"
                        },
                        "title": "Integration with folder opening actions (e.g., AutoHotKey, search open folder, show file location, etc.)",
                        "url": "https://github.com/files-community/Files/issues/2746",
                        "state": "CLOSED",
                        "number": 2746,
                        "timelineItems": {
                            "nodes": []
                        }
                    },
                    {
                        "author": {
                            "login": "Raspberry1111"
                        },
                        "title": "Crashes when trying to open any drive",
                        "url": "https://github.com/files-community/Files/issues/2730",
                        "state": "CLOSED",
                        "number": 2730,
                        "timelineItems": {
                            "nodes": []
                        }
                    },
                    {
                        "author": {
                            "login": "WilliamBakersGithub"
                        },
                        "title": "Preview Pane Require",
                        "url": "https://github.com/files-community/Files/issues/2729",
                        "state": "CLOSED",
                        "number": 2729,
                        "timelineItems": {
                            "nodes": []
                        }
                    },
                    {
                        "author": {
                            "login": "XUANJI233"
                        },
                        "title": "Some side effects after replacing file Explorer with a file",
                        "url": "https://github.com/files-community/Files/issues/2723",
                        "state": "CLOSED",
                        "number": 2723,
                        "timelineItems": {
                            "nodes": []
                        }
                    },
                    {
                        "author": {
                            "login": "XUANJI233"
                        },
                        "title": "When changing from a tab page to a new window, it will return to the home page instead of the original page.",
                        "url": "https://github.com/files-community/Files/issues/2721",
                        "state": "CLOSED",
                        "number": 2721,
                        "timelineItems": {
                            "nodes": []
                        }
                    },
                    {
                        "author": {
                            "login": "p0ryae"
                        },
                        "title": "Some Epic Suggestions for the Files App :O",
                        "url": "https://github.com/files-community/Files/issues/2705",
                        "state": "CLOSED",
                        "number": 2705,
                        "timelineItems": {
                            "nodes": []
                        }
                    },
                    {
                        "author": null,
                        "title": "Option to hide folder history on taskbar",
                        "url": "https://github.com/files-community/Files/issues/2701",
                        "state": "CLOSED",
                        "number": 2701,
                        "timelineItems": {
                            "nodes": []
                        }
                    },
                    {
                        "author": {
                            "login": "payambordbar"
                        },
                        "title": "New file option not working",
                        "url": "https://github.com/files-community/Files/issues/2695",
                        "state": "CLOSED",
                        "number": 2695,
                        "timelineItems": {
                            "nodes": [
                                {
                                    "source": {
                                        "author": {
                                            "login": "gave92"
                                        },
                                        "title": "Fixes an issue with the \"Create New File\" option and the context menu",
                                        "url": "https://github.com/files-community/Files/pull/2702",
                                        "state": "MERGED",
                                        "number": 2702,
                                        "__typename": "PullRequest"
                                    }
                                }
                            ]
                        }
                    },
                    {
                        "author": {
                            "login": "QiuYukang"
                        },
                        "title": "The sidebar shows that there are two drive D, in fact there is only one",
                        "url": "https://github.com/files-community/Files/issues/2686",
                        "state": "CLOSED",
                        "number": 2686,
                        "timelineItems": {
                            "nodes": [
                                {
                                    "source": {
                                        "author": null,
                                        "title": "Duplicated C: drive",
                                        "url": "https://github.com/files-community/Files/issues/2816",
                                        "state": "CLOSED",
                                        "number": 2816,
                                        "__typename": "Issue"
                                    }
                                },
                                {
                                    "source": {
                                        "author": {
                                            "login": "AndyMDoyle"
                                        },
                                        "title": "Added proper support for multiple OneDrive accounts",
                                        "url": "https://github.com/files-community/Files/pull/3177",
                                        "state": "MERGED",
                                        "number": 3177,
                                        "__typename": "PullRequest"
                                    }
                                }
                            ]
                        }
                    },
                    {
                        "author": {
                            "login": "iseeghosts"
                        },
                        "title": "Thumbnail appear blurred/pixelated",
                        "url": "https://github.com/files-community/Files/issues/2685",
                        "state": "CLOSED",
                        "number": 2685,
                        "timelineItems": {
                            "nodes": []
                        }
                    },
                    {
                        "author": {
                            "login": "anonylake"
                        },
                        "title": "icons not clear",
                        "url": "https://github.com/files-community/Files/issues/2677",
                        "state": "CLOSED",
                        "number": 2677,
                        "timelineItems": {
                            "nodes": []
                        }
                    },
                    {
                        "author": {
                            "login": "whdmike"
                        },
                        "title": "update inside MS Store not working for ver 0.23",
                        "url": "https://github.com/files-community/Files/issues/2664",
                        "state": "CLOSED",
                        "number": 2664,
                        "timelineItems": {
                            "nodes": []
                        }
                    },
                    {
                        "author": {
                            "login": "mztlive"
                        },
                        "title": "右键延迟甚至闪退",
                        "url": "https://github.com/files-community/Files/issues/2662",
                        "state": "CLOSED",
                        "number": 2662,
                        "timelineItems": {
                            "nodes": []
                        }
                    },
                    {
                        "author": {
                            "login": "Teraskull"
                        },
                        "title": "Selecting 'Open in new tab' on the Sidebar Recycle Bin opens a new tab instead",
                        "url": "https://github.com/files-community/Files/issues/2661",
                        "state": "CLOSED",
                        "number": 2661,
                        "timelineItems": {
                            "nodes": [
                                {
                                    "source": {
                                        "author": {
                                            "login": "gave92"
                                        },
                                        "title": "Recycle bin improvements",
                                        "url": "https://github.com/files-community/Files/pull/2703",
                                        "state": "MERGED",
                                        "number": 2703,
                                        "__typename": "PullRequest"
                                    }
                                }
                            ]
                        }
                    },
                    {
                        "author": {
                            "login": "kleuton05"
                        },
                        "title": "the transfer percentage is not shown.",
                        "url": "https://github.com/files-community/Files/issues/2659",
                        "state": "CLOSED",
                        "number": 2659,
                        "timelineItems": {
                            "nodes": []
                        }
                    },
                    {
                        "author": {
                            "login": "JaiganeshKumaran"
                        },
                        "title": "Status center reports deleting but doesn't actually delete it even if you click cancel on the dialog",
                        "url": "https://github.com/files-community/Files/issues/2657",
                        "state": "CLOSED",
                        "number": 2657,
                        "timelineItems": {
                            "nodes": []
                        }
                    }
                ]
            }
        }
    }
}