{
    "data": {
        "repository": {
            "pullRequests": {
                "pageInfo": {
                    "endCursor": "Y3Vyc29yOnYyOpHOI5zhDg=="
                },
                "nodes": [
                    {
                        "author": {
                            "login": "R3voA3"
                        },
                        "title": "Update Files.de-DE.xlf",
                        "url": "https://github.com/files-community/Files/pull/3915",
                        "state": "MERGED",
                        "number": 3915,
                        "timelineItems": {
                            "nodes": []
                        }
                    },
                    {
                        "author": {
                            "login": "yaira2"
                        },
                        "title": "Fixed an issue where the sidebar was using the wrong icons",
                        "url": "https://github.com/files-community/Files/pull/3916",
                        "state": "MERGED",
                        "number": 3916,
                        "timelineItems": {
                            "nodes": []
                        }
                    },
                    {
                        "author": {
                            "login": "winston-de"
                        },
                        "title": "Fixed typo",
                        "url": "https://github.com/files-community/Files/pull/3920",
                        "state": "MERGED",
                        "number": 3920,
                        "timelineItems": {
                            "nodes": []
                        }
                    },
                    {
                        "author": {
                            "login": "winston-de"
                        },
                        "title": "Added WinUI 2.6 preview",
                        "url": "https://github.com/files-community/Files/pull/3921",
                        "state": "MERGED",
                        "number": 3921,
                        "timelineItems": {
                            "nodes": []
                        }
                    },
                    {
                        "author": {
                            "login": "dependabot"
                        },
                        "title": "Bump Microsoft.Data.Sqlite.Core from 5.0.3 to 5.0.4",
                        "url": "https://github.com/files-community/Files/pull/3925",
                        "state": "MERGED",
                        "number": 3925,
                        "timelineItems": {
                            "nodes": []
                        }
                    },
                    {
                        "author": {
                            "login": "d2dyno1"
                        },
                        "title": "Updated pl-PL",
                        "url": "https://github.com/files-community/Files/pull/3928",
                        "state": "MERGED",
                        "number": 3928,
                        "timelineItems": {
                            "nodes": []
                        }
                    },
                    {
                        "author": {
                            "login": "d2dyno1"
                        },
                        "title": "Added the option to close tabs to the right",
                        "url": "https://github.com/files-community/Files/pull/3929",
                        "state": "MERGED",
                        "number": 3929,
                        "timelineItems": {
                            "nodes": [
                                {
                                    "source": {
                                        "author": {
                                            "login": "szaimen"
                                        },
                                        "title": "Context menu for tabs",
                                        "url": "https://github.com/files-community/Files/issues/260",
                                        "state": "CLOSED",
                                        "number": 260,
                                        "__typename": "Issue"
                                    }
                                }
                            ]
                        }
                    },
                    {
                        "author": {
                            "login": "KristofKekesi"
                        },
                        "title": "Update Files.hu-HU.xlf",
                        "url": "https://github.com/files-community/Files/pull/3933",
                        "state": "MERGED",
                        "number": 3933,
                        "timelineItems": {
                            "nodes": []
                        }
                    },
                    {
                        "author": {
                            "login": "gsvalbe"
                        },
                        "title": "Latvian translation",
                        "url": "https://github.com/files-community/Files/pull/3938",
                        "state": "MERGED",
                        "number": 3938,
                        "timelineItems": {
                            "nodes": [
                                {
                                    "source": {
                                        "author": {
                                            "login": "R3voA3"
                                        },
                                        "title": "Item Count property is not translated in the preview pane",
                                        "url": "https://github.com/files-community/Files/issues/3963",
                                        "state": "CLOSED",
                                        "number": 3963,
                                        "__typename": "Issue"
                                    }
                                }
                            ]
                        }
                    },
                    {
                        "author": {
                            "login": "leorusvellt"
                        },
                        "title": "Update Files.pt-BR.xlf",
                        "url": "https://github.com/files-community/Files/pull/3940",
                        "state": "MERGED",
                        "number": 3940,
                        "timelineItems": {
                            "nodes": []
                        }
                    },
                    {
                        "author": {
                            "login": "Richard-HM"
                        },
                        "title": "Change the default folder icon",
                        "url": "https://github.com/files-community/Files/pull/3941",
                        "state": "MERGED",
                        "number": 3941,
                        "timelineItems": {
                            "nodes": []
                        }
                    },
                    {
                        "author": {
                            "login": "yaira2"
                        },
                        "title": "Adjusted acrylic brush in settings to match the sidebar",
                        "url": "https://github.com/files-community/Files/pull/3942",
                        "state": "MERGED",
                        "number": 3942,
                        "timelineItems": {
                            "nodes": []
                        }
                    },
                    {
                        "author": {
                            "login": "gave92"
                        },
                        "title": "Hide unpin from libraries",
                        "url": "https://github.com/files-community/Files/pull/3943",
                        "state": "MERGED",
                        "number": 3943,
                        "timelineItems": {
                            "nodes": []
                        }
                    },
                    {
                        "author": {
                            "login": "oleitao"
                        },
                        "title": "Add section property to LocationItem",
                        "url": "https://github.com/files-community/Files/pull/3946",
                        "state": "MERGED",
                        "number": 3946,
                        "timelineItems": {
                            "nodes": []
                        }
                    },
                    {
                        "author": {
                            "login": "yaira2"
                        },
                        "title": "Added try/catch to prevent crash with reload item icons",
                        "url": "https://github.com/files-community/Files/pull/3956",
                        "state": "CLOSED",
                        "number": 3956,
                        "timelineItems": {
                            "nodes": []
                        }
                    },
                    {
                        "author": {
                            "login": "d2dyno1"
                        },
                        "title": "Cleanups to Interaction",
                        "url": "https://github.com/files-community/Files/pull/3967",
                        "state": "MERGED",
                        "number": 3967,
                        "timelineItems": {
                            "nodes": []
                        }
                    },
                    {
                        "author": {
                            "login": "kayazeren"
                        },
                        "title": "Turkish translation update",
                        "url": "https://github.com/files-community/Files/pull/3968",
                        "state": "MERGED",
                        "number": 3968,
                        "timelineItems": {
                            "nodes": []
                        }
                    },
                    {
                        "author": {
                            "login": "lampenlampen"
                        },
                        "title": "color progressbar red if free diskspace low",
                        "url": "https://github.com/files-community/Files/pull/3975",
                        "state": "CLOSED",
                        "number": 3975,
                        "timelineItems": {
                            "nodes": [
                                {
                                    "source": {
                                        "author": {
                                            "login": "paufase"
                                        },
                                        "title": "Enhancement: Add info when disk is almost full",
                                        "url": "https://github.com/files-community/Files/issues/3540",
                                        "state": "CLOSED",
                                        "number": 3540,
                                        "__typename": "Issue"
                                    }
                                }
                            ]
                        }
                    },
                    {
                        "author": {
                            "login": "yaira2"
                        },
                        "title": "Fixed json property name for pinned items",
                        "url": "https://github.com/files-community/Files/pull/3977",
                        "state": "MERGED",
                        "number": 3977,
                        "timelineItems": {
                            "nodes": []
                        }
                    },
                    {
                        "author": {
                            "login": "d2dyno1"
                        },
                        "title": "Possible fix NullReferenceException (AppCenter)",
                        "url": "https://github.com/files-community/Files/pull/3979",
                        "state": "MERGED",
                        "number": 3979,
                        "timelineItems": {
                            "nodes": []
                        }
                    },
                    {
                        "author": {
                            "login": "winston-de"
                        },
                        "title": "Fixed issue where previewing folder shortcut would cause a crash",
                        "url": "https://github.com/files-community/Files/pull/3980",
                        "state": "MERGED",
                        "number": 3980,
                        "timelineItems": {
                            "nodes": []
                        }
                    },
                    {
                        "author": {
                            "login": "winston-de"
                        },
                        "title": "Switched icon for preview pane gripper",
                        "url": "https://github.com/files-community/Files/pull/3981",
                        "state": "MERGED",
                        "number": 3981,
                        "timelineItems": {
                            "nodes": []
                        }
                    },
                    {
                        "author": {
                            "login": "dependabot"
                        },
                        "title": "Bump Microsoft.Toolkit.Uwp from 6.1.1 to 7.0.0",
                        "url": "https://github.com/files-community/Files/pull/3987",
                        "state": "CLOSED",
                        "number": 3987,
                        "timelineItems": {
                            "nodes": []
                        }
                    },
                    {
                        "author": {
                            "login": "dependabot"
                        },
                        "title": "Bump Microsoft.Toolkit.Uwp.Notifications from 6.1.1 to 7.0.0",
                        "url": "https://github.com/files-community/Files/pull/3988",
                        "state": "CLOSED",
                        "number": 3988,
                        "timelineItems": {
                            "nodes": []
                        }
                    },
                    {
                        "author": {
                            "login": "dependabot"
                        },
                        "title": "Bump Microsoft.Toolkit.Uwp.UI.Lottie from 6.1.0 to 7.0.0",
                        "url": "https://github.com/files-community/Files/pull/3989",
                        "state": "CLOSED",
                        "number": 3989,
                        "timelineItems": {
                            "nodes": []
                        }
                    },
                    {
                        "author": {
                            "login": "dependabot"
                        },
                        "title": "Bump Microsoft.Toolkit.Uwp.DeveloperTools from 6.1.1 to 7.0.0",
                        "url": "https://github.com/files-community/Files/pull/3990",
                        "state": "CLOSED",
                        "number": 3990,
                        "timelineItems": {
                            "nodes": []
                        }
                    },
                    {
                        "author": {
                            "login": "dependabot"
                        },
                        "title": "Bump Microsoft.Toolkit.Uwp.UI.Controls.DataGrid from 6.1.1 to 7.0.0",
                        "url": "https://github.com/files-community/Files/pull/3991",
                        "state": "CLOSED",
                        "number": 3991,
                        "timelineItems": {
                            "nodes": []
                        }
                    },
                    {
                        "author": {
                            "login": "dependabot"
                        },
                        "title": "Bump Microsoft.Toolkit.Uwp.UI.Animations from 6.1.1 to 7.0.0",
                        "url": "https://github.com/files-community/Files/pull/3992",
                        "state": "CLOSED",
                        "number": 3992,
                        "timelineItems": {
                            "nodes": []
                        }
                    },
                    {
                        "author": {
                            "login": "dependabot"
                        },
                        "title": "Bump Microsoft.Toolkit.Uwp.UI from 6.1.1 to 7.0.0",
                        "url": "https://github.com/files-community/Files/pull/3993",
                        "state": "CLOSED",
                        "number": 3993,
                        "timelineItems": {
                            "nodes": []
                        }
                    },
                    {
                        "author": {
                            "login": "dependabot"
                        },
                        "title": "Bump Microsoft.Toolkit.Mvvm from 7.0.0-preview4 to 7.0.0",
                        "url": "https://github.com/files-community/Files/pull/3994",
                        "state": "CLOSED",
                        "number": 3994,
                        "timelineItems": {
                            "nodes": []
                        }
                    },
                    {
                        "author": {
                            "login": "dependabot"
                        },
                        "title": "Bump Microsoft.Toolkit.Uwp.UI.Controls from 6.1.1 to 7.0.0",
                        "url": "https://github.com/files-community/Files/pull/3995",
                        "state": "CLOSED",
                        "number": 3995,
                        "timelineItems": {
                            "nodes": []
                        }
                    },
                    {
                        "author": {
                            "login": "lukeblevins"
                        },
                        "title": "Sync with main",
                        "url": "https://github.com/files-community/Files/pull/4005",
                        "state": "MERGED",
                        "number": 4005,
                        "timelineItems": {
                            "nodes": []
                        }
                    },
                    {
                        "author": {
                            "login": "Richard-HM"
                        },
                        "title": "Fix strings [ko-KR]",
                        "url": "https://github.com/files-community/Files/pull/4006",
                        "state": "MERGED",
                        "number": 4006,
                        "timelineItems": {
                            "nodes": [
                                {
                                    "source": {
                                        "author": {
                                            "login": "amarese"
                                        },
                                        "title": "The Arabian message is shown for byte size unit when I set language to Korean",
                                        "url": "https://github.com/files-community/Files/issues/4148",
                                        "state": "CLOSED",
                                        "number": 4148,
                                        "__typename": "Issue"
                                    }
                                }
                            ]
                        }
                    },
                    {
                        "author": {
                            "login": "winston-de"
                        },
                        "title": "Use single instance of AppServiceConnection for preview pane thumbnails",
                        "url": "https://github.com/files-community/Files/pull/4014",
                        "state": "MERGED",
                        "number": 4014,
                        "timelineItems": {
                            "nodes": [
                                {
                                    "source": {
                                        "author": {
                                            "login": "winston-de"
                                        },
                                        "title": "Revert \"Use single instance of AppServiceConnection for preview pane thumbnails\"",
                                        "url": "https://github.com/files-community/Files/pull/4023",
                                        "state": "MERGED",
                                        "number": 4023,
                                        "__typename": "PullRequest"
                                    }
                                }
                            ]
                        }
                    },
                    {
                        "author": {
                            "login": "winston-de"
                        },
                        "title": "Lowered PDF preview page limit ",
                        "url": "https://github.com/files-community/Files/pull/4015",
                        "state": "MERGED",
                        "number": 4015,
                        "timelineItems": {
                            "nodes": []
                        }
                    },
                    {
                        "author": {
                            "login": "d2dyno1"
                        },
                        "title": "[Farewell, Interaction]: Step 1 of removing the Interaction class",
                        "url": "https://github.com/files-community/Files/pull/4016",
                        "state": "MERGED",
                        "number": 4016,
                        "timelineItems": {
                            "nodes": [
                                {
                                    "source": {
                                        "author": {
                                            "login": "winston-de"
                                        },
                                        "title": "Added ability to pin folders to start",
                                        "url": "https://github.com/files-community/Files/pull/4059",
                                        "state": "MERGED",
                                        "number": 4059,
                                        "__typename": "PullRequest"
                                    }
                                },
                                {
                                    "source": {
                                        "author": {
                                            "login": "d2dyno1"
                                        },
                                        "title": "[Farewell, Interaction]: Step 2 of removing the Interaction class",
                                        "url": "https://github.com/files-community/Files/pull/4189",
                                        "state": "MERGED",
                                        "number": 4189,
                                        "__typename": "PullRequest"
                                    }
                                }
                            ]
                        }
                    },
                    {
                        "author": {
                            "login": "yaira2"
                        },
                        "title": "Implementation of elevated full trust process",
                        "url": "https://github.com/files-community/Files/pull/4017",
                        "state": "MERGED",
                        "number": 4017,
                        "timelineItems": {
                            "nodes": []
                        }
                    },
                    {
                        "author": {
                            "login": "winston-de"
                        },
                        "title": "Prevent FullTitle string from being null in StatusCenter.cs",
                        "url": "https://github.com/files-community/Files/pull/4018",
                        "state": "MERGED",
                        "number": 4018,
                        "timelineItems": {
                            "nodes": []
                        }
                    },
                    {
                        "author": {
                            "login": "winston-de"
                        },
                        "title": "Moved some hard coded strings for the status center to string resources",
                        "url": "https://github.com/files-community/Files/pull/4019",
                        "state": "MERGED",
                        "number": 4019,
                        "timelineItems": {
                            "nodes": []
                        }
                    },
                    {
                        "author": {
                            "login": "winston-de"
                        },
                        "title": "Revert \"Use single instance of AppServiceConnection for preview pane thumbnails\"",
                        "url": "https://github.com/files-community/Files/pull/4023",
                        "state": "MERGED",
                        "number": 4023,
                        "timelineItems": {
                            "nodes": []
                        }
                    },
                    {
                        "author": {
                            "login": "winston-de"
                        },
                        "title": "Fixed issue where ScrollIntoView could throw argument exception",
                        "url": "https://github.com/files-community/Files/pull/4030",
                        "state": "MERGED",
                        "number": 4030,
                        "timelineItems": {
                            "nodes": []
                        }
                    },
                    {
                        "author": {
                            "login": "jaw3l"
                        },
                        "title": "Update Files.tr-TR.xlf",
                        "url": "https://github.com/files-community/Files/pull/4032",
                        "state": "MERGED",
                        "number": 4032,
                        "timelineItems": {
                            "nodes": []
                        }
                    },
                    {
                        "author": {
                            "login": "gave92"
                        },
                        "title": "Use named pipe instead of appservice",
                        "url": "https://github.com/files-community/Files/pull/4033",
                        "state": "MERGED",
                        "number": 4033,
                        "timelineItems": {
                            "nodes": [
                                {
                                    "source": {
                                        "author": {
                                            "login": "gave92"
                                        },
                                        "title": "Fix always deleting files permanently",
                                        "url": "https://github.com/files-community/Files/pull/4048",
                                        "state": "MERGED",
                                        "number": 4048,
                                        "__typename": "PullRequest"
                                    }
                                },
                                {
                                    "source": {
                                        "author": {
                                            "login": "kimlimjustin"
                                        },
                                        "title": "Files freezes when right-clicking files/folders",
                                        "url": "https://github.com/files-community/Files/issues/3855",
                                        "state": "CLOSED",
                                        "number": 3855,
                                        "__typename": "Issue"
                                    }
                                }
                            ]
                        }
                    },
                    {
                        "author": {
                            "login": "winston-de"
                        },
                        "title": "Implement preview load cancellation",
                        "url": "https://github.com/files-community/Files/pull/4034",
                        "state": "MERGED",
                        "number": 4034,
                        "timelineItems": {
                            "nodes": []
                        }
                    },
                    {
                        "author": {
                            "login": "R3voA3"
                        },
                        "title": "Update Files.de-DE.xlf",
                        "url": "https://github.com/files-community/Files/pull/4043",
                        "state": "MERGED",
                        "number": 4043,
                        "timelineItems": {
                            "nodes": []
                        }
                    },
                    {
                        "author": {
                            "login": "gave92"
                        },
                        "title": "Fix always deleting files permanently",
                        "url": "https://github.com/files-community/Files/pull/4048",
                        "state": "MERGED",
                        "number": 4048,
                        "timelineItems": {
                            "nodes": []
                        }
                    },
                    {
                        "author": {
                            "login": "yaira2"
                        },
                        "title": "Added ElevateConfirmDialog",
                        "url": "https://github.com/files-community/Files/pull/4051",
                        "state": "MERGED",
                        "number": 4051,
                        "timelineItems": {
                            "nodes": []
                        }
                    },
                    {
                        "author": {
                            "login": "yaira2"
                        },
                        "title": "Updated default value for the acrylic setting",
                        "url": "https://github.com/files-community/Files/pull/4053",
                        "state": "MERGED",
                        "number": 4053,
                        "timelineItems": {
                            "nodes": []
                        }
                    },
                    {
                        "author": {
                            "login": "yaira2"
                        },
                        "title": "Fixed build error",
                        "url": "https://github.com/files-community/Files/pull/4058",
                        "state": "MERGED",
                        "number": 4058,
                        "timelineItems": {
                            "nodes": []
                        }
                    },
                    {
                        "author": {
                            "login": "winston-de"
                        },
                        "title": "Added ability to pin folders to start",
                        "url": "https://github.com/files-community/Files/pull/4059",
                        "state": "MERGED",
                        "number": 4059,
                        "timelineItems": {
                            "nodes": [
                                {
                                    "source": {
                                        "author": {
                                            "login": "Richard-HM"
                                        },
                                        "title": "Add the option to pin items to start menu",
                                        "url": "https://github.com/files-community/Files/issues/782",
                                        "state": "CLOSED",
                                        "number": 782,
                                        "__typename": "Issue"
                                    }
                                }
                            ]
                        }
                    },
                    {
                        "author": {
                            "login": "yaira2"
                        },
                        "title": "Added a badge to the status bar to indicate the status of the full trust process",
                        "url": "https://github.com/files-community/Files/pull/4060",
                        "state": "MERGED",
                        "number": 4060,
                        "timelineItems": {
                            "nodes": []
                        }
                    },
                    {
                        "author": {
                            "login": "R3voA3"
                        },
                        "title": "Update Files.de-DE.xlf",
                        "url": "https://github.com/files-community/Files/pull/4065",
                        "state": "MERGED",
                        "number": 4065,
                        "timelineItems": {
                            "nodes": []
                        }
                    },
                    {
                        "author": {
                            "login": "boscorelly"
                        },
                        "title": "fr-fr",
                        "url": "https://github.com/files-community/Files/pull/4069",
                        "state": "MERGED",
                        "number": 4069,
                        "timelineItems": {
                            "nodes": [
                                {
                                    "source": {
                                        "author": {
                                            "login": "boscorelly"
                                        },
                                        "title": "fr-fr",
                                        "url": "https://github.com/files-community/Files/pull/4530",
                                        "state": "CLOSED",
                                        "number": 4530,
                                        "__typename": "PullRequest"
                                    }
                                }
                            ]
                        }
                    },
                    {
                        "author": {
                            "login": "d2dyno1"
                        },
                        "title": "Added OngoingOperationsCount to IStatusCenterActions",
                        "url": "https://github.com/files-community/Files/pull/4077",
                        "state": "MERGED",
                        "number": 4077,
                        "timelineItems": {
                            "nodes": []
                        }
                    },
                    {
                        "author": {
                            "login": "d2dyno1"
                        },
                        "title": "Fixed issue where IsProgressing property was not set to false ",
                        "url": "https://github.com/files-community/Files/pull/4078",
                        "state": "MERGED",
                        "number": 4078,
                        "timelineItems": {
                            "nodes": []
                        }
                    },
                    {
                        "author": {
                            "login": "oleitao"
                        },
                        "title": "Expand the ribbon",
                        "url": "https://github.com/files-community/Files/pull/4079",
                        "state": "CLOSED",
                        "number": 4079,
                        "timelineItems": {
                            "nodes": []
                        }
                    },
                    {
                        "author": {
                            "login": "yaira2"
                        },
                        "title": "Added simple progress ring to indicate when a file operation is in progress",
                        "url": "https://github.com/files-community/Files/pull/4082",
                        "state": "MERGED",
                        "number": 4082,
                        "timelineItems": {
                            "nodes": [
                                {
                                    "source": {
                                        "author": {
                                            "login": "gave92"
                                        },
                                        "title": "Fix ongoing task progress ring",
                                        "url": "https://github.com/files-community/Files/pull/4091",
                                        "state": "MERGED",
                                        "number": 4091,
                                        "__typename": "PullRequest"
                                    }
                                }
                            ]
                        }
                    },
                    {
                        "author": {
                            "login": "KristofKekesi"
                        },
                        "title": "Update Files.hu-HU.xlf",
                        "url": "https://github.com/files-community/Files/pull/4083",
                        "state": "CLOSED",
                        "number": 4083,
                        "timelineItems": {
                            "nodes": []
                        }
                    },
                    {
                        "author": {
                            "login": "yaira2"
                        },
                        "title": "Removed desktop path from the library section",
                        "url": "https://github.com/files-community/Files/pull/4086",
                        "state": "MERGED",
                        "number": 4086,
                        "timelineItems": {
                            "nodes": []
                        }
                    },
                    {
                        "author": {
                            "login": "yaira2"
                        },
                        "title": "Updated strings",
                        "url": "https://github.com/files-community/Files/pull/4089",
                        "state": "MERGED",
                        "number": 4089,
                        "timelineItems": {
                            "nodes": []
                        }
                    },
                    {
                        "author": {
                            "login": "yaira2"
                        },
                        "title": "WinUI 2.6 Preview",
                        "url": "https://github.com/files-community/Files/pull/4090",
                        "state": "MERGED",
                        "number": 4090,
                        "timelineItems": {
                            "nodes": [
                                {
                                    "source": {
                                        "author": {
                                            "login": "yaira2"
                                        },
                                        "title": "Revert \"WinUI 2.6 Preview\"",
                                        "url": "https://github.com/files-community/Files/pull/4094",
                                        "state": "MERGED",
                                        "number": 4094,
                                        "__typename": "PullRequest"
                                    }
                                },
                                {
                                    "source": {
                                        "author": {
                                            "login": "gave92"
                                        },
                                        "title": "[TEST ONLY] - Fix release crash",
                                        "url": "https://github.com/files-community/Files/pull/4119",
                                        "state": "CLOSED",
                                        "number": 4119,
                                        "__typename": "PullRequest"
                                    }
                                }
                            ]
                        }
                    },
                    {
                        "author": {
                            "login": "gave92"
                        },
                        "title": "Fix ongoing task progress ring",
                        "url": "https://github.com/files-community/Files/pull/4091",
                        "state": "MERGED",
                        "number": 4091,
                        "timelineItems": {
                            "nodes": [
                                {
                                    "source": {
                                        "author": {
                                            "login": "gave92"
                                        },
                                        "title": "[TEST ONLY] - Fix release crash",
                                        "url": "https://github.com/files-community/Files/pull/4119",
                                        "state": "CLOSED",
                                        "number": 4119,
                                        "__typename": "PullRequest"
                                    }
                                },
                                {
                                    "source": {
                                        "author": {
                                            "login": "yaira2"
                                        },
                                        "title": "Bug report: Crash in release mode",
                                        "url": "https://github.com/files-community/Files/issues/4117",
                                        "state": "CLOSED",
                                        "number": 4117,
                                        "__typename": "Issue"
                                    }
                                },
                                {
                                    "source": {
                                        "author": {
                                            "login": "gave92"
                                        },
                                        "title": "Partially revert #4091 (fix release mode crash)",
                                        "url": "https://github.com/files-community/Files/pull/4195",
                                        "state": "CLOSED",
                                        "number": 4195,
                                        "__typename": "PullRequest"
                                    }
                                }
                            ]
                        }
                    },
                    {
                        "author": {
                            "login": "yaira2"
                        },
                        "title": "Fixed the background color on the widgets",
                        "url": "https://github.com/files-community/Files/pull/4092",
                        "state": "CLOSED",
                        "number": 4092,
                        "timelineItems": {
                            "nodes": [
                                {
                                    "source": {
                                        "author": {
                                            "login": "Richard-HM"
                                        },
                                        "title": "Widgets backgrounds are not updating after changing the theme",
                                        "url": "https://github.com/files-community/Files/issues/3874",
                                        "state": "CLOSED",
                                        "number": 3874,
                                        "__typename": "Issue"
                                    }
                                }
                            ]
                        }
                    },
                    {
                        "author": {
                            "login": "yaira2"
                        },
                        "title": "Revert \"WinUI 2.6 Preview\"",
                        "url": "https://github.com/files-community/Files/pull/4094",
                        "state": "MERGED",
                        "number": 4094,
                        "timelineItems": {
                            "nodes": [
                                {
                                    "source": {
                                        "author": {
                                            "login": "yaira2"
                                        },
                                        "title": "Revert \"Revert \"WinUI 2.6 Preview\"\"",
                                        "url": "https://github.com/files-community/Files/pull/4097",
                                        "state": "MERGED",
                                        "number": 4097,
                                        "__typename": "PullRequest"
                                    }
                                }
                            ]
                        }
                    },
                    {
                        "author": {
                            "login": "yaira2"
                        },
                        "title": "WinUI 2.6",
                        "url": "https://github.com/files-community/Files/pull/4095",
                        "state": "MERGED",
                        "number": 4095,
                        "timelineItems": {
                            "nodes": []
                        }
                    },
                    {
                        "author": {
                            "login": "yaira2"
                        },
                        "title": "Fixed widgets background color",
                        "url": "https://github.com/files-community/Files/pull/4096",
                        "state": "MERGED",
                        "number": 4096,
                        "timelineItems": {
                            "nodes": [
                                {
                                    "source": {
                                        "author": {
                                            "login": "Richard-HM"
                                        },
                                        "title": "Widgets backgrounds are not updating after changing the theme",
                                        "url": "https://github.com/files-community/Files/issues/3874",
                                        "state": "CLOSED",
                                        "number": 3874,
                                        "__typename": "Issue"
                                    }
                                }
                            ]
                        }
                    },
                    {
                        "author": {
                            "login": "yaira2"
                        },
                        "title": "Revert \"Revert \"WinUI 2.6 Preview\"\"",
                        "url": "https://github.com/files-community/Files/pull/4097",
                        "state": "MERGED",
                        "number": 4097,
                        "timelineItems": {
                            "nodes": []
                        }
                    },
                    {
                        "author": {
                            "login": "oleitao"
                        },
                        "title": "Added pt-PT language",
                        "url": "https://github.com/files-community/Files/pull/4118",
                        "state": "MERGED",
                        "number": 4118,
                        "timelineItems": {
                            "nodes": []
                        }
                    },
                    {
                        "author": {
                            "login": "gave92"
                        },
                        "title": "[TEST ONLY] - Fix release crash",
                        "url": "https://github.com/files-community/Files/pull/4119",
                        "state": "CLOSED",
                        "number": 4119,
                        "timelineItems": {
                            "nodes": []
                        }
                    },
                    {
                        "author": {
                            "login": "Daninator1"
                        },
                        "title": "Hide network section in sidebar when no drives are detected",
                        "url": "https://github.com/files-community/Files/pull/4120",
                        "state": "MERGED",
                        "number": 4120,
                        "timelineItems": {
                            "nodes": []
                        }
                    },
                    {
                        "author": {
                            "login": "oleitao"
                        },
                        "title": "MD5Hash Error (bug fix)",
                        "url": "https://github.com/files-community/Files/pull/4121",
                        "state": "CLOSED",
                        "number": 4121,
                        "timelineItems": {
                            "nodes": [
                                {
                                    "source": {
                                        "author": {
                                            "login": "oleitao"
                                        },
                                        "title": "Show file hashes in properties like HashTab. #3722",
                                        "url": "https://github.com/files-community/Files/pull/4300",
                                        "state": "CLOSED",
                                        "number": 4300,
                                        "__typename": "PullRequest"
                                    }
                                }
                            ]
                        }
                    },
                    {
                        "author": {
                            "login": "yaira2"
                        },
                        "title": "Fixed an issue where the app was crashing in release mode",
                        "url": "https://github.com/files-community/Files/pull/4123",
                        "state": "CLOSED",
                        "number": 4123,
                        "timelineItems": {
                            "nodes": []
                        }
                    },
                    {
                        "author": {
                            "login": "yaira2"
                        },
                        "title": "Fixed an issue where the grid sidebar splitter was sometimes visible",
                        "url": "https://github.com/files-community/Files/pull/4124",
                        "state": "MERGED",
                        "number": 4124,
                        "timelineItems": {
                            "nodes": []
                        }
                    },
                    {
                        "author": {
                            "login": "winston-de"
                        },
                        "title": "Added sample weather widget as optional package",
                        "url": "https://github.com/files-community/Files/pull/4125",
                        "state": "CLOSED",
                        "number": 4125,
                        "timelineItems": {
                            "nodes": []
                        }
                    },
                    {
                        "author": {
                            "login": "yaira2"
                        },
                        "title": "Fixed fallback language",
                        "url": "https://github.com/files-community/Files/pull/4131",
                        "state": "MERGED",
                        "number": 4131,
                        "timelineItems": {
                            "nodes": [
                                {
                                    "source": {
                                        "author": {
                                            "login": "Vini-Pires"
                                        },
                                        "title": "Error in the traduction to portuguese",
                                        "url": "https://github.com/files-community/Files/issues/4137",
                                        "state": "CLOSED",
                                        "number": 4137,
                                        "__typename": "Issue"
                                    }
                                },
                                {
                                    "source": {
                                        "author": {
                                            "login": "luisnt"
                                        },
                                        "title": "Language Portuguese! It is not completely defined.",
                                        "url": "https://github.com/files-community/Files/issues/4136",
                                        "state": "CLOSED",
                                        "number": 4136,
                                        "__typename": "Issue"
                                    }
                                },
                                {
                                    "source": {
                                        "author": {
                                            "login": "pklion"
                                        },
                                        "title": "The Arabian message is shown when I set language to Japanese",
                                        "url": "https://github.com/files-community/Files/issues/3375",
                                        "state": "CLOSED",
                                        "number": 3375,
                                        "__typename": "Issue"
                                    }
                                }
                            ]
                        }
                    },
                    {
                        "author": {
                            "login": "nvi9"
                        },
                        "title": "Properly load libraries and add support for library management",
                        "url": "https://github.com/files-community/Files/pull/4134",
                        "state": "MERGED",
                        "number": 4134,
                        "timelineItems": {
                            "nodes": [
                                {
                                    "source": {
                                        "author": {
                                            "login": "infuriatedcodex"
                                        },
                                        "title": "Add a libraries section to the sidebar",
                                        "url": "https://github.com/files-community/Files/issues/2709",
                                        "state": "CLOSED",
                                        "number": 2709,
                                        "__typename": "Issue"
                                    }
                                },
                                {
                                    "source": {
                                        "author": {
                                            "login": "Harfenklang"
                                        },
                                        "title": "Hi, how is it possible to add folders to Libraries?",
                                        "url": "https://github.com/files-community/Files/issues/4357",
                                        "state": "CLOSED",
                                        "number": 4357,
                                        "__typename": "Issue"
                                    }
                                },
                                {
                                    "source": {
                                        "author": {
                                            "login": "rounk-ctrl"
                                        },
                                        "title": "Problem with Libraries",
                                        "url": "https://github.com/files-community/Files/issues/4321",
                                        "state": "CLOSED",
                                        "number": 4321,
                                        "__typename": "Issue"
                                    }
                                },
                                {
                                    "source": {
                                        "author": {
                                            "login": "R3voA3"
                                        },
                                        "title": "Add proper support for libraries",
                                        "url": "https://github.com/files-community/Files/issues/3962",
                                        "state": "CLOSED",
                                        "number": 3962,
                                        "__typename": "Issue"
                                    }
                                }
                            ]
                        }
                    },
                    {
                        "author": {
                            "login": "d2dyno1"
                        },
                        "title": "Moved selection options and layout options to toolbar",
                        "url": "https://github.com/files-community/Files/pull/4135",
                        "state": "MERGED",
                        "number": 4135,
                        "timelineItems": {
                            "nodes": [
                                {
                                    "source": {
                                        "author": {
                                            "login": "JaiganeshKumaran"
                                        },
                                        "title": "Enhancement: Move layout and selection flyouts to the toolbar",
                                        "url": "https://github.com/files-community/Files/issues/2372",
                                        "state": "CLOSED",
                                        "number": 2372,
                                        "__typename": "Issue"
                                    }
                                },
                                {
                                    "source": {
                                        "author": {
                                            "login": "mtratchet16"
                                        },
                                        "title": "Feature: Add option to choose the default layout mode",
                                        "url": "https://github.com/files-community/Files/issues/4155",
                                        "state": "CLOSED",
                                        "number": 4155,
                                        "__typename": "Issue"
                                    }
                                }
                            ]
                        }
                    },
                    {
                        "author": {
                            "login": "d2dyno1"
                        },
                        "title": "Update WCT to 7.0",
                        "url": "https://github.com/files-community/Files/pull/4138",
                        "state": "MERGED",
                        "number": 4138,
                        "timelineItems": {
                            "nodes": []
                        }
                    },
                    {
                        "author": {
                            "login": "yaira2"
                        },
                        "title": "v2.6.0-prerelease.210315002",
                        "url": "https://github.com/files-community/Files/pull/4143",
                        "state": "MERGED",
                        "number": 4143,
                        "timelineItems": {
                            "nodes": []
                        }
                    },
                    {
                        "author": {
                            "login": "yaira2"
                        },
                        "title": "Added a background color to the properties dialog",
                        "url": "https://github.com/files-community/Files/pull/4145",
                        "state": "MERGED",
                        "number": 4145,
                        "timelineItems": {
                            "nodes": [
                                {
                                    "source": {
                                        "author": {
                                            "login": "Richard-HM"
                                        },
                                        "title": "The properties window background is white in dark mode",
                                        "url": "https://github.com/files-community/Files/issues/4122",
                                        "state": "CLOSED",
                                        "number": 4122,
                                        "__typename": "Issue"
                                    }
                                }
                            ]
                        }
                    },
                    {
                        "author": {
                            "login": "yaira2"
                        },
                        "title": "Updated recent files widget UI",
                        "url": "https://github.com/files-community/Files/pull/4146",
                        "state": "MERGED",
                        "number": 4146,
                        "timelineItems": {
                            "nodes": [
                                {
                                    "source": {
                                        "author": {
                                            "login": "Josh65-2201"
                                        },
                                        "title": "Recent items on the home screen directory's text not that visible.",
                                        "url": "https://github.com/files-community/Files/issues/4073",
                                        "state": "CLOSED",
                                        "number": 4073,
                                        "__typename": "Issue"
                                    }
                                }
                            ]
                        }
                    },
                    {
                        "author": {
                            "login": "yaira2"
                        },
                        "title": "Removed hardcoded icon from settings item",
                        "url": "https://github.com/files-community/Files/pull/4147",
                        "state": "MERGED",
                        "number": 4147,
                        "timelineItems": {
                            "nodes": []
                        }
                    },
                    {
                        "author": {
                            "login": "d2dyno1"
                        },
                        "title": "MainPage MVVM",
                        "url": "https://github.com/files-community/Files/pull/4161",
                        "state": "MERGED",
                        "number": 4161,
                        "timelineItems": {
                            "nodes": []
                        }
                    },
                    {
                        "author": {
                            "login": "lukeblevins"
                        },
                        "title": "Add search chip design with resources",
                        "url": "https://github.com/files-community/Files/pull/4166",
                        "state": "CLOSED",
                        "number": 4166,
                        "timelineItems": {
                            "nodes": []
                        }
                    },
                    {
                        "author": {
                            "login": "pklion"
                        },
                        "title": "Create pull_request_template.md",
                        "url": "https://github.com/files-community/Files/pull/4167",
                        "state": "MERGED",
                        "number": 4167,
                        "timelineItems": {
                            "nodes": []
                        }
                    },
                    {
                        "author": {
                            "login": "pklion"
                        },
                        "title": "Make the description of issue templates easier",
                        "url": "https://github.com/files-community/Files/pull/4168",
                        "state": "MERGED",
                        "number": 4168,
                        "timelineItems": {
                            "nodes": []
                        }
                    },
                    {
                        "author": {
                            "login": "pklion"
                        },
                        "title": "Update Files.ja-JP.xlf",
                        "url": "https://github.com/files-community/Files/pull/4171",
                        "state": "MERGED",
                        "number": 4171,
                        "timelineItems": {
                            "nodes": [
                                {
                                    "source": {
                                        "author": {
                                            "login": "pklion"
                                        },
                                        "title": "The Arabian message is shown when I set language to Japanese",
                                        "url": "https://github.com/files-community/Files/issues/3375",
                                        "state": "CLOSED",
                                        "number": 3375,
                                        "__typename": "Issue"
                                    }
                                }
                            ]
                        }
                    },
                    {
                        "author": {
                            "login": "TyJOrtiz"
                        },
                        "title": "Added column view layout",
                        "url": "https://github.com/files-community/Files/pull/4176",
                        "state": "MERGED",
                        "number": 4176,
                        "timelineItems": {
                            "nodes": [
                                {
                                    "source": {
                                        "author": {
                                            "login": "TyJOrtiz"
                                        },
                                        "title": "ColumnView",
                                        "url": "https://github.com/files-community/Files/pull/2500",
                                        "state": "CLOSED",
                                        "number": 2500,
                                        "__typename": "PullRequest"
                                    }
                                },
                                {
                                    "source": {
                                        "author": {
                                            "login": "TyJOrtiz"
                                        },
                                        "title": "Does anyone want a macOS/iPadOS like column view?",
                                        "url": "https://github.com/files-community/Files/issues/147",
                                        "state": "CLOSED",
                                        "number": 147,
                                        "__typename": "Issue"
                                    }
                                },
                                {
                                    "source": {
                                        "author": {
                                            "login": "TyJOrtiz"
                                        },
                                        "title": "Column View improvements",
                                        "url": "https://github.com/files-community/Files/pull/4397",
                                        "state": "MERGED",
                                        "number": 4397,
                                        "__typename": "PullRequest"
                                    }
                                }
                            ]
                        }
                    },
                    {
                        "author": {
                            "login": "yaira2"
                        },
                        "title": "Improved the restart control",
                        "url": "https://github.com/files-community/Files/pull/4177",
                        "state": "MERGED",
                        "number": 4177,
                        "timelineItems": {
                            "nodes": []
                        }
                    },
                    {
                        "author": {
                            "login": "d2dyno1"
                        },
                        "title": "Fix item renaming",
                        "url": "https://github.com/files-community/Files/pull/4178",
                        "state": "MERGED",
                        "number": 4178,
                        "timelineItems": {
                            "nodes": []
                        }
                    },
                    {
                        "author": {
                            "login": "LeonHoog"
                        },
                        "title": "Update Files.nl-NL.xlf",
                        "url": "https://github.com/files-community/Files/pull/4188",
                        "state": "MERGED",
                        "number": 4188,
                        "timelineItems": {
                            "nodes": []
                        }
                    },
                    {
                        "author": {
                            "login": "d2dyno1"
                        },
                        "title": "[Farewell, Interaction]: Step 2 of removing the Interaction class",
                        "url": "https://github.com/files-community/Files/pull/4189",
                        "state": "MERGED",
                        "number": 4189,
                        "timelineItems": {
                            "nodes": [
                                {
                                    "source": {
                                        "author": {
                                            "login": "d2dyno1"
                                        },
                                        "title": "Fixed copying and cutting keyboard shortcuts",
                                        "url": "https://github.com/files-community/Files/pull/4207",
                                        "state": "MERGED",
                                        "number": 4207,
                                        "__typename": "PullRequest"
                                    }
                                },
                                {
                                    "source": {
                                        "author": {
                                            "login": "d2dyno1"
                                        },
                                        "title": "File preview is broken in debug mode",
                                        "url": "https://github.com/files-community/Files/issues/4206",
                                        "state": "CLOSED",
                                        "number": 4206,
                                        "__typename": "Issue"
                                    }
                                },
                                {
                                    "source": {
                                        "author": {
                                            "login": "winston-de"
                                        },
                                        "title": "Some menu items and options in the navigation toolbar don't work",
                                        "url": "https://github.com/files-community/Files/issues/4211",
                                        "state": "CLOSED",
                                        "number": 4211,
                                        "__typename": "Issue"
                                    }
                                }
                            ]
                        }
                    },
                    {
                        "author": {
                            "login": "winston-de"
                        },
                        "title": "Rebuild and merge context menu code",
                        "url": "https://github.com/files-community/Files/pull/4190",
                        "state": "MERGED",
                        "number": 4190,
                        "timelineItems": {
                            "nodes": [
                                {
                                    "source": {
                                        "author": {
                                            "login": "winston-de"
                                        },
                                        "title": "Fixed issue where layout mode options would be disabled",
                                        "url": "https://github.com/files-community/Files/pull/4389",
                                        "state": "MERGED",
                                        "number": 4389,
                                        "__typename": "PullRequest"
                                    }
                                },
                                {
                                    "source": {
                                        "author": {
                                            "login": "baldaiacharles"
                                        },
                                        "title": "when creating a new file, the .docx needs to be introduced manually",
                                        "url": "https://github.com/files-community/Files/issues/4514",
                                        "state": "CLOSED",
                                        "number": 4514,
                                        "__typename": "Issue"
                                    }
                                },
                                {
                                    "source": {
                                        "author": {
                                            "login": "cinqmilleans"
                                        },
                                        "title": "Fix ShowOnShift",
                                        "url": "https://github.com/files-community/Files/pull/4877",
                                        "state": "MERGED",
                                        "number": 4877,
                                        "__typename": "PullRequest"
                                    }
                                }
                            ]
                        }
                    },
                    {
                        "author": {
                            "login": "winston-de"
                        },
                        "title": "Moved clear all properties button to bottom of page",
                        "url": "https://github.com/files-community/Files/pull/4191",
                        "state": "MERGED",
                        "number": 4191,
                        "timelineItems": {
                            "nodes": [
                                {
                                    "source": {
                                        "author": {
                                            "login": "R3voA3"
                                        },
                                        "title": "\"Remove all Properties\" button is hidden in Property Dialog",
                                        "url": "https://github.com/files-community/Files/issues/3444",
                                        "state": "CLOSED",
                                        "number": 3444,
                                        "__typename": "Issue"
                                    }
                                }
                            ]
                        }
                    },
                    {
                        "author": {
                            "login": "gave92"
                        },
                        "title": "Fixes an issue for which drives are not removed from sidebar when disconnected",
                        "url": "https://github.com/files-community/Files/pull/4192",
                        "state": "MERGED",
                        "number": 4192,
                        "timelineItems": {
                            "nodes": [
                                {
                                    "source": {
                                        "author": {
                                            "login": "Josh65-2201"
                                        },
                                        "title": "Side bar doesn't update when devices are unplugged",
                                        "url": "https://github.com/files-community/Files/issues/4152",
                                        "state": "CLOSED",
                                        "number": 4152,
                                        "__typename": "Issue"
                                    }
                                },
                                {
                                    "source": {
                                        "author": {
                                            "login": "Luis-Madrid1"
                                        },
                                        "title": "Ejecting a USB should stop detecting it",
                                        "url": "https://github.com/files-community/Files/issues/4088",
                                        "state": "CLOSED",
                                        "number": 4088,
                                        "__typename": "Issue"
                                    }
                                }
                            ]
                        }
                    },
                    {
                        "author": {
                            "login": "gave92"
                        },
                        "title": "Fixes an issue for which duplicate WSL sections appeared on sidebar",
                        "url": "https://github.com/files-community/Files/pull/4193",
                        "state": "MERGED",
                        "number": 4193,
                        "timelineItems": {
                            "nodes": [
                                {
                                    "source": {
                                        "author": {
                                            "login": "winston-de"
                                        },
                                        "title": "Duplicate WSL sidebar items",
                                        "url": "https://github.com/files-community/Files/issues/4164",
                                        "state": "CLOSED",
                                        "number": 4164,
                                        "__typename": "Issue"
                                    }
                                }
                            ]
                        }
                    },
                    {
                        "author": {
                            "login": "gave92"
                        },
                        "title": "Fix crash due to wrong thread exception",
                        "url": "https://github.com/files-community/Files/pull/4194",
                        "state": "MERGED",
                        "number": 4194,
                        "timelineItems": {
                            "nodes": []
                        }
                    },
                    {
                        "author": {
                            "login": "gave92"
                        },
                        "title": "Partially revert #4091 (fix release mode crash)",
                        "url": "https://github.com/files-community/Files/pull/4195",
                        "state": "CLOSED",
                        "number": 4195,
                        "timelineItems": {
                            "nodes": []
                        }
                    },
                    {
                        "author": {
                            "login": "gave92"
                        },
                        "title": "Fix folder contents not shown & selected layout mode not updated",
                        "url": "https://github.com/files-community/Files/pull/4196",
                        "state": "MERGED",
                        "number": 4196,
                        "timelineItems": {
                            "nodes": [
                                {
                                    "source": {
                                        "author": {
                                            "login": "SiRo24"
                                        },
                                        "title": "Folder content not showing up",
                                        "url": "https://github.com/files-community/Files/issues/4104",
                                        "state": "CLOSED",
                                        "number": 4104,
                                        "__typename": "Issue"
                                    }
                                }
                            ]
                        }
                    },
                    {
                        "author": {
                            "login": "gave92"
                        },
                        "title": "Fixes an issue for which \"close tab to the right\" was sometimes improperly enabled ",
                        "url": "https://github.com/files-community/Files/pull/4198",
                        "state": "MERGED",
                        "number": 4198,
                        "timelineItems": {
                            "nodes": [
                                {
                                    "source": {
                                        "author": {
                                            "login": "R3voA3"
                                        },
                                        "title": "\"Close tabs to the right\" is shown even when there is only one tab opened",
                                        "url": "https://github.com/files-community/Files/issues/4062",
                                        "state": "CLOSED",
                                        "number": 4062,
                                        "__typename": "Issue"
                                    }
                                }
                            ]
                        }
                    }
                ]
            }
        }
    }
}