{
    "data": {
        "repository": {
            "pullRequests": {
                "pageInfo": {
                    "endCursor": "Y3Vyc29yOnYyOpHOJShO3Q=="
                },
                "nodes": [
                    {
                        "author": {
                            "login": "winston-de"
                        },
                        "title": "Darken secondary Start tile assets a little bit",
                        "url": "https://github.com/files-community/Files/pull/4480",
                        "state": "MERGED",
                        "number": 4480,
                        "timelineItems": {
                            "nodes": []
                        }
                    },
                    {
                        "author": {
                            "login": "yaira2"
                        },
                        "title": "Improved widget flyout",
                        "url": "https://github.com/files-community/Files/pull/4481",
                        "state": "MERGED",
                        "number": 4481,
                        "timelineItems": {
                            "nodes": []
                        }
                    },
                    {
                        "author": {
                            "login": "dependabot"
                        },
                        "title": "Bump Microsoft.Toolkit.Uwp.UI.Lottie from 7.0.1 to 7.0.2",
                        "url": "https://github.com/files-community/Files/pull/4482",
                        "state": "MERGED",
                        "number": 4482,
                        "timelineItems": {
                            "nodes": []
                        }
                    },
                    {
                        "author": {
                            "login": "d2dyno1"
                        },
                        "title": "Remove IShellPage reference from Bundles",
                        "url": "https://github.com/files-community/Files/pull/4483",
                        "state": "MERGED",
                        "number": 4483,
                        "timelineItems": {
                            "nodes": []
                        }
                    },
                    {
                        "author": {
                            "login": "esibruti"
                        },
                        "title": "Update Resources.resw",
                        "url": "https://github.com/files-community/Files/pull/4484",
                        "state": "CLOSED",
                        "number": 4484,
                        "timelineItems": {
                            "nodes": []
                        }
                    },
                    {
                        "author": {
                            "login": "esibruti"
                        },
                        "title": "Update Files.pt-PT.xlf",
                        "url": "https://github.com/files-community/Files/pull/4493",
                        "state": "MERGED",
                        "number": 4493,
                        "timelineItems": {
                            "nodes": [
                                {
                                    "source": {
                                        "author": {
                                            "login": "esibruti"
                                        },
                                        "title": "Update Resources.resw",
                                        "url": "https://github.com/files-community/Files/pull/4484",
                                        "state": "CLOSED",
                                        "number": 4484,
                                        "__typename": "PullRequest"
                                    }
                                }
                            ]
                        }
                    },
                    {
                        "author": {
                            "login": "winston-de"
                        },
                        "title": "Added button to open themes folder below theme selector",
                        "url": "https://github.com/files-community/Files/pull/4498",
                        "state": "MERGED",
                        "number": 4498,
                        "timelineItems": {
                            "nodes": [
                                {
                                    "source": {
                                        "author": {
                                            "login": "Yuhtin"
                                        },
                                        "title": "Add the option to open the themes folder directly from settings",
                                        "url": "https://github.com/files-community/Files/issues/4492",
                                        "state": "CLOSED",
                                        "number": 4492,
                                        "__typename": "Issue"
                                    }
                                }
                            ]
                        }
                    },
                    {
                        "author": {
                            "login": "yaira2"
                        },
                        "title": "CodeMaid",
                        "url": "https://github.com/files-community/Files/pull/4499",
                        "state": "MERGED",
                        "number": 4499,
                        "timelineItems": {
                            "nodes": [
                                {
                                    "source": {
                                        "author": {
                                            "login": "winston-de"
                                        },
                                        "title": "Revert \"Code cleanup\" and \"CodeMaid\"",
                                        "url": "https://github.com/files-community/Files/pull/4522",
                                        "state": "MERGED",
                                        "number": 4522,
                                        "__typename": "PullRequest"
                                    }
                                }
                            ]
                        }
                    },
                    {
                        "author": {
                            "login": "yaira2"
                        },
                        "title": "Added support for custom acrylic brushes",
                        "url": "https://github.com/files-community/Files/pull/4501",
                        "state": "MERGED",
                        "number": 4501,
                        "timelineItems": {
                            "nodes": []
                        }
                    },
                    {
                        "author": {
                            "login": "yaira2"
                        },
                        "title": "Code cleanup",
                        "url": "https://github.com/files-community/Files/pull/4502",
                        "state": "MERGED",
                        "number": 4502,
                        "timelineItems": {
                            "nodes": [
                                {
                                    "source": {
                                        "author": {
                                            "login": "winston-de"
                                        },
                                        "title": "Revert \"Code cleanup\" and \"CodeMaid\"",
                                        "url": "https://github.com/files-community/Files/pull/4522",
                                        "state": "MERGED",
                                        "number": 4522,
                                        "__typename": "PullRequest"
                                    }
                                }
                            ]
                        }
                    },
                    {
                        "author": {
                            "login": "dependabot"
                        },
                        "title": "Bump Vanara.Windows.Shell from 3.3.7 to 3.3.8",
                        "url": "https://github.com/files-community/Files/pull/4503",
                        "state": "MERGED",
                        "number": 4503,
                        "timelineItems": {
                            "nodes": []
                        }
                    },
                    {
                        "author": {
                            "login": "dependabot"
                        },
                        "title": "Bump Vanara.PInvoke.Mpr from 3.3.7 to 3.3.8",
                        "url": "https://github.com/files-community/Files/pull/4504",
                        "state": "MERGED",
                        "number": 4504,
                        "timelineItems": {
                            "nodes": []
                        }
                    },
                    {
                        "author": {
                            "login": "cinqmilleans"
                        },
                        "title": "Translated some texts into French. ",
                        "url": "https://github.com/files-community/Files/pull/4509",
                        "state": "MERGED",
                        "number": 4509,
                        "timelineItems": {
                            "nodes": []
                        }
                    },
                    {
                        "author": {
                            "login": "yaira2"
                        },
                        "title": "Adjust primary context menu items",
                        "url": "https://github.com/files-community/Files/pull/4512",
                        "state": "MERGED",
                        "number": 4512,
                        "timelineItems": {
                            "nodes": []
                        }
                    },
                    {
                        "author": {
                            "login": "winston-de"
                        },
                        "title": "Preview pane error handling improvements",
                        "url": "https://github.com/files-community/Files/pull/4517",
                        "state": "MERGED",
                        "number": 4517,
                        "timelineItems": {
                            "nodes": []
                        }
                    },
                    {
                        "author": {
                            "login": "d2dyno1"
                        },
                        "title": "More advanced options for the Filesystem dialog",
                        "url": "https://github.com/files-community/Files/pull/4519",
                        "state": "MERGED",
                        "number": 4519,
                        "timelineItems": {
                            "nodes": []
                        }
                    },
                    {
                        "author": {
                            "login": "winston-de"
                        },
                        "title": "Revert \"Code cleanup\" and \"CodeMaid\"",
                        "url": "https://github.com/files-community/Files/pull/4522",
                        "state": "MERGED",
                        "number": 4522,
                        "timelineItems": {
                            "nodes": []
                        }
                    },
                    {
                        "author": {
                            "login": "winston-de"
                        },
                        "title": "Added create new file item (no extension)",
                        "url": "https://github.com/files-community/Files/pull/4523",
                        "state": "MERGED",
                        "number": 4523,
                        "timelineItems": {
                            "nodes": []
                        }
                    },
                    {
                        "author": {
                            "login": "cinqmilleans"
                        },
                        "title": "open drive in new tab with middle click",
                        "url": "https://github.com/files-community/Files/pull/4526",
                        "state": "MERGED",
                        "number": 4526,
                        "timelineItems": {
                            "nodes": []
                        }
                    },
                    {
                        "author": {
                            "login": "slavoyar8601"
                        },
                        "title": "Fixed text overlapping in library card",
                        "url": "https://github.com/files-community/Files/pull/4527",
                        "state": "MERGED",
                        "number": 4527,
                        "timelineItems": {
                            "nodes": []
                        }
                    },
                    {
                        "author": {
                            "login": "boscorelly"
                        },
                        "title": "fr-fr",
                        "url": "https://github.com/files-community/Files/pull/4530",
                        "state": "CLOSED",
                        "number": 4530,
                        "timelineItems": {
                            "nodes": []
                        }
                    },
                    {
                        "author": {
                            "login": "cinqmilleans"
                        },
                        "title": "New tab in background",
                        "url": "https://github.com/files-community/Files/pull/4536",
                        "state": "CLOSED",
                        "number": 4536,
                        "timelineItems": {
                            "nodes": []
                        }
                    },
                    {
                        "author": {
                            "login": "cinqmilleans"
                        },
                        "title": "Library widgets new tab button",
                        "url": "https://github.com/files-community/Files/pull/4538",
                        "state": "MERGED",
                        "number": 4538,
                        "timelineItems": {
                            "nodes": []
                        }
                    },
                    {
                        "author": {
                            "login": "cinqmilleans"
                        },
                        "title": "Translate FR",
                        "url": "https://github.com/files-community/Files/pull/4539",
                        "state": "CLOSED",
                        "number": 4539,
                        "timelineItems": {
                            "nodes": []
                        }
                    },
                    {
                        "author": {
                            "login": "mafra99"
                        },
                        "title": "Add \"paste\" to the item menu items",
                        "url": "https://github.com/files-community/Files/pull/4541",
                        "state": "MERGED",
                        "number": 4541,
                        "timelineItems": {
                            "nodes": [
                                {
                                    "source": {
                                        "author": {
                                            "login": "MaravicMarko"
                                        },
                                        "title": "There is no \"Paste\" option on context menu when I want to paste file in folder",
                                        "url": "https://github.com/files-community/Files/issues/2952",
                                        "state": "CLOSED",
                                        "number": 2952,
                                        "__typename": "Issue"
                                    }
                                }
                            ]
                        }
                    },
                    {
                        "author": {
                            "login": "cinqmilleans"
                        },
                        "title": "Improved behavior when opening new tabs",
                        "url": "https://github.com/files-community/Files/pull/4549",
                        "state": "MERGED",
                        "number": 4549,
                        "timelineItems": {
                            "nodes": [
                                {
                                    "source": {
                                        "author": {
                                            "login": "tgrelka"
                                        },
                                        "title": "Opening directories in a new tab should open them in the background",
                                        "url": "https://github.com/files-community/Files/issues/2512",
                                        "state": "CLOSED",
                                        "number": 2512,
                                        "__typename": "Issue"
                                    }
                                }
                            ]
                        }
                    },
                    {
                        "author": {
                            "login": "cinqmilleans"
                        },
                        "title": "ctrl + left click opens in new tab",
                        "url": "https://github.com/files-community/Files/pull/4552",
                        "state": "CLOSED",
                        "number": 4552,
                        "timelineItems": {
                            "nodes": []
                        }
                    },
                    {
                        "author": {
                            "login": "cinqmilleans"
                        },
                        "title": "New tab in background",
                        "url": "https://github.com/files-community/Files/pull/4553",
                        "state": "CLOSED",
                        "number": 4553,
                        "timelineItems": {
                            "nodes": []
                        }
                    },
                    {
                        "author": {
                            "login": "marcelwgn"
                        },
                        "title": "Fix crash in release by switching to version 1 WinUI styles",
                        "url": "https://github.com/files-community/Files/pull/4559",
                        "state": "MERGED",
                        "number": 4559,
                        "timelineItems": {
                            "nodes": []
                        }
                    },
                    {
                        "author": {
                            "login": "winston-de"
                        },
                        "title": "Update text for restart control",
                        "url": "https://github.com/files-community/Files/pull/4563",
                        "state": "MERGED",
                        "number": 4563,
                        "timelineItems": {
                            "nodes": []
                        }
                    },
                    {
                        "author": {
                            "login": "cinqmilleans"
                        },
                        "title": "In sidebar, middle click opens item in new tab",
                        "url": "https://github.com/files-community/Files/pull/4566",
                        "state": "MERGED",
                        "number": 4566,
                        "timelineItems": {
                            "nodes": []
                        }
                    },
                    {
                        "author": {
                            "login": "winston-de"
                        },
                        "title": "Allow libraries to be pinned to Start",
                        "url": "https://github.com/files-community/Files/pull/4568",
                        "state": "MERGED",
                        "number": 4568,
                        "timelineItems": {
                            "nodes": []
                        }
                    },
                    {
                        "author": {
                            "login": "yaira2"
                        },
                        "title": "Updated acrylic brush",
                        "url": "https://github.com/files-community/Files/pull/4569",
                        "state": "MERGED",
                        "number": 4569,
                        "timelineItems": {
                            "nodes": []
                        }
                    },
                    {
                        "author": {
                            "login": "yaira2"
                        },
                        "title": "Updated WinUI brushes",
                        "url": "https://github.com/files-community/Files/pull/4570",
                        "state": "MERGED",
                        "number": 4570,
                        "timelineItems": {
                            "nodes": []
                        }
                    },
                    {
                        "author": {
                            "login": "winston-de"
                        },
                        "title": "Experimental list view based details view",
                        "url": "https://github.com/files-community/Files/pull/4573",
                        "state": "MERGED",
                        "number": 4573,
                        "timelineItems": {
                            "nodes": []
                        }
                    },
                    {
                        "author": {
                            "login": "winston-de"
                        },
                        "title": "Added support for themes through an optional package",
                        "url": "https://github.com/files-community/Files/pull/4574",
                        "state": "MERGED",
                        "number": 4574,
                        "timelineItems": {
                            "nodes": []
                        }
                    },
                    {
                        "author": {
                            "login": "cinqmilleans"
                        },
                        "title": "update text state",
                        "url": "https://github.com/files-community/Files/pull/4580",
                        "state": "MERGED",
                        "number": 4580,
                        "timelineItems": {
                            "nodes": []
                        }
                    },
                    {
                        "author": {
                            "login": "d2dyno1"
                        },
                        "title": "Change to sys icons",
                        "url": "https://github.com/files-community/Files/pull/4581",
                        "state": "MERGED",
                        "number": 4581,
                        "timelineItems": {
                            "nodes": []
                        }
                    },
                    {
                        "author": {
                            "login": "winston-de"
                        },
                        "title": "Fixed optional package name",
                        "url": "https://github.com/files-community/Files/pull/4583",
                        "state": "MERGED",
                        "number": 4583,
                        "timelineItems": {
                            "nodes": []
                        }
                    },
                    {
                        "author": {
                            "login": "oleitao"
                        },
                        "title": "Remember sidebar items state #4128",
                        "url": "https://github.com/files-community/Files/pull/4585",
                        "state": "CLOSED",
                        "number": 4585,
                        "timelineItems": {
                            "nodes": []
                        }
                    },
                    {
                        "author": {
                            "login": "winston-de"
                        },
                        "title": "Fix crash that can occur when deleting items",
                        "url": "https://github.com/files-community/Files/pull/4586",
                        "state": "MERGED",
                        "number": 4586,
                        "timelineItems": {
                            "nodes": [
                                {
                                    "source": {
                                        "author": {
                                            "login": "LuanRoger"
                                        },
                                        "title": "Delete folders from Program Files",
                                        "url": "https://github.com/files-community/Files/issues/4676",
                                        "state": "CLOSED",
                                        "number": 4676,
                                        "__typename": "Issue"
                                    }
                                },
                                {
                                    "source": {
                                        "author": {
                                            "login": "gave92"
                                        },
                                        "title": "Fix a possible crash due to await-ing null",
                                        "url": "https://github.com/files-community/Files/pull/4984",
                                        "state": "MERGED",
                                        "number": 4984,
                                        "__typename": "PullRequest"
                                    }
                                }
                            ]
                        }
                    },
                    {
                        "author": {
                            "login": "winston-de"
                        },
                        "title": "Fix crash that could occur when deserializing layout mode data from file",
                        "url": "https://github.com/files-community/Files/pull/4587",
                        "state": "MERGED",
                        "number": 4587,
                        "timelineItems": {
                            "nodes": [
                                {
                                    "source": {
                                        "author": {
                                            "login": "fmarrub"
                                        },
                                        "title": "Files se cierra al abrir una carpeta",
                                        "url": "https://github.com/files-community/Files/issues/4846",
                                        "state": "CLOSED",
                                        "number": 4846,
                                        "__typename": "Issue"
                                    }
                                }
                            ]
                        }
                    },
                    {
                        "author": {
                            "login": "winston-de"
                        },
                        "title": "Move status center logic from code behind to a view model",
                        "url": "https://github.com/files-community/Files/pull/4588",
                        "state": "MERGED",
                        "number": 4588,
                        "timelineItems": {
                            "nodes": []
                        }
                    },
                    {
                        "author": {
                            "login": "KristofKekesi"
                        },
                        "title": "Update Files.hu-HU.xlf",
                        "url": "https://github.com/files-community/Files/pull/4589",
                        "state": "MERGED",
                        "number": 4589,
                        "timelineItems": {
                            "nodes": []
                        }
                    },
                    {
                        "author": {
                            "login": "yaira2"
                        },
                        "title": "Improved data grid design",
                        "url": "https://github.com/files-community/Files/pull/4590",
                        "state": "MERGED",
                        "number": 4590,
                        "timelineItems": {
                            "nodes": []
                        }
                    },
                    {
                        "author": {
                            "login": "winston-de"
                        },
                        "title": "New details view improvements",
                        "url": "https://github.com/files-community/Files/pull/4592",
                        "state": "MERGED",
                        "number": 4592,
                        "timelineItems": {
                            "nodes": []
                        }
                    },
                    {
                        "author": {
                            "login": "JaiganeshKumaran"
                        },
                        "title": "Fix most warnings and clean up code",
                        "url": "https://github.com/files-community/Files/pull/4594",
                        "state": "CLOSED",
                        "number": 4594,
                        "timelineItems": {
                            "nodes": []
                        }
                    },
                    {
                        "author": {
                            "login": "cinqmilleans"
                        },
                        "title": "Big update fr_FR",
                        "url": "https://github.com/files-community/Files/pull/4599",
                        "state": "MERGED",
                        "number": 4599,
                        "timelineItems": {
                            "nodes": []
                        }
                    },
                    {
                        "author": {
                            "login": "yaira2"
                        },
                        "title": "Improved header background in details layout",
                        "url": "https://github.com/files-community/Files/pull/4602",
                        "state": "MERGED",
                        "number": 4602,
                        "timelineItems": {
                            "nodes": []
                        }
                    },
                    {
                        "author": {
                            "login": "cinqmilleans"
                        },
                        "title": "best close in debug",
                        "url": "https://github.com/files-community/Files/pull/4603",
                        "state": "MERGED",
                        "number": 4603,
                        "timelineItems": {
                            "nodes": [
                                {
                                    "source": {
                                        "author": {
                                            "login": "cinqmilleans"
                                        },
                                        "title": "Fix #5270",
                                        "url": "https://github.com/files-community/Files/pull/5279",
                                        "state": "CLOSED",
                                        "number": 5279,
                                        "__typename": "PullRequest"
                                    }
                                }
                            ]
                        }
                    },
                    {
                        "author": {
                            "login": "d2dyno1"
                        },
                        "title": "More reliable Continue where you left off",
                        "url": "https://github.com/files-community/Files/pull/4604",
                        "state": "MERGED",
                        "number": 4604,
                        "timelineItems": {
                            "nodes": []
                        }
                    },
                    {
                        "author": {
                            "login": "yaira2"
                        },
                        "title": "Added back WinUI 2.6 styles",
                        "url": "https://github.com/files-community/Files/pull/4605",
                        "state": "CLOSED",
                        "number": 4605,
                        "timelineItems": {
                            "nodes": []
                        }
                    },
                    {
                        "author": {
                            "login": "marcelwgn"
                        },
                        "title": "Switch back to v2 WinUI styles and add fix",
                        "url": "https://github.com/files-community/Files/pull/4606",
                        "state": "MERGED",
                        "number": 4606,
                        "timelineItems": {
                            "nodes": [
                                {
                                    "source": {
                                        "author": {
                                            "login": "lukeblevins"
                                        },
                                        "title": "[WinUI 2.6 Preview] Release mode crash caused by NavigationView ItemsRepeater",
                                        "url": "https://github.com/microsoft/microsoft-ui-xaml/issues/4759",
                                        "state": "CLOSED",
                                        "number": 4759,
                                        "__typename": "Issue"
                                    }
                                },
                                {
                                    "source": {
                                        "author": {
                                            "login": "marcelwgn"
                                        },
                                        "title": "Fix bad merge",
                                        "url": "https://github.com/files-community/Files/pull/4607",
                                        "state": "MERGED",
                                        "number": 4607,
                                        "__typename": "PullRequest"
                                    }
                                }
                            ]
                        }
                    },
                    {
                        "author": {
                            "login": "marcelwgn"
                        },
                        "title": "Fix bad merge",
                        "url": "https://github.com/files-community/Files/pull/4607",
                        "state": "MERGED",
                        "number": 4607,
                        "timelineItems": {
                            "nodes": []
                        }
                    },
                    {
                        "author": {
                            "login": "yaira2"
                        },
                        "title": "Fix issue where properties and unpin was missing for pinned items",
                        "url": "https://github.com/files-community/Files/pull/4612",
                        "state": "MERGED",
                        "number": 4612,
                        "timelineItems": {
                            "nodes": [
                                {
                                    "source": {
                                        "author": {
                                            "login": "Tropix126"
                                        },
                                        "title": "[Enhancement] Add back dividers between tabs",
                                        "url": "https://github.com/files-community/Files/issues/4348",
                                        "state": "CLOSED",
                                        "number": 4348,
                                        "__typename": "Issue"
                                    }
                                }
                            ]
                        }
                    },
                    {
                        "author": {
                            "login": "winston-de"
                        },
                        "title": "Fix Files sometimes freezing after right clicking an item",
                        "url": "https://github.com/files-community/Files/pull/4625",
                        "state": "MERGED",
                        "number": 4625,
                        "timelineItems": {
                            "nodes": [
                                {
                                    "source": {
                                        "author": {
                                            "login": "kimlimjustin"
                                        },
                                        "title": "Files freezes when right-clicking files/folders",
                                        "url": "https://github.com/files-community/Files/issues/3855",
                                        "state": "CLOSED",
                                        "number": 3855,
                                        "__typename": "Issue"
                                    }
                                },
                                {
                                    "source": {
                                        "author": {
                                            "login": "xairoo"
                                        },
                                        "title": "Media files: Context menu doesn't appear and app freezes",
                                        "url": "https://github.com/files-community/Files/issues/4666",
                                        "state": "CLOSED",
                                        "number": 4666,
                                        "__typename": "Issue"
                                    }
                                },
                                {
                                    "source": {
                                        "author": {
                                            "login": "matheustatangelo"
                                        },
                                        "title": "bug when right clicking on a jpg or mp4 file ",
                                        "url": "https://github.com/files-community/Files/issues/4734",
                                        "state": "CLOSED",
                                        "number": 4734,
                                        "__typename": "Issue"
                                    }
                                },
                                {
                                    "source": {
                                        "author": {
                                            "login": "shanoaice"
                                        },
                                        "title": "Right-click on image files will cause Files to hang up",
                                        "url": "https://github.com/files-community/Files/issues/4828",
                                        "state": "CLOSED",
                                        "number": 4828,
                                        "__typename": "Issue"
                                    }
                                }
                            ]
                        }
                    },
                    {
                        "author": {
                            "login": "winston-de"
                        },
                        "title": "Allow dragging items without selecting them first",
                        "url": "https://github.com/files-community/Files/pull/4626",
                        "state": "MERGED",
                        "number": 4626,
                        "timelineItems": {
                            "nodes": [
                                {
                                    "source": {
                                        "author": {
                                            "login": "xezrunner"
                                        },
                                        "title": "Allow dragging files and folders without selecting them first",
                                        "url": "https://github.com/files-community/Files/issues/673",
                                        "state": "CLOSED",
                                        "number": 673,
                                        "__typename": "Issue"
                                    }
                                },
                                {
                                    "source": {
                                        "author": {
                                            "login": "nt4f04uNd"
                                        },
                                        "title": "change drag and drop start behavior to match the explorer",
                                        "url": "https://github.com/files-community/Files/issues/4257",
                                        "state": "CLOSED",
                                        "number": 4257,
                                        "__typename": "Issue"
                                    }
                                },
                                {
                                    "source": {
                                        "author": {
                                            "login": "tellmewhy12"
                                        },
                                        "title": "Indication for Drag'n'Dropping multiple files",
                                        "url": "https://github.com/files-community/Files/issues/5035",
                                        "state": "CLOSED",
                                        "number": 5035,
                                        "__typename": "Issue"
                                    }
                                }
                            ]
                        }
                    },
                    {
                        "author": {
                            "login": "pklion"
                        },
                        "title": "Update Files.ja-JP.xlf",
                        "url": "https://github.com/files-community/Files/pull/4632",
                        "state": "MERGED",
                        "number": 4632,
                        "timelineItems": {
                            "nodes": []
                        }
                    },
                    {
                        "author": {
                            "login": "R3voA3"
                        },
                        "title": "Update Files.de-DE.xlf",
                        "url": "https://github.com/files-community/Files/pull/4633",
                        "state": "MERGED",
                        "number": 4633,
                        "timelineItems": {
                            "nodes": []
                        }
                    },
                    {
                        "author": {
                            "login": "oleitao"
                        },
                        "title": "Multiple Files Properties: Move Files And Folders Count next to the i\u2026",
                        "url": "https://github.com/files-community/Files/pull/4647",
                        "state": "CLOSED",
                        "number": 4647,
                        "timelineItems": {
                            "nodes": []
                        }
                    },
                    {
                        "author": {
                            "login": "cinqmilleans"
                        },
                        "title": "Fix search region visual (#4369)",
                        "url": "https://github.com/files-community/Files/pull/4649",
                        "state": "MERGED",
                        "number": 4649,
                        "timelineItems": {
                            "nodes": [
                                {
                                    "source": {
                                        "author": {
                                            "login": "Tropix126"
                                        },
                                        "title": "Text overlapping on address bar.",
                                        "url": "https://github.com/files-community/Files/issues/4369",
                                        "state": "CLOSED",
                                        "number": 4369,
                                        "__typename": "Issue"
                                    }
                                }
                            ]
                        }
                    },
                    {
                        "author": {
                            "login": "cinqmilleans"
                        },
                        "title": "Update all .xlf with new texts",
                        "url": "https://github.com/files-community/Files/pull/4650",
                        "state": "MERGED",
                        "number": 4650,
                        "timelineItems": {
                            "nodes": []
                        }
                    },
                    {
                        "author": {
                            "login": "winston-de"
                        },
                        "title": "Fix NullReferenceException in Files.Helpers.NavigationHelpers.OpenSelectedItems",
                        "url": "https://github.com/files-community/Files/pull/4655",
                        "state": "MERGED",
                        "number": 4655,
                        "timelineItems": {
                            "nodes": []
                        }
                    },
                    {
                        "author": {
                            "login": "winston-de"
                        },
                        "title": "Fix potential crash when initial shortcut or folder preview loading fails",
                        "url": "https://github.com/files-community/Files/pull/4656",
                        "state": "MERGED",
                        "number": 4656,
                        "timelineItems": {
                            "nodes": []
                        }
                    },
                    {
                        "author": {
                            "login": "winston-de"
                        },
                        "title": "Fixed crashes when opening properties dialog",
                        "url": "https://github.com/files-community/Files/pull/4658",
                        "state": "MERGED",
                        "number": 4658,
                        "timelineItems": {
                            "nodes": [
                                {
                                    "source": {
                                        "author": {
                                            "login": "Josh65-2201"
                                        },
                                        "title": "App crash when opening properties",
                                        "url": "https://github.com/files-community/Files/issues/4639",
                                        "state": "CLOSED",
                                        "number": 4639,
                                        "__typename": "Issue"
                                    }
                                }
                            ]
                        }
                    },
                    {
                        "author": {
                            "login": "oleitao"
                        },
                        "title": "Ability to directly move an item to another directory",
                        "url": "https://github.com/files-community/Files/pull/4659",
                        "state": "CLOSED",
                        "number": 4659,
                        "timelineItems": {
                            "nodes": []
                        }
                    },
                    {
                        "author": {
                            "login": "pklion"
                        },
                        "title": "Update Files.ja-JP.xlf",
                        "url": "https://github.com/files-community/Files/pull/4661",
                        "state": "MERGED",
                        "number": 4661,
                        "timelineItems": {
                            "nodes": []
                        }
                    },
                    {
                        "author": {
                            "login": "cinqmilleans"
                        },
                        "title": "New texts in french",
                        "url": "https://github.com/files-community/Files/pull/4663",
                        "state": "MERGED",
                        "number": 4663,
                        "timelineItems": {
                            "nodes": []
                        }
                    },
                    {
                        "author": {
                            "login": "winston-de"
                        },
                        "title": "New details layout: recycle bin headers and collapse status column when not in cloud drive",
                        "url": "https://github.com/files-community/Files/pull/4667",
                        "state": "MERGED",
                        "number": 4667,
                        "timelineItems": {
                            "nodes": []
                        }
                    },
                    {
                        "author": {
                            "login": "winston-de"
                        },
                        "title": "Fix issue where images wouldn't always be saved with the right encoding",
                        "url": "https://github.com/files-community/Files/pull/4669",
                        "state": "MERGED",
                        "number": 4669,
                        "timelineItems": {
                            "nodes": []
                        }
                    },
                    {
                        "author": {
                            "login": "d2dyno1"
                        },
                        "title": "Fix crash when collapsing sidebar item section",
                        "url": "https://github.com/files-community/Files/pull/4671",
                        "state": "MERGED",
                        "number": 4671,
                        "timelineItems": {
                            "nodes": []
                        }
                    },
                    {
                        "author": {
                            "login": "winston-de"
                        },
                        "title": "Added ability to create folder with current selection",
                        "url": "https://github.com/files-community/Files/pull/4672",
                        "state": "MERGED",
                        "number": 4672,
                        "timelineItems": {
                            "nodes": [
                                {
                                    "source": {
                                        "author": {
                                            "login": "szaimen"
                                        },
                                        "title": "Consider creating a new folder with the current selection",
                                        "url": "https://github.com/files-community/Files/issues/283",
                                        "state": "CLOSED",
                                        "number": 283,
                                        "__typename": "Issue"
                                    }
                                }
                            ]
                        }
                    },
                    {
                        "author": {
                            "login": "cinqmilleans"
                        },
                        "title": "Fix rename background",
                        "url": "https://github.com/files-community/Files/pull/4674",
                        "state": "MERGED",
                        "number": 4674,
                        "timelineItems": {
                            "nodes": [
                                {
                                    "source": {
                                        "author": {
                                            "login": "Richard-HM"
                                        },
                                        "title": "Grid view: The textbox background in rename mode is transparent",
                                        "url": "https://github.com/files-community/Files/issues/4229",
                                        "state": "CLOSED",
                                        "number": 4229,
                                        "__typename": "Issue"
                                    }
                                }
                            ]
                        }
                    },
                    {
                        "author": {
                            "login": "winston-de"
                        },
                        "title": "Added ability to horizontally scroll in new details view",
                        "url": "https://github.com/files-community/Files/pull/4677",
                        "state": "MERGED",
                        "number": 4677,
                        "timelineItems": {
                            "nodes": []
                        }
                    },
                    {
                        "author": {
                            "login": "yaira2"
                        },
                        "title": "Fixed header background and padding for the new details layout",
                        "url": "https://github.com/files-community/Files/pull/4683",
                        "state": "MERGED",
                        "number": 4683,
                        "timelineItems": {
                            "nodes": []
                        }
                    },
                    {
                        "author": {
                            "login": "winston-de"
                        },
                        "title": "Remove multiselect from experiments, always enable",
                        "url": "https://github.com/files-community/Files/pull/4685",
                        "state": "MERGED",
                        "number": 4685,
                        "timelineItems": {
                            "nodes": []
                        }
                    },
                    {
                        "author": {
                            "login": "yaira2"
                        },
                        "title": "Updated strings",
                        "url": "https://github.com/files-community/Files/pull/4686",
                        "state": "MERGED",
                        "number": 4686,
                        "timelineItems": {
                            "nodes": []
                        }
                    },
                    {
                        "author": {
                            "login": "cinqmilleans"
                        },
                        "title": "close settings with escape (#4678)",
                        "url": "https://github.com/files-community/Files/pull/4688",
                        "state": "CLOSED",
                        "number": 4688,
                        "timelineItems": {
                            "nodes": []
                        }
                    },
                    {
                        "author": {
                            "login": "cinqmilleans"
                        },
                        "title": "Fix texts of multiselect menu",
                        "url": "https://github.com/files-community/Files/pull/4690",
                        "state": "MERGED",
                        "number": 4690,
                        "timelineItems": {
                            "nodes": [
                                {
                                    "source": {
                                        "author": {
                                            "login": "cinqmilleans"
                                        },
                                        "title": "Fix commit #4690",
                                        "url": "https://github.com/files-community/Files/pull/4702",
                                        "state": "MERGED",
                                        "number": 4702,
                                        "__typename": "PullRequest"
                                    }
                                }
                            ]
                        }
                    },
                    {
                        "author": {
                            "login": "cinqmilleans"
                        },
                        "title": "Close settings with escape (#4678)",
                        "url": "https://github.com/files-community/Files/pull/4691",
                        "state": "CLOSED",
                        "number": 4691,
                        "timelineItems": {
                            "nodes": []
                        }
                    },
                    {
                        "author": {
                            "login": "cinqmilleans"
                        },
                        "title": "Translate new texts in french",
                        "url": "https://github.com/files-community/Files/pull/4692",
                        "state": "MERGED",
                        "number": 4692,
                        "timelineItems": {
                            "nodes": []
                        }
                    },
                    {
                        "author": {
                            "login": "pklion"
                        },
                        "title": "Update Files.ja-JP.xlf",
                        "url": "https://github.com/files-community/Files/pull/4694",
                        "state": "MERGED",
                        "number": 4694,
                        "timelineItems": {
                            "nodes": []
                        }
                    },
                    {
                        "author": {
                            "login": "yaira2"
                        },
                        "title": "Update azure-pipelines-release.yml for Azure Pipelines",
                        "url": "https://github.com/files-community/Files/pull/4700",
                        "state": "MERGED",
                        "number": 4700,
                        "timelineItems": {
                            "nodes": []
                        }
                    },
                    {
                        "author": {
                            "login": "cinqmilleans"
                        },
                        "title": "Add shortcuts for layouts",
                        "url": "https://github.com/files-community/Files/pull/4701",
                        "state": "CLOSED",
                        "number": 4701,
                        "timelineItems": {
                            "nodes": []
                        }
                    },
                    {
                        "author": {
                            "login": "cinqmilleans"
                        },
                        "title": "Fix commit #4690",
                        "url": "https://github.com/files-community/Files/pull/4702",
                        "state": "MERGED",
                        "number": 4702,
                        "timelineItems": {
                            "nodes": []
                        }
                    },
                    {
                        "author": {
                            "login": "winston-de"
                        },
                        "title": "Updated properties dialog background design",
                        "url": "https://github.com/files-community/Files/pull/4704",
                        "state": "MERGED",
                        "number": 4704,
                        "timelineItems": {
                            "nodes": []
                        }
                    },
                    {
                        "author": {
                            "login": "winston-de"
                        },
                        "title": "Added tab dividers back",
                        "url": "https://github.com/files-community/Files/pull/4712",
                        "state": "MERGED",
                        "number": 4712,
                        "timelineItems": {
                            "nodes": [
                                {
                                    "source": {
                                        "author": {
                                            "login": "Tropix126"
                                        },
                                        "title": "[Enhancement] Add back dividers between tabs",
                                        "url": "https://github.com/files-community/Files/issues/4348",
                                        "state": "CLOSED",
                                        "number": 4348,
                                        "__typename": "Issue"
                                    }
                                }
                            ]
                        }
                    },
                    {
                        "author": {
                            "login": "winston-de"
                        },
                        "title": "Added support for searching libraries",
                        "url": "https://github.com/files-community/Files/pull/4716",
                        "state": "MERGED",
                        "number": 4716,
                        "timelineItems": {
                            "nodes": []
                        }
                    },
                    {
                        "author": {
                            "login": "d2dyno1"
                        },
                        "title": "Added navigation from root to homepage",
                        "url": "https://github.com/files-community/Files/pull/4717",
                        "state": "MERGED",
                        "number": 4717,
                        "timelineItems": {
                            "nodes": [
                                {
                                    "source": {
                                        "author": {
                                            "login": "cinqmilleans"
                                        },
                                        "title": "Fix xlf ja-JP syntax",
                                        "url": "https://github.com/files-community/Files/pull/4721",
                                        "state": "CLOSED",
                                        "number": 4721,
                                        "__typename": "PullRequest"
                                    }
                                }
                            ]
                        }
                    },
                    {
                        "author": {
                            "login": "cinqmilleans"
                        },
                        "title": "Close settings with key back",
                        "url": "https://github.com/files-community/Files/pull/4720",
                        "state": "CLOSED",
                        "number": 4720,
                        "timelineItems": {
                            "nodes": []
                        }
                    },
                    {
                        "author": {
                            "login": "cinqmilleans"
                        },
                        "title": "Fix xlf ja-JP syntax",
                        "url": "https://github.com/files-community/Files/pull/4721",
                        "state": "CLOSED",
                        "number": 4721,
                        "timelineItems": {
                            "nodes": []
                        }
                    },
                    {
                        "author": {
                            "login": "cinqmilleans"
                        },
                        "title": "Add shortcuts for layouts",
                        "url": "https://github.com/files-community/Files/pull/4722",
                        "state": "CLOSED",
                        "number": 4722,
                        "timelineItems": {
                            "nodes": [
                                {
                                    "source": {
                                        "author": {
                                            "login": "pklion"
                                        },
                                        "title": "Add keyboard shortcuts to change layout mode",
                                        "url": "https://github.com/files-community/Files/issues/4682",
                                        "state": "CLOSED",
                                        "number": 4682,
                                        "__typename": "Issue"
                                    }
                                }
                            ]
                        }
                    },
                    {
                        "author": {
                            "login": "winston-de"
                        },
                        "title": "Fixed some bugs with drag & drop",
                        "url": "https://github.com/files-community/Files/pull/4728",
                        "state": "MERGED",
                        "number": 4728,
                        "timelineItems": {
                            "nodes": [
                                {
                                    "source": {
                                        "author": {
                                            "login": "osieltorres"
                                        },
                                        "title": "Unable to drag selected items to a secondary pane",
                                        "url": "https://github.com/files-community/Files/issues/4740",
                                        "state": "CLOSED",
                                        "number": 4740,
                                        "__typename": "Issue"
                                    }
                                }
                            ]
                        }
                    },
                    {
                        "author": {
                            "login": "cinqmilleans"
                        },
                        "title": "fix recycle bin case",
                        "url": "https://github.com/files-community/Files/pull/4736",
                        "state": "MERGED",
                        "number": 4736,
                        "timelineItems": {
                            "nodes": [
                                {
                                    "source": {
                                        "author": {
                                            "login": "Josh65-2201"
                                        },
                                        "title": "Recycle bin doesn't refresh when deleting",
                                        "url": "https://github.com/files-community/Files/issues/4640",
                                        "state": "CLOSED",
                                        "number": 4640,
                                        "__typename": "Issue"
                                    }
                                },
                                {
                                    "source": {
                                        "author": {
                                            "login": "sattarulwariqirohmani"
                                        },
                                        "title": "can't delete for without recycle bin ",
                                        "url": "https://github.com/files-community/Files/issues/4733",
                                        "state": "CLOSED",
                                        "number": 4733,
                                        "__typename": "Issue"
                                    }
                                }
                            ]
                        }
                    },
                    {
                        "author": {
                            "login": "winston-de"
                        },
                        "title": "Added support for executables as drop targets",
                        "url": "https://github.com/files-community/Files/pull/4737",
                        "state": "MERGED",
                        "number": 4737,
                        "timelineItems": {
                            "nodes": [
                                {
                                    "source": {
                                        "author": {
                                            "login": "Hefaistos68"
                                        },
                                        "title": "Support drop targets ",
                                        "url": "https://github.com/files-community/Files/issues/3013",
                                        "state": "CLOSED",
                                        "number": 3013,
                                        "__typename": "Issue"
                                    }
                                }
                            ]
                        }
                    },
                    {
                        "author": {
                            "login": "winston-de"
                        },
                        "title": "New details view fixes",
                        "url": "https://github.com/files-community/Files/pull/4738",
                        "state": "MERGED",
                        "number": 4738,
                        "timelineItems": {
                            "nodes": [
                                {
                                    "source": {
                                        "author": {
                                            "login": "winston-de"
                                        },
                                        "title": "Improving the new details view",
                                        "url": "https://github.com/files-community/Files/issues/4643",
                                        "state": "CLOSED",
                                        "number": 4643,
                                        "__typename": "Issue"
                                    }
                                }
                            ]
                        }
                    },
                    {
                        "author": {
                            "login": "TyJOrtiz"
                        },
                        "title": "Second branch",
                        "url": "https://github.com/files-community/Files/pull/4739",
                        "state": "CLOSED",
                        "number": 4739,
                        "timelineItems": {
                            "nodes": []
                        }
                    },
                    {
                        "author": {
                            "login": "yaira2"
                        },
                        "title": "Changed how we subscribe to events",
                        "url": "https://github.com/files-community/Files/pull/4743",
                        "state": "MERGED",
                        "number": 4743,
                        "timelineItems": {
                            "nodes": []
                        }
                    },
                    {
                        "author": {
                            "login": "lukeblevins"
                        },
                        "title": "Load icons directly from imageres for Libraries, Drives, Sidebar",
                        "url": "https://github.com/files-community/Files/pull/4744",
                        "state": "CLOSED",
                        "number": 4744,
                        "timelineItems": {
                            "nodes": [
                                {
                                    "source": {
                                        "author": {
                                            "login": "violenceandroid"
                                        },
                                        "title": "Directory Items Preview Tooltip",
                                        "url": "https://github.com/files-community/Files/issues/99",
                                        "state": "CLOSED",
                                        "number": 99,
                                        "__typename": "Issue"
                                    }
                                }
                            ]
                        }
                    },
                    {
                        "author": {
                            "login": "cinqmilleans"
                        },
                        "title": "Fix LibraryNoLocations Visibility",
                        "url": "https://github.com/files-community/Files/pull/4748",
                        "state": "MERGED",
                        "number": 4748,
                        "timelineItems": {
                            "nodes": []
                        }
                    }
                ]
            }
        }
    }
}