{
    "data": {
        "repository": {
            "pullRequests": {
                "pageInfo": {
                    "endCursor": "Y3Vyc29yOnYyOpHOUEq9qg=="
                },
                "nodes": [
                    {
                        "author": {
                            "login": "0x5bfa"
                        },
                        "title": "Code Quality: Added license header to C# phase3",
                        "url": "https://github.com/files-community/Files/pull/12154",
                        "state": "MERGED",
                        "number": 12154,
                        "timelineItems": {
                            "nodes": []
                        }
                    },
                    {
                        "author": {
                            "login": "0x5bfa"
                        },
                        "title": "Code Quality: Added license header to C# phase4",
                        "url": "https://github.com/files-community/Files/pull/12155",
                        "state": "MERGED",
                        "number": 12155,
                        "timelineItems": {
                            "nodes": []
                        }
                    },
                    {
                        "author": {
                            "login": "0x5bfa"
                        },
                        "title": "Code Quality: Added license header to C# phase5",
                        "url": "https://github.com/files-community/Files/pull/12156",
                        "state": "MERGED",
                        "number": 12156,
                        "timelineItems": {
                            "nodes": []
                        }
                    },
                    {
                        "author": {
                            "login": "0x5bfa"
                        },
                        "title": "Code Quality: Added license header to C# phase6",
                        "url": "https://github.com/files-community/Files/pull/12157",
                        "state": "MERGED",
                        "number": 12157,
                        "timelineItems": {
                            "nodes": []
                        }
                    },
                    {
                        "author": {
                            "login": "0x5bfa"
                        },
                        "title": "Code Quality: Added license header to XAML",
                        "url": "https://github.com/files-community/Files/pull/12158",
                        "state": "MERGED",
                        "number": 12158,
                        "timelineItems": {
                            "nodes": []
                        }
                    },
                    {
                        "author": {
                            "login": "f-pereira"
                        },
                        "title": "Fix: Ensure GIF and TIFF are treated as images",
                        "url": "https://github.com/files-community/Files/pull/12159",
                        "state": "MERGED",
                        "number": 12159,
                        "timelineItems": {
                            "nodes": []
                        }
                    },
                    {
                        "author": {
                            "login": "0x5bfa"
                        },
                        "title": "Code Quality: Added license header to C# phase7",
                        "url": "https://github.com/files-community/Files/pull/12165",
                        "state": "MERGED",
                        "number": 12165,
                        "timelineItems": {
                            "nodes": []
                        }
                    },
                    {
                        "author": {
                            "login": "hishitetsu"
                        },
                        "title": "Fix: Fixed infinite restart loop",
                        "url": "https://github.com/files-community/Files/pull/12166",
                        "state": "MERGED",
                        "number": 12166,
                        "timelineItems": {
                            "nodes": []
                        }
                    },
                    {
                        "author": {
                            "login": "hishitetsu"
                        },
                        "title": "Fix: Fixed high CPU usage in the recent files widget",
                        "url": "https://github.com/files-community/Files/pull/12169",
                        "state": "MERGED",
                        "number": 12169,
                        "timelineItems": {
                            "nodes": []
                        }
                    },
                    {
                        "author": {
                            "login": "hishitetsu"
                        },
                        "title": "Fix: Fixed possible NullReferenceException in widgets",
                        "url": "https://github.com/files-community/Files/pull/12171",
                        "state": "MERGED",
                        "number": 12171,
                        "timelineItems": {
                            "nodes": []
                        }
                    },
                    {
                        "author": {
                            "login": "yaira2"
                        },
                        "title": "Feature: Switched to RepositionThemeTransition",
                        "url": "https://github.com/files-community/Files/pull/12173",
                        "state": "MERGED",
                        "number": 12173,
                        "timelineItems": {
                            "nodes": []
                        }
                    },
                    {
                        "author": {
                            "login": "yaira2"
                        },
                        "title": "Ya/theme helper initialize",
                        "url": "https://github.com/files-community/Files/pull/12174",
                        "state": "CLOSED",
                        "number": 12174,
                        "timelineItems": {
                            "nodes": []
                        }
                    },
                    {
                        "author": {
                            "login": "yaira2"
                        },
                        "title": " Fix: Fixed possible System.NullReferenceException in ThemeHelper",
                        "url": "https://github.com/files-community/Files/pull/12175",
                        "state": "MERGED",
                        "number": 12175,
                        "timelineItems": {
                            "nodes": []
                        }
                    },
                    {
                        "author": {
                            "login": "lukeblevins"
                        },
                        "title": "Codebase Quality: Network drives service and view model",
                        "url": "https://github.com/files-community/Files/pull/12176",
                        "state": "MERGED",
                        "number": 12176,
                        "timelineItems": {
                            "nodes": []
                        }
                    },
                    {
                        "author": {
                            "login": "QuaintMako"
                        },
                        "title": "Feature: Display Restore All Items when right clicking recycle bin on the sidebar",
                        "url": "https://github.com/files-community/Files/pull/12178",
                        "state": "MERGED",
                        "number": 12178,
                        "timelineItems": {
                            "nodes": []
                        }
                    },
                    {
                        "author": {
                            "login": "hishitetsu"
                        },
                        "title": "Feature: Reinitialize ThemeHelper",
                        "url": "https://github.com/files-community/Files/pull/12179",
                        "state": "MERGED",
                        "number": 12179,
                        "timelineItems": {
                            "nodes": []
                        }
                    },
                    {
                        "author": {
                            "login": "yaira2"
                        },
                        "title": "Servicing v2.4.68",
                        "url": "https://github.com/files-community/Files/pull/12180",
                        "state": "MERGED",
                        "number": 12180,
                        "timelineItems": {
                            "nodes": []
                        }
                    },
                    {
                        "author": {
                            "login": "yaira2"
                        },
                        "title": "Fix: Fixed System.InvalidOperationException",
                        "url": "https://github.com/files-community/Files/pull/12184",
                        "state": "MERGED",
                        "number": 12184,
                        "timelineItems": {
                            "nodes": []
                        }
                    },
                    {
                        "author": {
                            "login": "hishitetsu"
                        },
                        "title": "Fix: Fixed NullReferenceException in ThemeHelper part 2",
                        "url": "https://github.com/files-community/Files/pull/12185",
                        "state": "MERGED",
                        "number": 12185,
                        "timelineItems": {
                            "nodes": []
                        }
                    },
                    {
                        "author": {
                            "login": "heftymouse"
                        },
                        "title": "Fix: Fixed NullReferenceException when no cloud drives are installed",
                        "url": "https://github.com/files-community/Files/pull/12187",
                        "state": "MERGED",
                        "number": 12187,
                        "timelineItems": {
                            "nodes": []
                        }
                    },
                    {
                        "author": {
                            "login": "yaira2"
                        },
                        "title": "Code Quality: Added new build configurations",
                        "url": "https://github.com/files-community/Files/pull/12189",
                        "state": "MERGED",
                        "number": 12189,
                        "timelineItems": {
                            "nodes": []
                        }
                    },
                    {
                        "author": {
                            "login": "mafra99"
                        },
                        "title": "Fix: Fixed issue where the tab sometimes had the wrong icon",
                        "url": "https://github.com/files-community/Files/pull/12190",
                        "state": "MERGED",
                        "number": 12190,
                        "timelineItems": {
                            "nodes": []
                        }
                    },
                    {
                        "author": {
                            "login": "yaira2"
                        },
                        "title": "Code Quality: Disable AppCenter on dev builds",
                        "url": "https://github.com/files-community/Files/pull/12192",
                        "state": "MERGED",
                        "number": 12192,
                        "timelineItems": {
                            "nodes": []
                        }
                    },
                    {
                        "author": {
                            "login": "mafra99"
                        },
                        "title": "Fix: Fixed issue where unpin from start didn't work",
                        "url": "https://github.com/files-community/Files/pull/12193",
                        "state": "MERGED",
                        "number": 12193,
                        "timelineItems": {
                            "nodes": [
                                {
                                    "source": {
                                        "author": {
                                            "login": "hishitetsu"
                                        },
                                        "title": "Fix: Cherry-pick recent changes into servicing",
                                        "url": "https://github.com/files-community/Files/pull/12197",
                                        "state": "MERGED",
                                        "number": 12197,
                                        "__typename": "PullRequest"
                                    }
                                }
                            ]
                        }
                    },
                    {
                        "author": {
                            "login": "yaira2"
                        },
                        "title": "Feature: Attach stacktrace to AppCenter report",
                        "url": "https://github.com/files-community/Files/pull/12194",
                        "state": "CLOSED",
                        "number": 12194,
                        "timelineItems": {
                            "nodes": []
                        }
                    },
                    {
                        "author": {
                            "login": "yaira2"
                        },
                        "title": "Feature: Track actions in AppCenter",
                        "url": "https://github.com/files-community/Files/pull/12195",
                        "state": "MERGED",
                        "number": 12195,
                        "timelineItems": {
                            "nodes": []
                        }
                    },
                    {
                        "author": {
                            "login": "hishitetsu"
                        },
                        "title": "Fix: Fixed possible NullReferenceException with `DispatcherQueue.EnqueueAsync()`",
                        "url": "https://github.com/files-community/Files/pull/12196",
                        "state": "MERGED",
                        "number": 12196,
                        "timelineItems": {
                            "nodes": []
                        }
                    },
                    {
                        "author": {
                            "login": "hishitetsu"
                        },
                        "title": "Fix: Cherry-pick recent changes into servicing",
                        "url": "https://github.com/files-community/Files/pull/12197",
                        "state": "MERGED",
                        "number": 12197,
                        "timelineItems": {
                            "nodes": []
                        }
                    },
                    {
                        "author": {
                            "login": "yaira2"
                        },
                        "title": "Fix: Fixed crash when right clicking files",
                        "url": "https://github.com/files-community/Files/pull/12199",
                        "state": "CLOSED",
                        "number": 12199,
                        "timelineItems": {
                            "nodes": []
                        }
                    },
                    {
                        "author": {
                            "login": "yaira2"
                        },
                        "title": "Code Quality: Added tracking to rich commands",
                        "url": "https://github.com/files-community/Files/pull/12200",
                        "state": "CLOSED",
                        "number": 12200,
                        "timelineItems": {
                            "nodes": []
                        }
                    },
                    {
                        "author": {
                            "login": "QuaintMako"
                        },
                        "title": "Code Quality: IntroducingLayout refactoring",
                        "url": "https://github.com/files-community/Files/pull/12203",
                        "state": "CLOSED",
                        "number": 12203,
                        "timelineItems": {
                            "nodes": []
                        }
                    },
                    {
                        "author": {
                            "login": "QuaintMako"
                        },
                        "title": "Code Quality: Introducing common base for Grid and Details Layout",
                        "url": "https://github.com/files-community/Files/pull/12205",
                        "state": "CLOSED",
                        "number": 12205,
                        "timelineItems": {
                            "nodes": []
                        }
                    },
                    {
                        "author": {
                            "login": "yaira2"
                        },
                        "title": "Servicing v2.4.69",
                        "url": "https://github.com/files-community/Files/pull/12206",
                        "state": "MERGED",
                        "number": 12206,
                        "timelineItems": {
                            "nodes": []
                        }
                    },
                    {
                        "author": {
                            "login": "hishitetsu"
                        },
                        "title": "Fix: Fixed folder size calculation",
                        "url": "https://github.com/files-community/Files/pull/12207",
                        "state": "MERGED",
                        "number": 12207,
                        "timelineItems": {
                            "nodes": []
                        }
                    },
                    {
                        "author": {
                            "login": "hishitetsu"
                        },
                        "title": "Fix: Fixed crash in context menu loading",
                        "url": "https://github.com/files-community/Files/pull/12208",
                        "state": "CLOSED",
                        "number": 12208,
                        "timelineItems": {
                            "nodes": []
                        }
                    },
                    {
                        "author": {
                            "login": "hishitetsu"
                        },
                        "title": "Fix: Changed BlockingCollection to Channel",
                        "url": "https://github.com/files-community/Files/pull/12210",
                        "state": "CLOSED",
                        "number": 12210,
                        "timelineItems": {
                            "nodes": []
                        }
                    },
                    {
                        "author": {
                            "login": "hishitetsu"
                        },
                        "title": "Fix: Catch COMexception in ThreadWithMessageQueue",
                        "url": "https://github.com/files-community/Files/pull/12212",
                        "state": "CLOSED",
                        "number": 12212,
                        "timelineItems": {
                            "nodes": []
                        }
                    },
                    {
                        "author": {
                            "login": "ferrariofilippo"
                        },
                        "title": "Fix: Switch focus to the primary pane when closing dual pane mode",
                        "url": "https://github.com/files-community/Files/pull/12213",
                        "state": "MERGED",
                        "number": 12213,
                        "timelineItems": {
                            "nodes": []
                        }
                    },
                    {
                        "author": {
                            "login": "yaira2"
                        },
                        "title": "New Crowdin updates",
                        "url": "https://github.com/files-community/Files/pull/12214",
                        "state": "MERGED",
                        "number": 12214,
                        "timelineItems": {
                            "nodes": []
                        }
                    },
                    {
                        "author": {
                            "login": "hishitetsu"
                        },
                        "title": "Fix: Refactored ContextMenu",
                        "url": "https://github.com/files-community/Files/pull/12217",
                        "state": "MERGED",
                        "number": 12217,
                        "timelineItems": {
                            "nodes": []
                        }
                    },
                    {
                        "author": {
                            "login": "dependabot"
                        },
                        "title": "Build(deps): Bump CommunityToolkit.Mvvm from 8.1.0 to 8.2.0",
                        "url": "https://github.com/files-community/Files/pull/12218",
                        "state": "MERGED",
                        "number": 12218,
                        "timelineItems": {
                            "nodes": []
                        }
                    },
                    {
                        "author": {
                            "login": "ferrariofilippo"
                        },
                        "title": "Fix: Fixed can't drag multiple files from the tags area",
                        "url": "https://github.com/files-community/Files/pull/12219",
                        "state": "MERGED",
                        "number": 12219,
                        "timelineItems": {
                            "nodes": []
                        }
                    },
                    {
                        "author": {
                            "login": "hishitetsu"
                        },
                        "title": "Fix: Disable Cast to device to avoid crash",
                        "url": "https://github.com/files-community/Files/pull/12223",
                        "state": "MERGED",
                        "number": 12223,
                        "timelineItems": {
                            "nodes": []
                        }
                    },
                    {
                        "author": {
                            "login": "hishitetsu"
                        },
                        "title": "Servicing v2.4.70",
                        "url": "https://github.com/files-community/Files/pull/12225",
                        "state": "MERGED",
                        "number": 12225,
                        "timelineItems": {
                            "nodes": []
                        }
                    },
                    {
                        "author": {
                            "login": "ferrariofilippo"
                        },
                        "title": "Fix: Fixed a crash with ftp connections",
                        "url": "https://github.com/files-community/Files/pull/12228",
                        "state": "MERGED",
                        "number": 12228,
                        "timelineItems": {
                            "nodes": [
                                {
                                    "source": {
                                        "author": {
                                            "login": "ferrariofilippo"
                                        },
                                        "title": "Feature: Display conflicts modal when pasting in FTP locations",
                                        "url": "https://github.com/files-community/Files/pull/12242",
                                        "state": "MERGED",
                                        "number": 12242,
                                        "__typename": "PullRequest"
                                    }
                                }
                            ]
                        }
                    },
                    {
                        "author": {
                            "login": "Krytan"
                        },
                        "title": "Fix: Fixed an issue where checkbox settings weren't applied in the grid layout",
                        "url": "https://github.com/files-community/Files/pull/12229",
                        "state": "MERGED",
                        "number": 12229,
                        "timelineItems": {
                            "nodes": []
                        }
                    },
                    {
                        "author": {
                            "login": "ferrariofilippo"
                        },
                        "title": "Fix: Fixed issue where the create button was always disabled in new shortcut dialog",
                        "url": "https://github.com/files-community/Files/pull/12230",
                        "state": "MERGED",
                        "number": 12230,
                        "timelineItems": {
                            "nodes": []
                        }
                    },
                    {
                        "author": {
                            "login": "ferrariofilippo"
                        },
                        "title": "Fix: Reduced tooltip size when only the drive name is available",
                        "url": "https://github.com/files-community/Files/pull/12231",
                        "state": "MERGED",
                        "number": 12231,
                        "timelineItems": {
                            "nodes": []
                        }
                    },
                    {
                        "author": {
                            "login": "0x5bfa"
                        },
                        "title": "Code Quality: Introduce a new data storage namespace",
                        "url": "https://github.com/files-community/Files/pull/12233",
                        "state": "MERGED",
                        "number": 12233,
                        "timelineItems": {
                            "nodes": [
                                {
                                    "source": {
                                        "author": {
                                            "login": "0x5bfa"
                                        },
                                        "title": "Code Quality: Use Files.App.Data for data models",
                                        "url": "https://github.com/files-community/Files/issues/12265",
                                        "state": "CLOSED",
                                        "number": 12265,
                                        "__typename": "Issue"
                                    }
                                }
                            ]
                        }
                    },
                    {
                        "author": {
                            "login": "0x5bfa"
                        },
                        "title": "Fix: Use original source StickyHeaderBehavior",
                        "url": "https://github.com/files-community/Files/pull/12234",
                        "state": "CLOSED",
                        "number": 12234,
                        "timelineItems": {
                            "nodes": []
                        }
                    },
                    {
                        "author": {
                            "login": "0x5bfa"
                        },
                        "title": "Code Quality: Merged App.ValueConverters with App.Converters",
                        "url": "https://github.com/files-community/Files/pull/12235",
                        "state": "MERGED",
                        "number": 12235,
                        "timelineItems": {
                            "nodes": []
                        }
                    },
                    {
                        "author": {
                            "login": "0x5bfa"
                        },
                        "title": "Code Quality: Update UWPToWinAppSDKUpgradeHelpers",
                        "url": "https://github.com/files-community/Files/pull/12238",
                        "state": "MERGED",
                        "number": 12238,
                        "timelineItems": {
                            "nodes": [
                                {
                                    "source": {
                                        "author": {
                                            "login": "hez2010"
                                        },
                                        "title": "Code Quality: Avoid reflection in SetCursor",
                                        "url": "https://github.com/files-community/Files/issues/12253",
                                        "state": "CLOSED",
                                        "number": 12253,
                                        "__typename": "Issue"
                                    }
                                }
                            ]
                        }
                    },
                    {
                        "author": {
                            "login": "hishitetsu"
                        },
                        "title": "Docs: Added a missing command to the command list",
                        "url": "https://github.com/files-community/Files/pull/12239",
                        "state": "MERGED",
                        "number": 12239,
                        "timelineItems": {
                            "nodes": []
                        }
                    },
                    {
                        "author": {
                            "login": "hishitetsu"
                        },
                        "title": "Fix: Backported fixes for critical issues into the servicing branch",
                        "url": "https://github.com/files-community/Files/pull/12240",
                        "state": "MERGED",
                        "number": 12240,
                        "timelineItems": {
                            "nodes": []
                        }
                    },
                    {
                        "author": {
                            "login": "0x5bfa"
                        },
                        "title": "Code Quality: Continued work of applying one class per file",
                        "url": "https://github.com/files-community/Files/pull/12241",
                        "state": "MERGED",
                        "number": 12241,
                        "timelineItems": {
                            "nodes": []
                        }
                    },
                    {
                        "author": {
                            "login": "ferrariofilippo"
                        },
                        "title": "Feature: Display conflicts modal when pasting in FTP locations",
                        "url": "https://github.com/files-community/Files/pull/12242",
                        "state": "MERGED",
                        "number": 12242,
                        "timelineItems": {
                            "nodes": []
                        }
                    },
                    {
                        "author": {
                            "login": "memory-hunter"
                        },
                        "title": "Feature: Rename the \"Path:\" text to \"Location:\"",
                        "url": "https://github.com/files-community/Files/pull/12243",
                        "state": "MERGED",
                        "number": 12243,
                        "timelineItems": {
                            "nodes": [
                                {
                                    "source": {
                                        "author": {
                                            "login": "munnanadaf"
                                        },
                                        "title": "Feature: Rename the \"Path:\" text to \"Location\" feature.",
                                        "url": "https://github.com/files-community/Files/pull/12248",
                                        "state": "CLOSED",
                                        "number": 12248,
                                        "__typename": "PullRequest"
                                    }
                                }
                            ]
                        }
                    },
                    {
                        "author": {
                            "login": "ZLAllen"
                        },
                        "title": "Fix: Fixed issue where search unindexed items wasn't clickable",
                        "url": "https://github.com/files-community/Files/pull/12245",
                        "state": "MERGED",
                        "number": 12245,
                        "timelineItems": {
                            "nodes": []
                        }
                    },
                    {
                        "author": {
                            "login": "munnanadaf"
                        },
                        "title": "Feature: Rename the \"Path:\" text to \"Location\" feature.",
                        "url": "https://github.com/files-community/Files/pull/12248",
                        "state": "CLOSED",
                        "number": 12248,
                        "timelineItems": {
                            "nodes": []
                        }
                    },
                    {
                        "author": {
                            "login": "ferrariofilippo"
                        },
                        "title": "Fix: Reset items opacity when copying other items",
                        "url": "https://github.com/files-community/Files/pull/12252",
                        "state": "MERGED",
                        "number": 12252,
                        "timelineItems": {
                            "nodes": []
                        }
                    },
                    {
                        "author": {
                            "login": "Krytan"
                        },
                        "title": "Feature: Added a new option to remove checkboxes under folder settings",
                        "url": "https://github.com/files-community/Files/pull/12254",
                        "state": "CLOSED",
                        "number": 12254,
                        "timelineItems": {
                            "nodes": []
                        }
                    },
                    {
                        "author": {
                            "login": "dependabot"
                        },
                        "title": "Build(deps): Bump Axe.Windows from 2.1.0 to 2.1.1",
                        "url": "https://github.com/files-community/Files/pull/12257",
                        "state": "MERGED",
                        "number": 12257,
                        "timelineItems": {
                            "nodes": []
                        }
                    },
                    {
                        "author": {
                            "login": "hez2010"
                        },
                        "title": "Startup speed improvements",
                        "url": "https://github.com/files-community/Files/pull/12260",
                        "state": "MERGED",
                        "number": 12260,
                        "timelineItems": {
                            "nodes": []
                        }
                    },
                    {
                        "author": {
                            "login": "0x5bfa"
                        },
                        "title": "Code Quality: Refactored the settings controls",
                        "url": "https://github.com/files-community/Files/pull/12261",
                        "state": "CLOSED",
                        "number": 12261,
                        "timelineItems": {
                            "nodes": [
                                {
                                    "source": {
                                        "author": {
                                            "login": "0x5bfa"
                                        },
                                        "title": "Code Quality: WCT Settings Control",
                                        "url": "https://github.com/files-community/Files/pull/13045",
                                        "state": "CLOSED",
                                        "number": 13045,
                                        "__typename": "PullRequest"
                                    }
                                }
                            ]
                        }
                    },
                    {
                        "author": {
                            "login": "yaira2"
                        },
                        "title": "New Crowdin updates",
                        "url": "https://github.com/files-community/Files/pull/12262",
                        "state": "MERGED",
                        "number": 12262,
                        "timelineItems": {
                            "nodes": []
                        }
                    },
                    {
                        "author": {
                            "login": "hishitetsu"
                        },
                        "title": "Fix: Fixed build error in the servicing branch",
                        "url": "https://github.com/files-community/Files/pull/12263",
                        "state": "MERGED",
                        "number": 12263,
                        "timelineItems": {
                            "nodes": []
                        }
                    },
                    {
                        "author": {
                            "login": "0x5bfa"
                        },
                        "title": "Code Quality: Refactor page-layout-related codes",
                        "url": "https://github.com/files-community/Files/pull/12264",
                        "state": "MERGED",
                        "number": 12264,
                        "timelineItems": {
                            "nodes": []
                        }
                    },
                    {
                        "author": {
                            "login": "0x5bfa"
                        },
                        "title": "Code Quality: Refactor ViewModels",
                        "url": "https://github.com/files-community/Files/pull/12266",
                        "state": "CLOSED",
                        "number": 12266,
                        "timelineItems": {
                            "nodes": []
                        }
                    },
                    {
                        "author": {
                            "login": "0x5bfa"
                        },
                        "title": "Code Quality: Refactored TabView",
                        "url": "https://github.com/files-community/Files/pull/12267",
                        "state": "CLOSED",
                        "number": 12267,
                        "timelineItems": {
                            "nodes": []
                        }
                    },
                    {
                        "author": {
                            "login": "0x5bfa"
                        },
                        "title": "Rich Command: Open Properties",
                        "url": "https://github.com/files-community/Files/pull/12269",
                        "state": "CLOSED",
                        "number": 12269,
                        "timelineItems": {
                            "nodes": [
                                {
                                    "source": {
                                        "author": {
                                            "login": "ferrariofilippo"
                                        },
                                        "title": "Rich Commands: Open Properties",
                                        "url": "https://github.com/files-community/Files/pull/12365",
                                        "state": "MERGED",
                                        "number": 12365,
                                        "__typename": "PullRequest"
                                    }
                                }
                            ]
                        }
                    },
                    {
                        "author": {
                            "login": "d2dyno1"
                        },
                        "title": "Feature: Implemented settings synchronization accross app instances",
                        "url": "https://github.com/files-community/Files/pull/12272",
                        "state": "CLOSED",
                        "number": 12272,
                        "timelineItems": {
                            "nodes": []
                        }
                    },
                    {
                        "author": {
                            "login": "hishitetsu"
                        },
                        "title": "Fix: Fixed issue where removing an item from the recent list didn't work",
                        "url": "https://github.com/files-community/Files/pull/12273",
                        "state": "MERGED",
                        "number": 12273,
                        "timelineItems": {
                            "nodes": []
                        }
                    },
                    {
                        "author": {
                            "login": "hecksmosis"
                        },
                        "title": "Fix: Fixed issue where drives sometimes had the wrong thumbnail",
                        "url": "https://github.com/files-community/Files/pull/12275",
                        "state": "MERGED",
                        "number": 12275,
                        "timelineItems": {
                            "nodes": []
                        }
                    },
                    {
                        "author": {
                            "login": "yaira2"
                        },
                        "title": "Code Quality: Remove sideload config",
                        "url": "https://github.com/files-community/Files/pull/12281",
                        "state": "MERGED",
                        "number": 12281,
                        "timelineItems": {
                            "nodes": []
                        }
                    },
                    {
                        "author": {
                            "login": "yaira2"
                        },
                        "title": "AppCenter: Track action code",
                        "url": "https://github.com/files-community/Files/pull/12282",
                        "state": "MERGED",
                        "number": 12282,
                        "timelineItems": {
                            "nodes": []
                        }
                    },
                    {
                        "author": {
                            "login": "yaira2"
                        },
                        "title": "New Crowdin updates",
                        "url": "https://github.com/files-community/Files/pull/12283",
                        "state": "MERGED",
                        "number": 12283,
                        "timelineItems": {
                            "nodes": []
                        }
                    },
                    {
                        "author": {
                            "login": "ferrariofilippo"
                        },
                        "title": "Fix: Fixed issue with file preview in column layout",
                        "url": "https://github.com/files-community/Files/pull/12284",
                        "state": "MERGED",
                        "number": 12284,
                        "timelineItems": {
                            "nodes": []
                        }
                    },
                    {
                        "author": {
                            "login": "hecksmosis"
                        },
                        "title": "Fix: Fixed NullReferenceException in folder.GetThumbnailAsync",
                        "url": "https://github.com/files-community/Files/pull/12286",
                        "state": "MERGED",
                        "number": 12286,
                        "timelineItems": {
                            "nodes": [
                                {
                                    "source": {
                                        "author": {
                                            "login": "ferrariofilippo"
                                        },
                                        "title": "Fix: Fixed issue with file preview in column layout",
                                        "url": "https://github.com/files-community/Files/pull/12284",
                                        "state": "MERGED",
                                        "number": 12284,
                                        "__typename": "PullRequest"
                                    }
                                }
                            ]
                        }
                    },
                    {
                        "author": {
                            "login": "hishitetsu"
                        },
                        "title": "Feature: Added support for grouping items by month",
                        "url": "https://github.com/files-community/Files/pull/12288",
                        "state": "MERGED",
                        "number": 12288,
                        "timelineItems": {
                            "nodes": []
                        }
                    },
                    {
                        "author": {
                            "login": "0x5bfa"
                        },
                        "title": "Code Quality: Moved Helpers.CommonPaths to Constants.UserEnvironmentPaths",
                        "url": "https://github.com/files-community/Files/pull/12290",
                        "state": "MERGED",
                        "number": 12290,
                        "timelineItems": {
                            "nodes": []
                        }
                    },
                    {
                        "author": {
                            "login": "0x5bfa"
                        },
                        "title": "Code Quality: Refactor App.Helpers",
                        "url": "https://github.com/files-community/Files/pull/12291",
                        "state": "CLOSED",
                        "number": 12291,
                        "timelineItems": {
                            "nodes": []
                        }
                    },
                    {
                        "author": {
                            "login": "Krytan"
                        },
                        "title": "Fix: Fixed crash that would occur when previewing PDFs in a RTL environment",
                        "url": "https://github.com/files-community/Files/pull/12293",
                        "state": "MERGED",
                        "number": 12293,
                        "timelineItems": {
                            "nodes": []
                        }
                    },
                    {
                        "author": {
                            "login": "gave92"
                        },
                        "title": "Fix: Fixed compilation of CustomOpenDialog project",
                        "url": "https://github.com/files-community/Files/pull/12294",
                        "state": "MERGED",
                        "number": 12294,
                        "timelineItems": {
                            "nodes": []
                        }
                    },
                    {
                        "author": {
                            "login": "hecksmosis"
                        },
                        "title": "Codebase: Remove more unnecessary usings",
                        "url": "https://github.com/files-community/Files/pull/12298",
                        "state": "CLOSED",
                        "number": 12298,
                        "timelineItems": {
                            "nodes": []
                        }
                    },
                    {
                        "author": {
                            "login": "hishitetsu"
                        },
                        "title": "Fix: Fixed crash with Win32Exception",
                        "url": "https://github.com/files-community/Files/pull/12299",
                        "state": "MERGED",
                        "number": 12299,
                        "timelineItems": {
                            "nodes": []
                        }
                    },
                    {
                        "author": {
                            "login": "hishitetsu"
                        },
                        "title": "Fix: Fixed wrong total editing time format",
                        "url": "https://github.com/files-community/Files/pull/12301",
                        "state": "MERGED",
                        "number": 12301,
                        "timelineItems": {
                            "nodes": []
                        }
                    },
                    {
                        "author": {
                            "login": "hishitetsu"
                        },
                        "title": "Fix: Fixed System.ArgumentException caused by adding the same key",
                        "url": "https://github.com/files-community/Files/pull/12302",
                        "state": "MERGED",
                        "number": 12302,
                        "timelineItems": {
                            "nodes": []
                        }
                    },
                    {
                        "author": {
                            "login": "hishitetsu"
                        },
                        "title": "Fix: Fixed crash when creating bitmap images",
                        "url": "https://github.com/files-community/Files/pull/12303",
                        "state": "MERGED",
                        "number": 12303,
                        "timelineItems": {
                            "nodes": []
                        }
                    },
                    {
                        "author": {
                            "login": "dependabot"
                        },
                        "title": "Build(deps): Bump Appium.WebDriver from 4.4.0 to 4.4.5",
                        "url": "https://github.com/files-community/Files/pull/12305",
                        "state": "MERGED",
                        "number": 12305,
                        "timelineItems": {
                            "nodes": []
                        }
                    },
                    {
                        "author": {
                            "login": "ferrariofilippo"
                        },
                        "title": "Fix: Fixed crash that would occur in git directories on WSL drives",
                        "url": "https://github.com/files-community/Files/pull/12307",
                        "state": "MERGED",
                        "number": 12307,
                        "timelineItems": {
                            "nodes": []
                        }
                    },
                    {
                        "author": {
                            "login": "yaira2"
                        },
                        "title": "Preview: v2.4.81",
                        "url": "https://github.com/files-community/Files/pull/12308",
                        "state": "MERGED",
                        "number": 12308,
                        "timelineItems": {
                            "nodes": []
                        }
                    },
                    {
                        "author": {
                            "login": "0x5bfa"
                        },
                        "title": "Code Quality: Refactor helpers",
                        "url": "https://github.com/files-community/Files/pull/12311",
                        "state": "CLOSED",
                        "number": 12311,
                        "timelineItems": {
                            "nodes": []
                        }
                    },
                    {
                        "author": {
                            "login": "yaira2"
                        },
                        "title": "New Crowdin updates",
                        "url": "https://github.com/files-community/Files/pull/12313",
                        "state": "MERGED",
                        "number": 12313,
                        "timelineItems": {
                            "nodes": []
                        }
                    },
                    {
                        "author": {
                            "login": "hishitetsu"
                        },
                        "title": "Fix: Fixed duration formatting when it is more than one day",
                        "url": "https://github.com/files-community/Files/pull/12314",
                        "state": "MERGED",
                        "number": 12314,
                        "timelineItems": {
                            "nodes": []
                        }
                    },
                    {
                        "author": {
                            "login": "dependabot"
                        },
                        "title": "Build(deps): Bump Microsoft.WindowsAppSDK from 1.3.230331000 to 1.3.230502000",
                        "url": "https://github.com/files-community/Files/pull/12315",
                        "state": "MERGED",
                        "number": 12315,
                        "timelineItems": {
                            "nodes": []
                        }
                    },
                    {
                        "author": {
                            "login": "ferrariofilippo"
                        },
                        "title": "Feature: Added support for local branch checkout",
                        "url": "https://github.com/files-community/Files/pull/12316",
                        "state": "MERGED",
                        "number": 12316,
                        "timelineItems": {
                            "nodes": [
                                {
                                    "source": {
                                        "author": {
                                            "login": "ferrariofilippo"
                                        },
                                        "title": "Fix: Don't show git info in Home",
                                        "url": "https://github.com/files-community/Files/pull/12339",
                                        "state": "MERGED",
                                        "number": 12339,
                                        "__typename": "PullRequest"
                                    }
                                }
                            ]
                        }
                    },
                    {
                        "author": {
                            "login": "yaira2"
                        },
                        "title": "Ya/test",
                        "url": "https://github.com/files-community/Files/pull/12325",
                        "state": "CLOSED",
                        "number": 12325,
                        "timelineItems": {
                            "nodes": []
                        }
                    },
                    {
                        "author": {
                            "login": "dependabot"
                        },
                        "title": "Build(deps): Bump WinUIEx from 2.1.0 to 2.2.0",
                        "url": "https://github.com/files-community/Files/pull/12326",
                        "state": "CLOSED",
                        "number": 12326,
                        "timelineItems": {
                            "nodes": []
                        }
                    },
                    {
                        "author": {
                            "login": "hishitetsu"
                        },
                        "title": "Fix: Fixed issue where some hotkeys were not working",
                        "url": "https://github.com/files-community/Files/pull/12327",
                        "state": "MERGED",
                        "number": 12327,
                        "timelineItems": {
                            "nodes": []
                        }
                    },
                    {
                        "author": {
                            "login": "ferrariofilippo"
                        },
                        "title": "Fix: Fixed issue where credentials dialog wasn't shown when accessing FTP",
                        "url": "https://github.com/files-community/Files/pull/12329",
                        "state": "MERGED",
                        "number": 12329,
                        "timelineItems": {
                            "nodes": []
                        }
                    }
                ]
            }
        }
    }
}