{
    "data": {
        "repository": {
            "pullRequests": {
                "pageInfo": {
                    "endCursor": "Y3Vyc29yOnYyOpHOG8KQ0Q=="
                },
                "nodes": [
                    {
                        "author": {
                            "login": "soumyamahunt"
                        },
                        "title": "Implemented tab drag and drop functionality",
                        "url": "https://github.com/files-community/Files/pull/1417",
                        "state": "CLOSED",
                        "number": 1417,
                        "timelineItems": {
                            "nodes": [
                                {
                                    "source": {
                                        "author": {
                                            "login": "soumyamahunt"
                                        },
                                        "title": "Implemented tab drag and drop functionality",
                                        "url": "https://github.com/files-community/Files/pull/1432",
                                        "state": "MERGED",
                                        "number": 1432,
                                        "__typename": "PullRequest"
                                    }
                                }
                            ]
                        }
                    },
                    {
                        "author": {
                            "login": "Richard-HM"
                        },
                        "title": "Update CDRom icon",
                        "url": "https://github.com/files-community/Files/pull/1423",
                        "state": "MERGED",
                        "number": 1423,
                        "timelineItems": {
                            "nodes": []
                        }
                    },
                    {
                        "author": {
                            "login": "soumyamahunt"
                        },
                        "title": "Added translation for hi-IN",
                        "url": "https://github.com/files-community/Files/pull/1425",
                        "state": "MERGED",
                        "number": 1425,
                        "timelineItems": {
                            "nodes": []
                        }
                    },
                    {
                        "author": {
                            "login": "dependabot-preview"
                        },
                        "title": "Bump Vanara.Windows.Shell from 3.2.11 to 3.2.12",
                        "url": "https://github.com/files-community/Files/pull/1426",
                        "state": "CLOSED",
                        "number": 1426,
                        "timelineItems": {
                            "nodes": []
                        }
                    },
                    {
                        "author": {
                            "login": "tsvietOK"
                        },
                        "title": "Interaction: Fixes setting an image as lock screen background",
                        "url": "https://github.com/files-community/Files/pull/1427",
                        "state": "MERGED",
                        "number": 1427,
                        "timelineItems": {
                            "nodes": []
                        }
                    },
                    {
                        "author": {
                            "login": "soumyamahunt"
                        },
                        "title": "Added translation for or-IN",
                        "url": "https://github.com/files-community/Files/pull/1429",
                        "state": "MERGED",
                        "number": 1429,
                        "timelineItems": {
                            "nodes": []
                        }
                    },
                    {
                        "author": {
                            "login": "gave92"
                        },
                        "title": "Bump Vanara.Windows.Shell from 3.2.11 to 3.2.12",
                        "url": "https://github.com/files-community/Files/pull/1430",
                        "state": "MERGED",
                        "number": 1430,
                        "timelineItems": {
                            "nodes": []
                        }
                    },
                    {
                        "author": {
                            "login": "gave92"
                        },
                        "title": "Translation update [it-IT]",
                        "url": "https://github.com/files-community/Files/pull/1431",
                        "state": "MERGED",
                        "number": 1431,
                        "timelineItems": {
                            "nodes": []
                        }
                    },
                    {
                        "author": {
                            "login": "soumyamahunt"
                        },
                        "title": "Implemented tab drag and drop functionality",
                        "url": "https://github.com/files-community/Files/pull/1432",
                        "state": "MERGED",
                        "number": 1432,
                        "timelineItems": {
                            "nodes": [
                                {
                                    "source": {
                                        "author": {
                                            "login": "RandomAJL"
                                        },
                                        "title": "Make tabs more intuitive",
                                        "url": "https://github.com/files-community/Files/issues/1453",
                                        "state": "CLOSED",
                                        "number": 1453,
                                        "__typename": "Issue"
                                    }
                                }
                            ]
                        }
                    },
                    {
                        "author": {
                            "login": "JaiganeshKumaran"
                        },
                        "title": "Remember the sort option and direction across multiple sessions",
                        "url": "https://github.com/files-community/Files/pull/1439",
                        "state": "MERGED",
                        "number": 1439,
                        "timelineItems": {
                            "nodes": [
                                {
                                    "source": {
                                        "author": {
                                            "login": "HydrogenDeuterium"
                                        },
                                        "title": "allow to change directory at cli calling",
                                        "url": "https://github.com/files-community/Files/issues/3653",
                                        "state": "CLOSED",
                                        "number": 3653,
                                        "__typename": "Issue"
                                    }
                                }
                            ]
                        }
                    },
                    {
                        "author": {
                            "login": "ChihweiLHBird"
                        },
                        "title": "Add the option to open more than one specific pages on startup",
                        "url": "https://github.com/files-community/Files/pull/1443",
                        "state": "MERGED",
                        "number": 1443,
                        "timelineItems": {
                            "nodes": []
                        }
                    },
                    {
                        "author": {
                            "login": "soumyamahunt"
                        },
                        "title": "Some typo and bug fixes",
                        "url": "https://github.com/files-community/Files/pull/1447",
                        "state": "MERGED",
                        "number": 1447,
                        "timelineItems": {
                            "nodes": [
                                {
                                    "source": {
                                        "author": {
                                            "login": "yaira2"
                                        },
                                        "title": "Launching terminal profiles from the navigation bar is not working correctly ",
                                        "url": "https://github.com/files-community/Files/issues/1229",
                                        "state": "CLOSED",
                                        "number": 1229,
                                        "__typename": "Issue"
                                    }
                                }
                            ]
                        }
                    },
                    {
                        "author": {
                            "login": "gave92"
                        },
                        "title": "Fix folder launch from cmd",
                        "url": "https://github.com/files-community/Files/pull/1457",
                        "state": "MERGED",
                        "number": 1457,
                        "timelineItems": {
                            "nodes": []
                        }
                    },
                    {
                        "author": {
                            "login": "lukeblevins"
                        },
                        "title": "Improved tab view",
                        "url": "https://github.com/files-community/Files/pull/1458",
                        "state": "CLOSED",
                        "number": 1458,
                        "timelineItems": {
                            "nodes": []
                        }
                    },
                    {
                        "author": {
                            "login": "lukeblevins"
                        },
                        "title": "Minor tweaks to TabView",
                        "url": "https://github.com/files-community/Files/pull/1459",
                        "state": "MERGED",
                        "number": 1459,
                        "timelineItems": {
                            "nodes": []
                        }
                    },
                    {
                        "author": {
                            "login": "gave92"
                        },
                        "title": "Open taskbar-pinned folders in existing instance",
                        "url": "https://github.com/files-community/Files/pull/1462",
                        "state": "MERGED",
                        "number": 1462,
                        "timelineItems": {
                            "nodes": []
                        }
                    },
                    {
                        "author": {
                            "login": "Suburbanno"
                        },
                        "title": "Translation update (pt-BR)",
                        "url": "https://github.com/files-community/Files/pull/1466",
                        "state": "MERGED",
                        "number": 1466,
                        "timelineItems": {
                            "nodes": []
                        }
                    },
                    {
                        "author": {
                            "login": "soumyamahunt"
                        },
                        "title": "Fixed language options",
                        "url": "https://github.com/files-community/Files/pull/1469",
                        "state": "MERGED",
                        "number": 1469,
                        "timelineItems": {
                            "nodes": []
                        }
                    },
                    {
                        "author": {
                            "login": "Richard-HM"
                        },
                        "title": "Translation update [es-ES]",
                        "url": "https://github.com/files-community/Files/pull/1470",
                        "state": "MERGED",
                        "number": 1470,
                        "timelineItems": {
                            "nodes": []
                        }
                    },
                    {
                        "author": {
                            "login": "tsvietOK"
                        },
                        "title": "Fix build",
                        "url": "https://github.com/files-community/Files/pull/1472",
                        "state": "MERGED",
                        "number": 1472,
                        "timelineItems": {
                            "nodes": []
                        }
                    },
                    {
                        "author": {
                            "login": "yaira2"
                        },
                        "title": "Updated strings",
                        "url": "https://github.com/files-community/Files/pull/1473",
                        "state": "MERGED",
                        "number": 1473,
                        "timelineItems": {
                            "nodes": []
                        }
                    },
                    {
                        "author": {
                            "login": "R3voA3"
                        },
                        "title": "Update Files.de-DE.xlf",
                        "url": "https://github.com/files-community/Files/pull/1477",
                        "state": "MERGED",
                        "number": 1477,
                        "timelineItems": {
                            "nodes": []
                        }
                    },
                    {
                        "author": {
                            "login": "soumyamahunt"
                        },
                        "title": "Added relative path support and environmental variable support to the NavigationToolBar",
                        "url": "https://github.com/files-community/Files/pull/1478",
                        "state": "MERGED",
                        "number": 1478,
                        "timelineItems": {
                            "nodes": []
                        }
                    },
                    {
                        "author": {
                            "login": "soumyamahunt"
                        },
                        "title": "Better exception handling and tracking",
                        "url": "https://github.com/files-community/Files/pull/1482",
                        "state": "MERGED",
                        "number": 1482,
                        "timelineItems": {
                            "nodes": []
                        }
                    },
                    {
                        "author": {
                            "login": "JaiganeshKumaran"
                        },
                        "title": "Different layout mode and sorting for each folder",
                        "url": "https://github.com/files-community/Files/pull/1485",
                        "state": "CLOSED",
                        "number": 1485,
                        "timelineItems": {
                            "nodes": [
                                {
                                    "source": {
                                        "author": {
                                            "login": "Richard-HM"
                                        },
                                        "title": "Different layout mode and sorting for each folder",
                                        "url": "https://github.com/files-community/Files/issues/530",
                                        "state": "CLOSED",
                                        "number": 530,
                                        "__typename": "Issue"
                                    }
                                }
                            ]
                        }
                    },
                    {
                        "author": {
                            "login": "Richard-HM"
                        },
                        "title": "Translation update [es-ES]",
                        "url": "https://github.com/files-community/Files/pull/1489",
                        "state": "MERGED",
                        "number": 1489,
                        "timelineItems": {
                            "nodes": []
                        }
                    },
                    {
                        "author": {
                            "login": "soumyamahunt"
                        },
                        "title": "Made some requested changes and fixes for NavigationBar",
                        "url": "https://github.com/files-community/Files/pull/1500",
                        "state": "MERGED",
                        "number": 1500,
                        "timelineItems": {
                            "nodes": []
                        }
                    },
                    {
                        "author": {
                            "login": "winston-de"
                        },
                        "title": "Added the ability to use the escape key to exit the properties window",
                        "url": "https://github.com/files-community/Files/pull/1504",
                        "state": "MERGED",
                        "number": 1504,
                        "timelineItems": {
                            "nodes": [
                                {
                                    "source": {
                                        "author": {
                                            "login": "osieltorres"
                                        },
                                        "title": "Properties window not closing when pressing \"Esc\" key.",
                                        "url": "https://github.com/files-community/Files/issues/1409",
                                        "state": "CLOSED",
                                        "number": 1409,
                                        "__typename": "Issue"
                                    }
                                }
                            ]
                        }
                    },
                    {
                        "author": {
                            "login": "yaira2"
                        },
                        "title": "Tweaked OnStartupUI",
                        "url": "https://github.com/files-community/Files/pull/1505",
                        "state": "MERGED",
                        "number": 1505,
                        "timelineItems": {
                            "nodes": [
                                {
                                    "source": {
                                        "author": {
                                            "login": "Richard-HM"
                                        },
                                        "title": "OnStartup:  Alignment of \"Add a new page\" button",
                                        "url": "https://github.com/files-community/Files/issues/1471",
                                        "state": "CLOSED",
                                        "number": 1471,
                                        "__typename": "Issue"
                                    }
                                }
                            ]
                        }
                    },
                    {
                        "author": {
                            "login": "ChihweiLHBird"
                        },
                        "title": "Cancel Action Without Error Message When Drag One Or More Folders and Drop on itself (themselves) ",
                        "url": "https://github.com/files-community/Files/pull/1506",
                        "state": "MERGED",
                        "number": 1506,
                        "timelineItems": {
                            "nodes": []
                        }
                    },
                    {
                        "author": {
                            "login": "soumyamahunt"
                        },
                        "title": "Added drop support to the NavigationBar",
                        "url": "https://github.com/files-community/Files/pull/1507",
                        "state": "MERGED",
                        "number": 1507,
                        "timelineItems": {
                            "nodes": [
                                {
                                    "source": {
                                        "author": {
                                            "login": "eraychumak"
                                        },
                                        "title": "Drag File/Folder To A Previous Directory In Path To Move",
                                        "url": "https://github.com/files-community/Files/issues/634",
                                        "state": "CLOSED",
                                        "number": 634,
                                        "__typename": "Issue"
                                    }
                                }
                            ]
                        }
                    },
                    {
                        "author": {
                            "login": "Sbebo"
                        },
                        "title": "Update Files.it-IT.xlf",
                        "url": "https://github.com/files-community/Files/pull/1508",
                        "state": "MERGED",
                        "number": 1508,
                        "timelineItems": {
                            "nodes": []
                        }
                    },
                    {
                        "author": {
                            "login": "soumyamahunt"
                        },
                        "title": "Added the ability to resize the sidebar",
                        "url": "https://github.com/files-community/Files/pull/1512",
                        "state": "MERGED",
                        "number": 1512,
                        "timelineItems": {
                            "nodes": [
                                {
                                    "source": {
                                        "author": {
                                            "login": "xezrunner"
                                        },
                                        "title": "Ability to resize the sidebar",
                                        "url": "https://github.com/files-community/Files/issues/672",
                                        "state": "CLOSED",
                                        "number": 672,
                                        "__typename": "Issue"
                                    }
                                }
                            ]
                        }
                    },
                    {
                        "author": {
                            "login": "gave92"
                        },
                        "title": "Auto complete folder names when typing in the navigation bar",
                        "url": "https://github.com/files-community/Files/pull/1522",
                        "state": "MERGED",
                        "number": 1522,
                        "timelineItems": {
                            "nodes": []
                        }
                    },
                    {
                        "author": {
                            "login": "soumyamahunt"
                        },
                        "title": "Fix for random error when saving to jumplist",
                        "url": "https://github.com/files-community/Files/pull/1524",
                        "state": "MERGED",
                        "number": 1524,
                        "timelineItems": {
                            "nodes": []
                        }
                    },
                    {
                        "author": {
                            "login": "lukeblevins"
                        },
                        "title": "Various Improvements",
                        "url": "https://github.com/files-community/Files/pull/1526",
                        "state": "CLOSED",
                        "number": 1526,
                        "timelineItems": {
                            "nodes": []
                        }
                    },
                    {
                        "author": {
                            "login": "yaira2"
                        },
                        "title": "Enabled recycle bin by default",
                        "url": "https://github.com/files-community/Files/pull/1527",
                        "state": "MERGED",
                        "number": 1527,
                        "timelineItems": {
                            "nodes": []
                        }
                    },
                    {
                        "author": {
                            "login": "KiriKirby"
                        },
                        "title": "Updated Chinese (Simplified) translation",
                        "url": "https://github.com/files-community/Files/pull/1531",
                        "state": "MERGED",
                        "number": 1531,
                        "timelineItems": {
                            "nodes": []
                        }
                    },
                    {
                        "author": {
                            "login": "soumyamahunt"
                        },
                        "title": "Implemented folder dropdown list for Navigationbar",
                        "url": "https://github.com/files-community/Files/pull/1533",
                        "state": "MERGED",
                        "number": 1533,
                        "timelineItems": {
                            "nodes": [
                                {
                                    "source": {
                                        "author": {
                                            "login": "soumyamahunt"
                                        },
                                        "title": "Made some requested changes and fixes for NavigationBar",
                                        "url": "https://github.com/files-community/Files/pull/1500",
                                        "state": "MERGED",
                                        "number": 1500,
                                        "__typename": "PullRequest"
                                    }
                                }
                            ]
                        }
                    },
                    {
                        "author": {
                            "login": "jonnypjohnston"
                        },
                        "title": "Create dotnet-core.yml",
                        "url": "https://github.com/files-community/Files/pull/1541",
                        "state": "CLOSED",
                        "number": 1541,
                        "timelineItems": {
                            "nodes": []
                        }
                    },
                    {
                        "author": {
                            "login": "soumyamahunt"
                        },
                        "title": "Fixed TabScrollButtons alignment and styles",
                        "url": "https://github.com/files-community/Files/pull/1544",
                        "state": "MERGED",
                        "number": 1544,
                        "timelineItems": {
                            "nodes": []
                        }
                    },
                    {
                        "author": {
                            "login": "soumyamahunt"
                        },
                        "title": "[Need Help] Fixing some problems in tab navigation",
                        "url": "https://github.com/files-community/Files/pull/1547",
                        "state": "CLOSED",
                        "number": 1547,
                        "timelineItems": {
                            "nodes": [
                                {
                                    "source": {
                                        "author": {
                                            "login": "foxnoodles"
                                        },
                                        "title": "Bug: Some file/drive icons are displayed as a small icon",
                                        "url": "https://github.com/files-community/Files/issues/14499",
                                        "state": "CLOSED",
                                        "number": 14499,
                                        "__typename": "Issue"
                                    }
                                }
                            ]
                        }
                    },
                    {
                        "author": {
                            "login": "soumyamahunt"
                        },
                        "title": "Fixed tab title not showing correctly in some cases",
                        "url": "https://github.com/files-community/Files/pull/1549",
                        "state": "MERGED",
                        "number": 1549,
                        "timelineItems": {
                            "nodes": []
                        }
                    },
                    {
                        "author": {
                            "login": "tobias-mayer"
                        },
                        "title": "Fixed a bug where invert selection didn't work",
                        "url": "https://github.com/files-community/Files/pull/1551",
                        "state": "MERGED",
                        "number": 1551,
                        "timelineItems": {
                            "nodes": []
                        }
                    },
                    {
                        "author": {
                            "login": "soumyamahunt"
                        },
                        "title": "Fixed app crashing when parsing terminal.json file",
                        "url": "https://github.com/files-community/Files/pull/1552",
                        "state": "MERGED",
                        "number": 1552,
                        "timelineItems": {
                            "nodes": []
                        }
                    },
                    {
                        "author": {
                            "login": "Richard-HM"
                        },
                        "title": "Translation update [es-ES]",
                        "url": "https://github.com/files-community/Files/pull/1557",
                        "state": "MERGED",
                        "number": 1557,
                        "timelineItems": {
                            "nodes": []
                        }
                    },
                    {
                        "author": {
                            "login": "R3voA3"
                        },
                        "title": "Update Files.de-DE.xlf",
                        "url": "https://github.com/files-community/Files/pull/1559",
                        "state": "MERGED",
                        "number": 1559,
                        "timelineItems": {
                            "nodes": []
                        }
                    },
                    {
                        "author": {
                            "login": "Richard-HM"
                        },
                        "title": "Update string resources [de-DE]",
                        "url": "https://github.com/files-community/Files/pull/1560",
                        "state": "MERGED",
                        "number": 1560,
                        "timelineItems": {
                            "nodes": []
                        }
                    },
                    {
                        "author": {
                            "login": "d2dyno1"
                        },
                        "title": "Update string resources [pl-PL]",
                        "url": "https://github.com/files-community/Files/pull/1563",
                        "state": "MERGED",
                        "number": 1563,
                        "timelineItems": {
                            "nodes": []
                        }
                    },
                    {
                        "author": {
                            "login": "soumyamahunt"
                        },
                        "title": "Fixed drag-drop and rearrange tabs",
                        "url": "https://github.com/files-community/Files/pull/1565",
                        "state": "MERGED",
                        "number": 1565,
                        "timelineItems": {
                            "nodes": []
                        }
                    },
                    {
                        "author": {
                            "login": "soumyamahunt"
                        },
                        "title": "Updated strings for hi-IN and fixed some strings",
                        "url": "https://github.com/files-community/Files/pull/1566",
                        "state": "MERGED",
                        "number": 1566,
                        "timelineItems": {
                            "nodes": []
                        }
                    },
                    {
                        "author": {
                            "login": "soumyamahunt"
                        },
                        "title": "Updated strings for or-IN and fixed some strings",
                        "url": "https://github.com/files-community/Files/pull/1567",
                        "state": "MERGED",
                        "number": 1567,
                        "timelineItems": {
                            "nodes": []
                        }
                    },
                    {
                        "author": {
                            "login": "hez2010"
                        },
                        "title": "Improve path components calculation",
                        "url": "https://github.com/files-community/Files/pull/1569",
                        "state": "MERGED",
                        "number": 1569,
                        "timelineItems": {
                            "nodes": []
                        }
                    },
                    {
                        "author": {
                            "login": "soumyamahunt"
                        },
                        "title": "Fixed sidebar renavigation issue",
                        "url": "https://github.com/files-community/Files/pull/1570",
                        "state": "MERGED",
                        "number": 1570,
                        "timelineItems": {
                            "nodes": []
                        }
                    },
                    {
                        "author": {
                            "login": "soumyamahunt"
                        },
                        "title": "Implemented drop to sidebar items",
                        "url": "https://github.com/files-community/Files/pull/1571",
                        "state": "MERGED",
                        "number": 1571,
                        "timelineItems": {
                            "nodes": []
                        }
                    },
                    {
                        "author": {
                            "login": "gave92"
                        },
                        "title": "Add support for shortcut files",
                        "url": "https://github.com/files-community/Files/pull/1573",
                        "state": "MERGED",
                        "number": 1573,
                        "timelineItems": {
                            "nodes": [
                                {
                                    "source": {
                                        "author": {
                                            "login": "Richard-HM"
                                        },
                                        "title": "When I drag and drop an item with right click, Show a dialog to choose if I want to copy or move",
                                        "url": "https://github.com/files-community/Files/issues/1579",
                                        "state": "CLOSED",
                                        "number": 1579,
                                        "__typename": "Issue"
                                    }
                                },
                                {
                                    "source": {
                                        "author": {
                                            "login": "Richard-HM"
                                        },
                                        "title": "Shortcuts: Add \"Open file location\" in context menu",
                                        "url": "https://github.com/files-community/Files/issues/1606",
                                        "state": "CLOSED",
                                        "number": 1606,
                                        "__typename": "Issue"
                                    }
                                }
                            ]
                        }
                    },
                    {
                        "author": {
                            "login": "soumyamahunt"
                        },
                        "title": "Implemented dragging storage items from other apps into Files UWP",
                        "url": "https://github.com/files-community/Files/pull/1575",
                        "state": "MERGED",
                        "number": 1575,
                        "timelineItems": {
                            "nodes": []
                        }
                    },
                    {
                        "author": {
                            "login": "soumyamahunt"
                        },
                        "title": "Ignore case for environment variables",
                        "url": "https://github.com/files-community/Files/pull/1576",
                        "state": "MERGED",
                        "number": 1576,
                        "timelineItems": {
                            "nodes": []
                        }
                    },
                    {
                        "author": {
                            "login": "soumyamahunt"
                        },
                        "title": "Added support for launching URIs from the NavigationBar",
                        "url": "https://github.com/files-community/Files/pull/1578",
                        "state": "MERGED",
                        "number": 1578,
                        "timelineItems": {
                            "nodes": []
                        }
                    },
                    {
                        "author": {
                            "login": "JaiganeshKumaran"
                        },
                        "title": "Restore exception page from older versions",
                        "url": "https://github.com/files-community/Files/pull/1582",
                        "state": "CLOSED",
                        "number": 1582,
                        "timelineItems": {
                            "nodes": []
                        }
                    },
                    {
                        "author": {
                            "login": "dependabot-preview"
                        },
                        "title": "Bump Microsoft.AppCenter.Crashes from 3.3.0 to 3.4.0",
                        "url": "https://github.com/files-community/Files/pull/1587",
                        "state": "MERGED",
                        "number": 1587,
                        "timelineItems": {
                            "nodes": []
                        }
                    },
                    {
                        "author": {
                            "login": "dependabot-preview"
                        },
                        "title": "Bump Microsoft.AppCenter.Analytics from 3.3.0 to 3.4.0",
                        "url": "https://github.com/files-community/Files/pull/1588",
                        "state": "MERGED",
                        "number": 1588,
                        "timelineItems": {
                            "nodes": []
                        }
                    },
                    {
                        "author": {
                            "login": "dependabot-preview"
                        },
                        "title": "Bump Vanara.Windows.Shell from 3.2.12 to 3.2.13",
                        "url": "https://github.com/files-community/Files/pull/1591",
                        "state": "MERGED",
                        "number": 1591,
                        "timelineItems": {
                            "nodes": []
                        }
                    },
                    {
                        "author": {
                            "login": "Richard-HM"
                        },
                        "title": "Tiles and List View: Gray text for file properties",
                        "url": "https://github.com/files-community/Files/pull/1597",
                        "state": "MERGED",
                        "number": 1597,
                        "timelineItems": {
                            "nodes": []
                        }
                    },
                    {
                        "author": {
                            "login": "Suburbanno"
                        },
                        "title": "Translation update (pt-BR)",
                        "url": "https://github.com/files-community/Files/pull/1600",
                        "state": "MERGED",
                        "number": 1600,
                        "timelineItems": {
                            "nodes": []
                        }
                    },
                    {
                        "author": {
                            "login": "yaira2"
                        },
                        "title": "Cleaned up code with CodeMaid",
                        "url": "https://github.com/files-community/Files/pull/1608",
                        "state": "MERGED",
                        "number": 1608,
                        "timelineItems": {
                            "nodes": []
                        }
                    },
                    {
                        "author": {
                            "login": "Richard-HM"
                        },
                        "title": "Translation Update [es-ES]",
                        "url": "https://github.com/files-community/Files/pull/1609",
                        "state": "MERGED",
                        "number": 1609,
                        "timelineItems": {
                            "nodes": []
                        }
                    },
                    {
                        "author": {
                            "login": "ChihweiLHBird"
                        },
                        "title": "Improved Chinese localization",
                        "url": "https://github.com/files-community/Files/pull/1610",
                        "state": "MERGED",
                        "number": 1610,
                        "timelineItems": {
                            "nodes": [
                                {
                                    "source": {
                                        "author": {
                                            "login": "smallg0at"
                                        },
                                        "title": "Inproper file size format on zh-CN",
                                        "url": "https://github.com/files-community/Files/issues/1440",
                                        "state": "CLOSED",
                                        "number": 1440,
                                        "__typename": "Issue"
                                    }
                                },
                                {
                                    "source": {
                                        "author": {
                                            "login": "oissevalt"
                                        },
                                        "title": "Weird Translation of Data Units under Chinese",
                                        "url": "https://github.com/files-community/Files/issues/1593",
                                        "state": "CLOSED",
                                        "number": 1593,
                                        "__typename": "Issue"
                                    }
                                }
                            ]
                        }
                    },
                    {
                        "author": {
                            "login": "Suburbanno"
                        },
                        "title": "Translation update (pt-BR)",
                        "url": "https://github.com/files-community/Files/pull/1612",
                        "state": "MERGED",
                        "number": 1612,
                        "timelineItems": {
                            "nodes": []
                        }
                    },
                    {
                        "author": {
                            "login": "tobias-mayer"
                        },
                        "title": "Adds a context menu item to open the file location of a shortcut",
                        "url": "https://github.com/files-community/Files/pull/1613",
                        "state": "MERGED",
                        "number": 1613,
                        "timelineItems": {
                            "nodes": []
                        }
                    },
                    {
                        "author": {
                            "login": "winston-de"
                        },
                        "title": "Added an icon to indicate if folders are empty",
                        "url": "https://github.com/files-community/Files/pull/1614",
                        "state": "MERGED",
                        "number": 1614,
                        "timelineItems": {
                            "nodes": [
                                {
                                    "source": {
                                        "author": {
                                            "login": "R3voA3"
                                        },
                                        "title": "Add a badge to folder icons indicating that the folder is empty",
                                        "url": "https://github.com/files-community/Files/issues/1574",
                                        "state": "CLOSED",
                                        "number": 1574,
                                        "__typename": "Issue"
                                    }
                                }
                            ]
                        }
                    },
                    {
                        "author": {
                            "login": "soumyamahunt"
                        },
                        "title": "Fixed crash when dragging text to sidebar",
                        "url": "https://github.com/files-community/Files/pull/1616",
                        "state": "MERGED",
                        "number": 1616,
                        "timelineItems": {
                            "nodes": []
                        }
                    },
                    {
                        "author": {
                            "login": "hez2010"
                        },
                        "title": "Add connected animations for opening folder in new tab",
                        "url": "https://github.com/files-community/Files/pull/1620",
                        "state": "CLOSED",
                        "number": 1620,
                        "timelineItems": {
                            "nodes": []
                        }
                    },
                    {
                        "author": {
                            "login": "dependabot-preview"
                        },
                        "title": "Bump NLog from 4.7.2 to 4.7.3",
                        "url": "https://github.com/files-community/Files/pull/1623",
                        "state": "MERGED",
                        "number": 1623,
                        "timelineItems": {
                            "nodes": []
                        }
                    },
                    {
                        "author": {
                            "login": "dependabot-preview"
                        },
                        "title": "Bump NLog.Schema from 4.7.2 to 4.7.3",
                        "url": "https://github.com/files-community/Files/pull/1624",
                        "state": "MERGED",
                        "number": 1624,
                        "timelineItems": {
                            "nodes": []
                        }
                    },
                    {
                        "author": {
                            "login": "hunterlan"
                        },
                        "title": "Fixes #1534 OneDrive environment variable will not be null ",
                        "url": "https://github.com/files-community/Files/pull/1628",
                        "state": "CLOSED",
                        "number": 1628,
                        "timelineItems": {
                            "nodes": []
                        }
                    },
                    {
                        "author": {
                            "login": "Richard-HM"
                        },
                        "title": "Translation update [es-ES]",
                        "url": "https://github.com/files-community/Files/pull/1630",
                        "state": "MERGED",
                        "number": 1630,
                        "timelineItems": {
                            "nodes": []
                        }
                    },
                    {
                        "author": {
                            "login": "yaira2"
                        },
                        "title": "Changed the default label for issues to `feature_request`",
                        "url": "https://github.com/files-community/Files/pull/1633",
                        "state": "MERGED",
                        "number": 1633,
                        "timelineItems": {
                            "nodes": []
                        }
                    },
                    {
                        "author": {
                            "login": "tsvietOK"
                        },
                        "title": "Settings: Fix crash when OneDrive path is null or doesn't exists",
                        "url": "https://github.com/files-community/Files/pull/1634",
                        "state": "MERGED",
                        "number": 1634,
                        "timelineItems": {
                            "nodes": [
                                {
                                    "source": {
                                        "author": {
                                            "login": "iisGmoney"
                                        },
                                        "title": "App crashes when I open the preference panel",
                                        "url": "https://github.com/files-community/Files/issues/1480",
                                        "state": "CLOSED",
                                        "number": 1480,
                                        "__typename": "Issue"
                                    }
                                }
                            ]
                        }
                    },
                    {
                        "author": {
                            "login": "Dylan-Osborne"
                        },
                        "title": "Fixed incorrect file deletion bug",
                        "url": "https://github.com/files-community/Files/pull/1637",
                        "state": "MERGED",
                        "number": 1637,
                        "timelineItems": {
                            "nodes": []
                        }
                    },
                    {
                        "author": {
                            "login": "yaira2"
                        },
                        "title": "Improvements to tabs",
                        "url": "https://github.com/files-community/Files/pull/1640",
                        "state": "MERGED",
                        "number": 1640,
                        "timelineItems": {
                            "nodes": []
                        }
                    },
                    {
                        "author": {
                            "login": "gave92"
                        },
                        "title": "Fix app crash on Properties window closing",
                        "url": "https://github.com/files-community/Files/pull/1646",
                        "state": "MERGED",
                        "number": 1646,
                        "timelineItems": {
                            "nodes": []
                        }
                    },
                    {
                        "author": {
                            "login": "tobias-mayer"
                        },
                        "title": "display \"open file location\" only for .lnk files in properties",
                        "url": "https://github.com/files-community/Files/pull/1648",
                        "state": "MERGED",
                        "number": 1648,
                        "timelineItems": {
                            "nodes": []
                        }
                    },
                    {
                        "author": {
                            "login": "tobias-mayer"
                        },
                        "title": "Added \"open\" to the context menu for folders and shortcuts",
                        "url": "https://github.com/files-community/Files/pull/1656",
                        "state": "MERGED",
                        "number": 1656,
                        "timelineItems": {
                            "nodes": []
                        }
                    },
                    {
                        "author": {
                            "login": "yaira2"
                        },
                        "title": "Fixed an issue where \"Set as desktop background\" would sometimes show on the context menu for shortcut files.",
                        "url": "https://github.com/files-community/Files/pull/1665",
                        "state": "MERGED",
                        "number": 1665,
                        "timelineItems": {
                            "nodes": []
                        }
                    },
                    {
                        "author": {
                            "login": "JaiganeshKumaran"
                        },
                        "title": "Added a push notification asking for feedback when the app crashes",
                        "url": "https://github.com/files-community/Files/pull/1666",
                        "state": "MERGED",
                        "number": 1666,
                        "timelineItems": {
                            "nodes": []
                        }
                    },
                    {
                        "author": {
                            "login": "tobias-mayer"
                        },
                        "title": "Fixed a bug where \"empty recycle bin\" was not grayed out although the bin is empty",
                        "url": "https://github.com/files-community/Files/pull/1667",
                        "state": "MERGED",
                        "number": 1667,
                        "timelineItems": {
                            "nodes": []
                        }
                    },
                    {
                        "author": {
                            "login": "boscorelly"
                        },
                        "title": "Update lang fr-FR",
                        "url": "https://github.com/files-community/Files/pull/1673",
                        "state": "CLOSED",
                        "number": 1673,
                        "timelineItems": {
                            "nodes": []
                        }
                    },
                    {
                        "author": {
                            "login": "JaiganeshKumaran"
                        },
                        "title": "Add the option to create a brand new shortcut",
                        "url": "https://github.com/files-community/Files/pull/1675",
                        "state": "CLOSED",
                        "number": 1675,
                        "timelineItems": {
                            "nodes": []
                        }
                    },
                    {
                        "author": {
                            "login": "JaiganeshKumaran"
                        },
                        "title": "Translation Update [Tamil \u0ba4\u0bae\u0bbf\u0bb4\u0bcd]",
                        "url": "https://github.com/files-community/Files/pull/1679",
                        "state": "MERGED",
                        "number": 1679,
                        "timelineItems": {
                            "nodes": []
                        }
                    },
                    {
                        "author": {
                            "login": "yaira2"
                        },
                        "title": "Fixed the padding on the horizontal tab views scroll buttons",
                        "url": "https://github.com/files-community/Files/pull/1685",
                        "state": "MERGED",
                        "number": 1685,
                        "timelineItems": {
                            "nodes": []
                        }
                    },
                    {
                        "author": {
                            "login": "yaira2"
                        },
                        "title": "Updated the about page",
                        "url": "https://github.com/files-community/Files/pull/1686",
                        "state": "MERGED",
                        "number": 1686,
                        "timelineItems": {
                            "nodes": []
                        }
                    },
                    {
                        "author": {
                            "login": "yaira2"
                        },
                        "title": "Moved the recycle bin option to the preferences page",
                        "url": "https://github.com/files-community/Files/pull/1687",
                        "state": "MERGED",
                        "number": 1687,
                        "timelineItems": {
                            "nodes": []
                        }
                    },
                    {
                        "author": {
                            "login": "yaira2"
                        },
                        "title": "Fixed drag area",
                        "url": "https://github.com/files-community/Files/pull/1688",
                        "state": "CLOSED",
                        "number": 1688,
                        "timelineItems": {
                            "nodes": []
                        }
                    },
                    {
                        "author": {
                            "login": "tsvietOK"
                        },
                        "title": "Fixed window dragging in different modes",
                        "url": "https://github.com/files-community/Files/pull/1690",
                        "state": "MERGED",
                        "number": 1690,
                        "timelineItems": {
                            "nodes": []
                        }
                    },
                    {
                        "author": {
                            "login": "yaira2"
                        },
                        "title": "v0.13",
                        "url": "https://github.com/files-community/Files/pull/1694",
                        "state": "MERGED",
                        "number": 1694,
                        "timelineItems": {
                            "nodes": []
                        }
                    },
                    {
                        "author": {
                            "login": "gave92"
                        },
                        "title": "[it-IT] - Translation update",
                        "url": "https://github.com/files-community/Files/pull/1697",
                        "state": "MERGED",
                        "number": 1697,
                        "timelineItems": {
                            "nodes": []
                        }
                    },
                    {
                        "author": {
                            "login": "Richard-HM"
                        },
                        "title": "Translation Update [es-ES]",
                        "url": "https://github.com/files-community/Files/pull/1698",
                        "state": "MERGED",
                        "number": 1698,
                        "timelineItems": {
                            "nodes": []
                        }
                    },
                    {
                        "author": {
                            "login": "tsvietOK"
                        },
                        "title": "Update translation: UA, RU",
                        "url": "https://github.com/files-community/Files/pull/1700",
                        "state": "MERGED",
                        "number": 1700,
                        "timelineItems": {
                            "nodes": []
                        }
                    },
                    {
                        "author": {
                            "login": "Suburbanno"
                        },
                        "title": "Translation update [pt-BR]",
                        "url": "https://github.com/files-community/Files/pull/1701",
                        "state": "MERGED",
                        "number": 1701,
                        "timelineItems": {
                            "nodes": []
                        }
                    }
                ]
            }
        }
    }
}