{
    "data": {
        "repository": {
            "pullRequests": {
                "pageInfo": {
                    "endCursor": "Y3Vyc29yOnYyOpHOTukzGA=="
                },
                "nodes": [
                    {
                        "author": {
                            "login": "yaira2"
                        },
                        "title": "CI: Created release-preview pipeline",
                        "url": "https://github.com/files-community/Files/pull/11943",
                        "state": "MERGED",
                        "number": 11943,
                        "timelineItems": {
                            "nodes": []
                        }
                    },
                    {
                        "author": {
                            "login": "hishitetsu"
                        },
                        "title": "Fix: Log only when pressed space",
                        "url": "https://github.com/files-community/Files/pull/11947",
                        "state": "MERGED",
                        "number": 11947,
                        "timelineItems": {
                            "nodes": []
                        }
                    },
                    {
                        "author": {
                            "login": "dependabot"
                        },
                        "title": "Build(deps): Bump Microsoft.Windows.CsWinRT from 2.0.1 to 2.0.2",
                        "url": "https://github.com/files-community/Files/pull/11948",
                        "state": "MERGED",
                        "number": 11948,
                        "timelineItems": {
                            "nodes": []
                        }
                    },
                    {
                        "author": {
                            "login": "0x5bfa"
                        },
                        "title": "CI: Split out Azure Pipeline tasks into templates",
                        "url": "https://github.com/files-community/Files/pull/11952",
                        "state": "CLOSED",
                        "number": 11952,
                        "timelineItems": {
                            "nodes": []
                        }
                    },
                    {
                        "author": {
                            "login": "yaira2"
                        },
                        "title": "GitHub: Fixed bug report template",
                        "url": "https://github.com/files-community/Files/pull/11953",
                        "state": "MERGED",
                        "number": 11953,
                        "timelineItems": {
                            "nodes": []
                        }
                    },
                    {
                        "author": {
                            "login": "yaira2"
                        },
                        "title": "Code Quality: Removed IsPageMainPane property",
                        "url": "https://github.com/files-community/Files/pull/11954",
                        "state": "MERGED",
                        "number": 11954,
                        "timelineItems": {
                            "nodes": []
                        }
                    },
                    {
                        "author": {
                            "login": "ferrariofilippo"
                        },
                        "title": "Fix: Fixed issue where clear all removed active tasks in Operation center",
                        "url": "https://github.com/files-community/Files/pull/11957",
                        "state": "MERGED",
                        "number": 11957,
                        "timelineItems": {
                            "nodes": []
                        }
                    },
                    {
                        "author": {
                            "login": "yaira2"
                        },
                        "title": "Feature: Don't show checkbox when no items are selected",
                        "url": "https://github.com/files-community/Files/pull/11961",
                        "state": "MERGED",
                        "number": 11961,
                        "timelineItems": {
                            "nodes": []
                        }
                    },
                    {
                        "author": {
                            "login": "yaira2"
                        },
                        "title": "Feature: Removed tooltip from details layout",
                        "url": "https://github.com/files-community/Files/pull/11962",
                        "state": "MERGED",
                        "number": 11962,
                        "timelineItems": {
                            "nodes": [
                                {
                                    "source": {
                                        "author": {
                                            "login": "hishitetsu"
                                        },
                                        "title": "Feature: Re-add tooltip to details layout",
                                        "url": "https://github.com/files-community/Files/issues/12481",
                                        "state": "CLOSED",
                                        "number": 12481,
                                        "__typename": "Issue"
                                    }
                                }
                            ]
                        }
                    },
                    {
                        "author": {
                            "login": "hishitetsu"
                        },
                        "title": "Fix: Fixed regressions caused by \"Always apply most current layout\"",
                        "url": "https://github.com/files-community/Files/pull/11965",
                        "state": "MERGED",
                        "number": 11965,
                        "timelineItems": {
                            "nodes": []
                        }
                    },
                    {
                        "author": {
                            "login": "hishitetsu"
                        },
                        "title": "Feature: Improved (but hacky) context menu loading",
                        "url": "https://github.com/files-community/Files/pull/11966",
                        "state": "MERGED",
                        "number": 11966,
                        "timelineItems": {
                            "nodes": []
                        }
                    },
                    {
                        "author": {
                            "login": "hecksmosis"
                        },
                        "title": "Fix: Fixed issue with pinning and unpinning shell items in Favorites",
                        "url": "https://github.com/files-community/Files/pull/11967",
                        "state": "MERGED",
                        "number": 11967,
                        "timelineItems": {
                            "nodes": []
                        }
                    },
                    {
                        "author": {
                            "login": "lukeblevins"
                        },
                        "title": "Code Quality: `RemovableDrivesService`, `IStorageDeviceWatcher`",
                        "url": "https://github.com/files-community/Files/pull/11969",
                        "state": "MERGED",
                        "number": 11969,
                        "timelineItems": {
                            "nodes": []
                        }
                    },
                    {
                        "author": {
                            "login": "yaira2"
                        },
                        "title": "New Crowdin updates",
                        "url": "https://github.com/files-community/Files/pull/11970",
                        "state": "MERGED",
                        "number": 11970,
                        "timelineItems": {
                            "nodes": []
                        }
                    },
                    {
                        "author": {
                            "login": "heftymouse"
                        },
                        "title": "Test PR, please ignore",
                        "url": "https://github.com/files-community/Files/pull/11971",
                        "state": "CLOSED",
                        "number": 11971,
                        "timelineItems": {
                            "nodes": []
                        }
                    },
                    {
                        "author": {
                            "login": "yaira2"
                        },
                        "title": "Servicing: v2.4.61",
                        "url": "https://github.com/files-community/Files/pull/11972",
                        "state": "MERGED",
                        "number": 11972,
                        "timelineItems": {
                            "nodes": []
                        }
                    },
                    {
                        "author": {
                            "login": "yaira2"
                        },
                        "title": "Release: 2.4.61",
                        "url": "https://github.com/files-community/Files/pull/11974",
                        "state": "MERGED",
                        "number": 11974,
                        "timelineItems": {
                            "nodes": []
                        }
                    },
                    {
                        "author": {
                            "login": "ferrariofilippo"
                        },
                        "title": "Feature: Keep timestamps when extracting an archive",
                        "url": "https://github.com/files-community/Files/pull/11976",
                        "state": "MERGED",
                        "number": 11976,
                        "timelineItems": {
                            "nodes": [
                                {
                                    "source": {
                                        "author": {
                                            "login": "ferrariofilippo"
                                        },
                                        "title": "Fix: Fixed an issue where it sometimes failed to extract an archive",
                                        "url": "https://github.com/files-community/Files/pull/12379",
                                        "state": "MERGED",
                                        "number": 12379,
                                        "__typename": "PullRequest"
                                    }
                                }
                            ]
                        }
                    },
                    {
                        "author": {
                            "login": "hishitetsu"
                        },
                        "title": "Fix: Fixed right-clickable area in the recent files widget",
                        "url": "https://github.com/files-community/Files/pull/11979",
                        "state": "MERGED",
                        "number": 11979,
                        "timelineItems": {
                            "nodes": []
                        }
                    },
                    {
                        "author": {
                            "login": "heftymouse"
                        },
                        "title": "Change servicing branch pattern in Xaml Styler action",
                        "url": "https://github.com/files-community/Files/pull/11983",
                        "state": "MERGED",
                        "number": 11983,
                        "timelineItems": {
                            "nodes": []
                        }
                    },
                    {
                        "author": {
                            "login": "hishitetsu"
                        },
                        "title": "Feature: Added properties option when right clicking recent files",
                        "url": "https://github.com/files-community/Files/pull/11985",
                        "state": "MERGED",
                        "number": 11985,
                        "timelineItems": {
                            "nodes": []
                        }
                    },
                    {
                        "author": {
                            "login": "ferrariofilippo"
                        },
                        "title": "Fix: Fixed issue where column view jumps from left to right",
                        "url": "https://github.com/files-community/Files/pull/11986",
                        "state": "MERGED",
                        "number": 11986,
                        "timelineItems": {
                            "nodes": [
                                {
                                    "source": {
                                        "author": {
                                            "login": "QuaintMako"
                                        },
                                        "title": "Bug: Silent Exception when rapidly switching columns with keyboard in ColumnView",
                                        "url": "https://github.com/files-community/Files/issues/12072",
                                        "state": "CLOSED",
                                        "number": 12072,
                                        "__typename": "Issue"
                                    }
                                },
                                {
                                    "source": {
                                        "author": {
                                            "login": "riverstone01"
                                        },
                                        "title": "Crash when renaming folders in column view",
                                        "url": "https://github.com/files-community/Files/issues/12108",
                                        "state": "CLOSED",
                                        "number": 12108,
                                        "__typename": "Issue"
                                    }
                                },
                                {
                                    "source": {
                                        "author": {
                                            "login": "ferrariofilippo"
                                        },
                                        "title": "Fix: Fixed issue where you couldn't select files in columns layout",
                                        "url": "https://github.com/files-community/Files/pull/12124",
                                        "state": "MERGED",
                                        "number": 12124,
                                        "__typename": "PullRequest"
                                    }
                                }
                            ]
                        }
                    },
                    {
                        "author": {
                            "login": "ferrariofilippo"
                        },
                        "title": "Fix: Changed the location of the \"close\" tooltip",
                        "url": "https://github.com/files-community/Files/pull/11987",
                        "state": "MERGED",
                        "number": 11987,
                        "timelineItems": {
                            "nodes": []
                        }
                    },
                    {
                        "author": {
                            "login": "ferrariofilippo"
                        },
                        "title": "Feature: Simplified the see more button on the tags widget",
                        "url": "https://github.com/files-community/Files/pull/11988",
                        "state": "MERGED",
                        "number": 11988,
                        "timelineItems": {
                            "nodes": []
                        }
                    },
                    {
                        "author": {
                            "login": "ferrariofilippo"
                        },
                        "title": "Fix: Fixed issue where folders with dots in their name couldn't be opened if compressed",
                        "url": "https://github.com/files-community/Files/pull/11990",
                        "state": "MERGED",
                        "number": 11990,
                        "timelineItems": {
                            "nodes": []
                        }
                    },
                    {
                        "author": {
                            "login": "hishitetsu"
                        },
                        "title": "Feature: Improved checkbox behavior",
                        "url": "https://github.com/files-community/Files/pull/11993",
                        "state": "MERGED",
                        "number": 11993,
                        "timelineItems": {
                            "nodes": []
                        }
                    },
                    {
                        "author": {
                            "login": "ferrariofilippo"
                        },
                        "title": "Feature: Add Invalid Archive Name & Invalid Shortcut Location Warning",
                        "url": "https://github.com/files-community/Files/pull/11997",
                        "state": "MERGED",
                        "number": 11997,
                        "timelineItems": {
                            "nodes": [
                                {
                                    "source": {
                                        "author": {
                                            "login": "ferrariofilippo"
                                        },
                                        "title": "Feature: Add invalid name and path warnings to modals",
                                        "url": "https://github.com/files-community/Files/issues/12044",
                                        "state": "CLOSED",
                                        "number": 12044,
                                        "__typename": "Issue"
                                    }
                                }
                            ]
                        }
                    },
                    {
                        "author": {
                            "login": "yaira2"
                        },
                        "title": "New Crowdin updates",
                        "url": "https://github.com/files-community/Files/pull/11999",
                        "state": "MERGED",
                        "number": 11999,
                        "timelineItems": {
                            "nodes": []
                        }
                    },
                    {
                        "author": {
                            "login": "ferrariofilippo"
                        },
                        "title": "RichCommands: Open & Close Pane",
                        "url": "https://github.com/files-community/Files/pull/12002",
                        "state": "MERGED",
                        "number": 12002,
                        "timelineItems": {
                            "nodes": [
                                {
                                    "source": {
                                        "author": {
                                            "login": "hishitetsu"
                                        },
                                        "title": "Bug: Starting dual-pane mode raises a NotAFolder error in other than English",
                                        "url": "https://github.com/files-community/Files/issues/12016",
                                        "state": "CLOSED",
                                        "number": 12016,
                                        "__typename": "Issue"
                                    }
                                },
                                {
                                    "source": {
                                        "author": {
                                            "login": "QuaintMako"
                                        },
                                        "title": "Generalizing Rich Command Usage",
                                        "url": "https://github.com/files-community/Files/issues/11481",
                                        "state": "CLOSED",
                                        "number": 11481,
                                        "__typename": "Issue"
                                    }
                                }
                            ]
                        }
                    },
                    {
                        "author": {
                            "login": "CodeAnk2829"
                        },
                        "title": "Fix Issue#11963",
                        "url": "https://github.com/files-community/Files/pull/12003",
                        "state": "CLOSED",
                        "number": 12003,
                        "timelineItems": {
                            "nodes": []
                        }
                    },
                    {
                        "author": {
                            "login": "hishitetsu"
                        },
                        "title": "Fix: Log exception stack traces",
                        "url": "https://github.com/files-community/Files/pull/12004",
                        "state": "MERGED",
                        "number": 12004,
                        "timelineItems": {
                            "nodes": []
                        }
                    },
                    {
                        "author": {
                            "login": "hishitetsu"
                        },
                        "title": "Feature: Auto restore tabs if the app crashes",
                        "url": "https://github.com/files-community/Files/pull/12005",
                        "state": "MERGED",
                        "number": 12005,
                        "timelineItems": {
                            "nodes": [
                                {
                                    "source": {
                                        "author": {
                                            "login": "jandye"
                                        },
                                        "title": "Bug: Stuck in crash loop when a symbolic link points a Google Drive folder",
                                        "url": "https://github.com/files-community/Files/issues/12041",
                                        "state": "CLOSED",
                                        "number": 12041,
                                        "__typename": "Issue"
                                    }
                                }
                            ]
                        }
                    },
                    {
                        "author": {
                            "login": "cinqmilleans"
                        },
                        "title": "Feature: Custom hotKeys (manager only)",
                        "url": "https://github.com/files-community/Files/pull/12009",
                        "state": "MERGED",
                        "number": 12009,
                        "timelineItems": {
                            "nodes": []
                        }
                    },
                    {
                        "author": {
                            "login": "itsWindows11"
                        },
                        "title": "Refactor: Continued work on reducing async state machines",
                        "url": "https://github.com/files-community/Files/pull/12010",
                        "state": "MERGED",
                        "number": 12010,
                        "timelineItems": {
                            "nodes": [
                                {
                                    "source": {
                                        "author": {
                                            "login": "ferrariofilippo"
                                        },
                                        "title": "Fix: Fixed issue where credentials dialog wasn't shown when accessing FTP",
                                        "url": "https://github.com/files-community/Files/pull/12329",
                                        "state": "MERGED",
                                        "number": 12329,
                                        "__typename": "PullRequest"
                                    }
                                },
                                {
                                    "source": {
                                        "author": {
                                            "login": "ferrariofilippo"
                                        },
                                        "title": "Fix: Fixed an issue where folders in columns view couldn't be deselected",
                                        "url": "https://github.com/files-community/Files/pull/12995",
                                        "state": "MERGED",
                                        "number": 12995,
                                        "__typename": "PullRequest"
                                    }
                                }
                            ]
                        }
                    },
                    {
                        "author": {
                            "login": "ferrariofilippo"
                        },
                        "title": "RichCommands: Add Item & Edit Path",
                        "url": "https://github.com/files-community/Files/pull/12011",
                        "state": "MERGED",
                        "number": 12011,
                        "timelineItems": {
                            "nodes": []
                        }
                    },
                    {
                        "author": {
                            "login": "ferrariofilippo"
                        },
                        "title": "RichCommands: Redo/Undo & PlayAll",
                        "url": "https://github.com/files-community/Files/pull/12017",
                        "state": "MERGED",
                        "number": 12017,
                        "timelineItems": {
                            "nodes": [
                                {
                                    "source": {
                                        "author": {
                                            "login": "QuaintMako"
                                        },
                                        "title": "Generalizing Rich Command Usage",
                                        "url": "https://github.com/files-community/Files/issues/11481",
                                        "state": "CLOSED",
                                        "number": 11481,
                                        "__typename": "Issue"
                                    }
                                },
                                {
                                    "source": {
                                        "author": {
                                            "login": "ferrariofilippo"
                                        },
                                        "title": "RichCommand: PermanentlyDelete",
                                        "url": "https://github.com/files-community/Files/pull/12103",
                                        "state": "MERGED",
                                        "number": 12103,
                                        "__typename": "PullRequest"
                                    }
                                }
                            ]
                        }
                    },
                    {
                        "author": {
                            "login": "ferrariofilippo"
                        },
                        "title": "Feature: Git Integration",
                        "url": "https://github.com/files-community/Files/pull/12020",
                        "state": "MERGED",
                        "number": 12020,
                        "timelineItems": {
                            "nodes": []
                        }
                    },
                    {
                        "author": {
                            "login": "hecksmosis"
                        },
                        "title": "Codebase: Add AppEnvironment enum",
                        "url": "https://github.com/files-community/Files/pull/12025",
                        "state": "MERGED",
                        "number": 12025,
                        "timelineItems": {
                            "nodes": [
                                {
                                    "source": {
                                        "author": {
                                            "login": "heftymouse"
                                        },
                                        "title": "Disable App Center on dev builds",
                                        "url": "https://github.com/files-community/Files/issues/12188",
                                        "state": "CLOSED",
                                        "number": 12188,
                                        "__typename": "Issue"
                                    }
                                }
                            ]
                        }
                    },
                    {
                        "author": {
                            "login": "lukeblevins"
                        },
                        "title": "Codebase Quality: recent items service",
                        "url": "https://github.com/files-community/Files/pull/12028",
                        "state": "CLOSED",
                        "number": 12028,
                        "timelineItems": {
                            "nodes": []
                        }
                    },
                    {
                        "author": {
                            "login": "hishitetsu"
                        },
                        "title": "Fix: Fixed issue with review Files dialog not working",
                        "url": "https://github.com/files-community/Files/pull/12029",
                        "state": "MERGED",
                        "number": 12029,
                        "timelineItems": {
                            "nodes": []
                        }
                    },
                    {
                        "author": {
                            "login": "hishitetsu"
                        },
                        "title": "Fix: Fixed issue where the startup settings were ignored if a location is specified",
                        "url": "https://github.com/files-community/Files/pull/12030",
                        "state": "MERGED",
                        "number": 12030,
                        "timelineItems": {
                            "nodes": []
                        }
                    },
                    {
                        "author": {
                            "login": "gave92"
                        },
                        "title": "Fix: Show invalid url files in the file list",
                        "url": "https://github.com/files-community/Files/pull/12031",
                        "state": "MERGED",
                        "number": 12031,
                        "timelineItems": {
                            "nodes": []
                        }
                    },
                    {
                        "author": {
                            "login": "ferrariofilippo"
                        },
                        "title": "Fix: Some icons are not displayed",
                        "url": "https://github.com/files-community/Files/pull/12033",
                        "state": "MERGED",
                        "number": 12033,
                        "timelineItems": {
                            "nodes": []
                        }
                    },
                    {
                        "author": {
                            "login": "Spid3rrr"
                        },
                        "title": "Feature: Don't reorder files after renaming them",
                        "url": "https://github.com/files-community/Files/pull/12034",
                        "state": "CLOSED",
                        "number": 12034,
                        "timelineItems": {
                            "nodes": []
                        }
                    },
                    {
                        "author": {
                            "login": "MladenVrn"
                        },
                        "title": "Codebase: changed from BladeView to ItemsRepeater in ColumnViewBrowser",
                        "url": "https://github.com/files-community/Files/pull/12035",
                        "state": "CLOSED",
                        "number": 12035,
                        "timelineItems": {
                            "nodes": []
                        }
                    },
                    {
                        "author": {
                            "login": "lukeblevins"
                        },
                        "title": "Fix: Fixed color conversion helpers",
                        "url": "https://github.com/files-community/Files/pull/12036",
                        "state": "MERGED",
                        "number": 12036,
                        "timelineItems": {
                            "nodes": []
                        }
                    },
                    {
                        "author": {
                            "login": "hishitetsu"
                        },
                        "title": "Fix: Fixed incorrect aperture values",
                        "url": "https://github.com/files-community/Files/pull/12038",
                        "state": "MERGED",
                        "number": 12038,
                        "timelineItems": {
                            "nodes": []
                        }
                    },
                    {
                        "author": {
                            "login": "gave92"
                        },
                        "title": "Feature: Added support for copying files with ADS to FAT32",
                        "url": "https://github.com/files-community/Files/pull/12039",
                        "state": "MERGED",
                        "number": 12039,
                        "timelineItems": {
                            "nodes": []
                        }
                    },
                    {
                        "author": {
                            "login": "heftymouse"
                        },
                        "title": "Feature: Added swipe gesture for back/forward navigation",
                        "url": "https://github.com/files-community/Files/pull/12043",
                        "state": "MERGED",
                        "number": 12043,
                        "timelineItems": {
                            "nodes": []
                        }
                    },
                    {
                        "author": {
                            "login": "gave92"
                        },
                        "title": "Fix: Fixed grip splitter cursor behavior for preview pane and secondary pane",
                        "url": "https://github.com/files-community/Files/pull/12047",
                        "state": "MERGED",
                        "number": 12047,
                        "timelineItems": {
                            "nodes": []
                        }
                    },
                    {
                        "author": {
                            "login": "gave92"
                        },
                        "title": "Fix: Fixed issue where the adaptive layout toggle was always disabled",
                        "url": "https://github.com/files-community/Files/pull/12049",
                        "state": "MERGED",
                        "number": 12049,
                        "timelineItems": {
                            "nodes": []
                        }
                    },
                    {
                        "author": {
                            "login": "hishitetsu"
                        },
                        "title": "Fix: Fixed Ctrl+A in the rename textbox",
                        "url": "https://github.com/files-community/Files/pull/12050",
                        "state": "MERGED",
                        "number": 12050,
                        "timelineItems": {
                            "nodes": []
                        }
                    },
                    {
                        "author": {
                            "login": "dependabot"
                        },
                        "title": "Build(deps): Bump Microsoft.Data.Sqlite.Core from 7.0.4 to 7.0.5",
                        "url": "https://github.com/files-community/Files/pull/12052",
                        "state": "MERGED",
                        "number": 12052,
                        "timelineItems": {
                            "nodes": []
                        }
                    },
                    {
                        "author": {
                            "login": "gave92"
                        },
                        "title": "Fix: Fixed sorting and grouping not working in column view",
                        "url": "https://github.com/files-community/Files/pull/12056",
                        "state": "MERGED",
                        "number": 12056,
                        "timelineItems": {
                            "nodes": []
                        }
                    },
                    {
                        "author": {
                            "login": "dependabot"
                        },
                        "title": "Build(deps): Bump Microsoft.WindowsAppSDK from 1.2.230313.1 to 1.3.230331000",
                        "url": "https://github.com/files-community/Files/pull/12058",
                        "state": "MERGED",
                        "number": 12058,
                        "timelineItems": {
                            "nodes": []
                        }
                    },
                    {
                        "author": {
                            "login": "hishitetsu"
                        },
                        "title": "Docs: Update WinAppSDK Version in README.md",
                        "url": "https://github.com/files-community/Files/pull/12065",
                        "state": "MERGED",
                        "number": 12065,
                        "timelineItems": {
                            "nodes": []
                        }
                    },
                    {
                        "author": {
                            "login": "yaira2"
                        },
                        "title": "Servicing release: v2.4.62",
                        "url": "https://github.com/files-community/Files/pull/12066",
                        "state": "MERGED",
                        "number": 12066,
                        "timelineItems": {
                            "nodes": []
                        }
                    },
                    {
                        "author": {
                            "login": "hishitetsu"
                        },
                        "title": "Fix: Fixed XAML format in the servicing branch",
                        "url": "https://github.com/files-community/Files/pull/12067",
                        "state": "MERGED",
                        "number": 12067,
                        "timelineItems": {
                            "nodes": []
                        }
                    },
                    {
                        "author": {
                            "login": "QuaintMako"
                        },
                        "title": "Feature: Display \"shield overlay\" indicating when elevation is required",
                        "url": "https://github.com/files-community/Files/pull/12068",
                        "state": "MERGED",
                        "number": 12068,
                        "timelineItems": {
                            "nodes": [
                                {
                                    "source": {
                                        "author": {
                                            "login": "0x5bfa"
                                        },
                                        "title": "Fix: Fixed an issue where it wasn't possible to edit some file permissions",
                                        "url": "https://github.com/files-community/Files/pull/12142",
                                        "state": "MERGED",
                                        "number": 12142,
                                        "__typename": "PullRequest"
                                    }
                                }
                            ]
                        }
                    },
                    {
                        "author": {
                            "login": "hecksmosis"
                        },
                        "title": "Fix: Fixed issue where some of the key names were not correct",
                        "url": "https://github.com/files-community/Files/pull/12069",
                        "state": "MERGED",
                        "number": 12069,
                        "timelineItems": {
                            "nodes": []
                        }
                    },
                    {
                        "author": {
                            "login": "hishitetsu"
                        },
                        "title": "Feature: Translucent hidden or cut item name",
                        "url": "https://github.com/files-community/Files/pull/12070",
                        "state": "MERGED",
                        "number": 12070,
                        "timelineItems": {
                            "nodes": []
                        }
                    },
                    {
                        "author": {
                            "login": "yaira2"
                        },
                        "title": "New Crowdin updates",
                        "url": "https://github.com/files-community/Files/pull/12073",
                        "state": "MERGED",
                        "number": 12073,
                        "timelineItems": {
                            "nodes": []
                        }
                    },
                    {
                        "author": {
                            "login": "ferrariofilippo"
                        },
                        "title": "RichCommands: SearchUnindexedItems",
                        "url": "https://github.com/files-community/Files/pull/12074",
                        "state": "MERGED",
                        "number": 12074,
                        "timelineItems": {
                            "nodes": [
                                {
                                    "source": {
                                        "author": {
                                            "login": "QuaintMako"
                                        },
                                        "title": "Generalizing Rich Command Usage",
                                        "url": "https://github.com/files-community/Files/issues/11481",
                                        "state": "CLOSED",
                                        "number": 11481,
                                        "__typename": "Issue"
                                    }
                                }
                            ]
                        }
                    },
                    {
                        "author": {
                            "login": "hishitetsu"
                        },
                        "title": "Feature: Added an option to hide checkboxes in the details layout",
                        "url": "https://github.com/files-community/Files/pull/12083",
                        "state": "MERGED",
                        "number": 12083,
                        "timelineItems": {
                            "nodes": []
                        }
                    },
                    {
                        "author": {
                            "login": "LouisFriedmann"
                        },
                        "title": "Feature: Renamed Preferences to General",
                        "url": "https://github.com/files-community/Files/pull/12086",
                        "state": "MERGED",
                        "number": 12086,
                        "timelineItems": {
                            "nodes": []
                        }
                    },
                    {
                        "author": {
                            "login": "hishitetsu"
                        },
                        "title": "Feature: Apply show checkboxes option to the grid view as well",
                        "url": "https://github.com/files-community/Files/pull/12087",
                        "state": "MERGED",
                        "number": 12087,
                        "timelineItems": {
                            "nodes": []
                        }
                    },
                    {
                        "author": {
                            "login": "hishitetsu"
                        },
                        "title": "Fix: A workaround to avoid AccessViolationException",
                        "url": "https://github.com/files-community/Files/pull/12089",
                        "state": "MERGED",
                        "number": 12089,
                        "timelineItems": {
                            "nodes": [
                                {
                                    "source": {
                                        "author": {
                                            "login": "tangyajun007"
                                        },
                                        "title": "win11 22624.1546\u53f3\u952e\u4f1a\u51fa\u73b0\u5361\u6b7b\uff0c\u7136\u540e\u95ea\u9000",
                                        "url": "https://github.com/files-community/Files/issues/12022",
                                        "state": "CLOSED",
                                        "number": 12022,
                                        "__typename": "Issue"
                                    }
                                }
                            ]
                        }
                    },
                    {
                        "author": {
                            "login": "hishitetsu"
                        },
                        "title": "Fix: Fixed issue where \"Send To\" submenu was sometimes not displayed on widgets",
                        "url": "https://github.com/files-community/Files/pull/12093",
                        "state": "MERGED",
                        "number": 12093,
                        "timelineItems": {
                            "nodes": []
                        }
                    },
                    {
                        "author": {
                            "login": "yaira2"
                        },
                        "title": "Fix: Attempt to fix lt-LT",
                        "url": "https://github.com/files-community/Files/pull/12094",
                        "state": "CLOSED",
                        "number": 12094,
                        "timelineItems": {
                            "nodes": []
                        }
                    },
                    {
                        "author": {
                            "login": "yaira2"
                        },
                        "title": "New Crowdin updates",
                        "url": "https://github.com/files-community/Files/pull/12095",
                        "state": "MERGED",
                        "number": 12095,
                        "timelineItems": {
                            "nodes": []
                        }
                    },
                    {
                        "author": {
                            "login": "dependabot"
                        },
                        "title": "Build(deps): Bump Vanara.Windows.Shell from 3.4.13 to 3.4.14",
                        "url": "https://github.com/files-community/Files/pull/12096",
                        "state": "MERGED",
                        "number": 12096,
                        "timelineItems": {
                            "nodes": []
                        }
                    },
                    {
                        "author": {
                            "login": "dependabot"
                        },
                        "title": "Build(deps): Bump Vanara.Windows.Extensions from 3.4.13 to 3.4.14",
                        "url": "https://github.com/files-community/Files/pull/12097",
                        "state": "MERGED",
                        "number": 12097,
                        "timelineItems": {
                            "nodes": []
                        }
                    },
                    {
                        "author": {
                            "login": "dependabot"
                        },
                        "title": "Build(deps): Bump Vanara.PInvoke.Mpr from 3.4.12 to 3.4.14",
                        "url": "https://github.com/files-community/Files/pull/12098",
                        "state": "CLOSED",
                        "number": 12098,
                        "timelineItems": {
                            "nodes": []
                        }
                    },
                    {
                        "author": {
                            "login": "ferrariofilippo"
                        },
                        "title": "RichCommand: PermanentlyDelete",
                        "url": "https://github.com/files-community/Files/pull/12103",
                        "state": "MERGED",
                        "number": 12103,
                        "timelineItems": {
                            "nodes": []
                        }
                    },
                    {
                        "author": {
                            "login": "hishitetsu"
                        },
                        "title": "Fix: Fixed issue where checkboxes might remain visible",
                        "url": "https://github.com/files-community/Files/pull/12104",
                        "state": "MERGED",
                        "number": 12104,
                        "timelineItems": {
                            "nodes": []
                        }
                    },
                    {
                        "author": {
                            "login": "yaira2"
                        },
                        "title": "New Crowdin updates",
                        "url": "https://github.com/files-community/Files/pull/12106",
                        "state": "MERGED",
                        "number": 12106,
                        "timelineItems": {
                            "nodes": []
                        }
                    },
                    {
                        "author": {
                            "login": "yaira2"
                        },
                        "title": "New Crowdin updates",
                        "url": "https://github.com/files-community/Files/pull/12110",
                        "state": "MERGED",
                        "number": 12110,
                        "timelineItems": {
                            "nodes": []
                        }
                    },
                    {
                        "author": {
                            "login": "hecksmosis"
                        },
                        "title": "RichCommand: Open File Location",
                        "url": "https://github.com/files-community/Files/pull/12111",
                        "state": "MERGED",
                        "number": 12111,
                        "timelineItems": {
                            "nodes": []
                        }
                    },
                    {
                        "author": {
                            "login": "yaira2"
                        },
                        "title": "Feature: Settings dialog update",
                        "url": "https://github.com/files-community/Files/pull/12112",
                        "state": "MERGED",
                        "number": 12112,
                        "timelineItems": {
                            "nodes": []
                        }
                    },
                    {
                        "author": {
                            "login": "yaira2"
                        },
                        "title": "Feature: Auto mount ISO files",
                        "url": "https://github.com/files-community/Files/pull/12116",
                        "state": "MERGED",
                        "number": 12116,
                        "timelineItems": {
                            "nodes": []
                        }
                    },
                    {
                        "author": {
                            "login": "yaira2"
                        },
                        "title": "Feature: Added IconAltAccentBrush for toolbar icons",
                        "url": "https://github.com/files-community/Files/pull/12118",
                        "state": "MERGED",
                        "number": 12118,
                        "timelineItems": {
                            "nodes": []
                        }
                    },
                    {
                        "author": {
                            "login": "0x5bfa"
                        },
                        "title": "[Outdated] Feature: Introduce GlobalUsings",
                        "url": "https://github.com/files-community/Files/pull/12119",
                        "state": "CLOSED",
                        "number": 12119,
                        "timelineItems": {
                            "nodes": []
                        }
                    },
                    {
                        "author": {
                            "login": "0x5bfa"
                        },
                        "title": "Code Quality: Introduce Implicit Usings",
                        "url": "https://github.com/files-community/Files/pull/12121",
                        "state": "MERGED",
                        "number": 12121,
                        "timelineItems": {
                            "nodes": []
                        }
                    },
                    {
                        "author": {
                            "login": "yaira2"
                        },
                        "title": "New Crowdin updates",
                        "url": "https://github.com/files-community/Files/pull/12122",
                        "state": "MERGED",
                        "number": 12122,
                        "timelineItems": {
                            "nodes": []
                        }
                    },
                    {
                        "author": {
                            "login": "yaira2"
                        },
                        "title": "Release: v2.4.66",
                        "url": "https://github.com/files-community/Files/pull/12123",
                        "state": "MERGED",
                        "number": 12123,
                        "timelineItems": {
                            "nodes": []
                        }
                    },
                    {
                        "author": {
                            "login": "ferrariofilippo"
                        },
                        "title": "Fix: Fixed issue where you couldn't select files in columns layout",
                        "url": "https://github.com/files-community/Files/pull/12124",
                        "state": "MERGED",
                        "number": 12124,
                        "timelineItems": {
                            "nodes": []
                        }
                    },
                    {
                        "author": {
                            "login": "dependabot"
                        },
                        "title": "Build(deps): Bump LibGit2Sharp from 0.26.2 to 0.27.2",
                        "url": "https://github.com/files-community/Files/pull/12126",
                        "state": "MERGED",
                        "number": 12126,
                        "timelineItems": {
                            "nodes": []
                        }
                    },
                    {
                        "author": {
                            "login": "hishitetsu"
                        },
                        "title": "Code Quality: Removed `async void` methods",
                        "url": "https://github.com/files-community/Files/pull/12128",
                        "state": "MERGED",
                        "number": 12128,
                        "timelineItems": {
                            "nodes": []
                        }
                    },
                    {
                        "author": {
                            "login": "0x5bfa"
                        },
                        "title": "Code Quality: Added code comments to InnerNavigationToolbar",
                        "url": "https://github.com/files-community/Files/pull/12129",
                        "state": "MERGED",
                        "number": 12129,
                        "timelineItems": {
                            "nodes": []
                        }
                    },
                    {
                        "author": {
                            "login": "yaira2"
                        },
                        "title": "New Crowdin updates",
                        "url": "https://github.com/files-community/Files/pull/12131",
                        "state": "MERGED",
                        "number": 12131,
                        "timelineItems": {
                            "nodes": []
                        }
                    },
                    {
                        "author": {
                            "login": "dependabot"
                        },
                        "title": "Build(deps): Bump Microsoft.DotNet.UpgradeAssistant.Extensions.Default.Analyzers from 0.4.410601 to 0.4.421302",
                        "url": "https://github.com/files-community/Files/pull/12134",
                        "state": "MERGED",
                        "number": 12134,
                        "timelineItems": {
                            "nodes": []
                        }
                    },
                    {
                        "author": {
                            "login": "hishitetsu"
                        },
                        "title": "Fix: Fixed NullReferenceException in `ModernShellPage`",
                        "url": "https://github.com/files-community/Files/pull/12135",
                        "state": "MERGED",
                        "number": 12135,
                        "timelineItems": {
                            "nodes": []
                        }
                    },
                    {
                        "author": {
                            "login": "yaira2"
                        },
                        "title": "Sync with servicing branch",
                        "url": "https://github.com/files-community/Files/pull/12137",
                        "state": "MERGED",
                        "number": 12137,
                        "timelineItems": {
                            "nodes": []
                        }
                    },
                    {
                        "author": {
                            "login": "0x5bfa"
                        },
                        "title": "Fix: Fixed an issue where folder icon customization apply before saving",
                        "url": "https://github.com/files-community/Files/pull/12141",
                        "state": "MERGED",
                        "number": 12141,
                        "timelineItems": {
                            "nodes": []
                        }
                    },
                    {
                        "author": {
                            "login": "0x5bfa"
                        },
                        "title": "Fix: Fixed an issue where it wasn't possible to edit some file permissions",
                        "url": "https://github.com/files-community/Files/pull/12142",
                        "state": "MERGED",
                        "number": 12142,
                        "timelineItems": {
                            "nodes": []
                        }
                    },
                    {
                        "author": {
                            "login": "0x5bfa"
                        },
                        "title": "Code Quality: Added license header to C# phase1",
                        "url": "https://github.com/files-community/Files/pull/12143",
                        "state": "MERGED",
                        "number": 12143,
                        "timelineItems": {
                            "nodes": []
                        }
                    },
                    {
                        "author": {
                            "login": "hishitetsu"
                        },
                        "title": "Fix: Fixed issue where the extract button on the toolbar was disabled in archives",
                        "url": "https://github.com/files-community/Files/pull/12144",
                        "state": "MERGED",
                        "number": 12144,
                        "timelineItems": {
                            "nodes": []
                        }
                    },
                    {
                        "author": {
                            "login": "yaira2"
                        },
                        "title": "Servicing: v2.4.67",
                        "url": "https://github.com/files-community/Files/pull/12149",
                        "state": "MERGED",
                        "number": 12149,
                        "timelineItems": {
                            "nodes": []
                        }
                    },
                    {
                        "author": {
                            "login": "ferrariofilippo"
                        },
                        "title": "Feature: Disable warning when a new name is empty",
                        "url": "https://github.com/files-community/Files/pull/12150",
                        "state": "MERGED",
                        "number": 12150,
                        "timelineItems": {
                            "nodes": [
                                {
                                    "source": {
                                        "author": {
                                            "login": "ferrariofilippo"
                                        },
                                        "title": "Fix: Fixed issue where the create button was always disabled in new shortcut dialog",
                                        "url": "https://github.com/files-community/Files/pull/12230",
                                        "state": "MERGED",
                                        "number": 12230,
                                        "__typename": "PullRequest"
                                    }
                                }
                            ]
                        }
                    },
                    {
                        "author": {
                            "login": "0x5bfa"
                        },
                        "title": "Code Quality: Added license header to C# phase2",
                        "url": "https://github.com/files-community/Files/pull/12152",
                        "state": "MERGED",
                        "number": 12152,
                        "timelineItems": {
                            "nodes": []
                        }
                    }
                ]
            }
        }
    }
}