{
    "data": {
        "repository": {
            "pullRequests": {
                "pageInfo": {
                    "endCursor": "Y3Vyc29yOnYyOpHORvlv5A=="
                },
                "nodes": [
                    {
                        "author": {
                            "login": "QuaintMako"
                        },
                        "title": "Fix: Fixed crash that would occur when using the new tab keyboard shortcut",
                        "url": "https://github.com/files-community/Files/pull/10698",
                        "state": "CLOSED",
                        "number": 10698,
                        "timelineItems": {
                            "nodes": []
                        }
                    },
                    {
                        "author": {
                            "login": "dependabot"
                        },
                        "title": "Build(deps): Bump Microsoft.Data.Sqlite.Core from 7.0.0 to 7.0.1",
                        "url": "https://github.com/files-community/Files/pull/10700",
                        "state": "MERGED",
                        "number": 10700,
                        "timelineItems": {
                            "nodes": []
                        }
                    },
                    {
                        "author": {
                            "login": "yaira2"
                        },
                        "title": "Release: v2.4.1",
                        "url": "https://github.com/files-community/Files/pull/10710",
                        "state": "MERGED",
                        "number": 10710,
                        "timelineItems": {
                            "nodes": []
                        }
                    },
                    {
                        "author": {
                            "login": "yaira2"
                        },
                        "title": "Feature: Added a new theme for fake mica",
                        "url": "https://github.com/files-community/Files/pull/10716",
                        "state": "MERGED",
                        "number": 10716,
                        "timelineItems": {
                            "nodes": []
                        }
                    },
                    {
                        "author": {
                            "login": "yaira2"
                        },
                        "title": "Feature: Updated WinAppSdk to 1.2.221209.1",
                        "url": "https://github.com/files-community/Files/pull/10717",
                        "state": "MERGED",
                        "number": 10717,
                        "timelineItems": {
                            "nodes": []
                        }
                    },
                    {
                        "author": {
                            "login": "yaira2"
                        },
                        "title": "Release: v2.4.2",
                        "url": "https://github.com/files-community/Files/pull/10718",
                        "state": "MERGED",
                        "number": 10718,
                        "timelineItems": {
                            "nodes": []
                        }
                    },
                    {
                        "author": {
                            "login": "QuaintMako"
                        },
                        "title": "Fix: Fixed crash that would occur when switching between Network and Recycle Bin",
                        "url": "https://github.com/files-community/Files/pull/10728",
                        "state": "MERGED",
                        "number": 10728,
                        "timelineItems": {
                            "nodes": [
                                {
                                    "source": {
                                        "author": {
                                            "login": "hecksmosis"
                                        },
                                        "title": "Fix: Fixed issue where changing file permission for multiple files simultaneously would crash the app",
                                        "url": "https://github.com/files-community/Files/pull/10886",
                                        "state": "MERGED",
                                        "number": 10886,
                                        "__typename": "PullRequest"
                                    }
                                }
                            ]
                        }
                    },
                    {
                        "author": {
                            "login": "yaira2"
                        },
                        "title": "Updated translations ",
                        "url": "https://github.com/files-community/Files/pull/10742",
                        "state": "MERGED",
                        "number": 10742,
                        "timelineItems": {
                            "nodes": []
                        }
                    },
                    {
                        "author": {
                            "login": "Josh65-2201"
                        },
                        "title": "Added Josh-65 to sponsor page",
                        "url": "https://github.com/files-community/Files/pull/10751",
                        "state": "MERGED",
                        "number": 10751,
                        "timelineItems": {
                            "nodes": []
                        }
                    },
                    {
                        "author": {
                            "login": "yaira2"
                        },
                        "title": "v2.4.3",
                        "url": "https://github.com/files-community/Files/pull/10758",
                        "state": "MERGED",
                        "number": 10758,
                        "timelineItems": {
                            "nodes": []
                        }
                    },
                    {
                        "author": {
                            "login": "gave92"
                        },
                        "title": "Fixes & improvements for Recent Items",
                        "url": "https://github.com/files-community/Files/pull/10760",
                        "state": "MERGED",
                        "number": 10760,
                        "timelineItems": {
                            "nodes": [
                                {
                                    "source": {
                                        "author": {
                                            "login": "jiejasonliu"
                                        },
                                        "title": "Performance: Optimized the recent files widget",
                                        "url": "https://github.com/files-community/Files/pull/10867",
                                        "state": "MERGED",
                                        "number": 10867,
                                        "__typename": "PullRequest"
                                    }
                                }
                            ]
                        }
                    },
                    {
                        "author": {
                            "login": "dependabot"
                        },
                        "title": "Build(deps): Bump Microsoft.NET.Test.Sdk from 17.4.0 to 17.4.1",
                        "url": "https://github.com/files-community/Files/pull/10763",
                        "state": "MERGED",
                        "number": 10763,
                        "timelineItems": {
                            "nodes": []
                        }
                    },
                    {
                        "author": {
                            "login": "yaira2"
                        },
                        "title": "Feature: Updated translations",
                        "url": "https://github.com/files-community/Files/pull/10769",
                        "state": "MERGED",
                        "number": 10769,
                        "timelineItems": {
                            "nodes": []
                        }
                    },
                    {
                        "author": {
                            "login": "gave92"
                        },
                        "title": "Fix: Fixed opening an executable pinned to start menu",
                        "url": "https://github.com/files-community/Files/pull/10771",
                        "state": "MERGED",
                        "number": 10771,
                        "timelineItems": {
                            "nodes": []
                        }
                    },
                    {
                        "author": {
                            "login": "gave92"
                        },
                        "title": "Codebase quality: Use helper method for checking .lnk and .url extensions",
                        "url": "https://github.com/files-community/Files/pull/10772",
                        "state": "MERGED",
                        "number": 10772,
                        "timelineItems": {
                            "nodes": [
                                {
                                    "source": {
                                        "author": {
                                            "login": "QuaintMako"
                                        },
                                        "title": "Use FileExtensionHelpers more widely",
                                        "url": "https://github.com/files-community/Files/issues/10831",
                                        "state": "CLOSED",
                                        "number": 10831,
                                        "__typename": "Issue"
                                    }
                                }
                            ]
                        }
                    },
                    {
                        "author": {
                            "login": "yaira2"
                        },
                        "title": "Code: Optimized use of resource dictionaries",
                        "url": "https://github.com/files-community/Files/pull/10773",
                        "state": "MERGED",
                        "number": 10773,
                        "timelineItems": {
                            "nodes": []
                        }
                    },
                    {
                        "author": {
                            "login": "jiejasonliu"
                        },
                        "title": "Feature: Display banner when recent items are turned off from File Explorer",
                        "url": "https://github.com/files-community/Files/pull/10777",
                        "state": "MERGED",
                        "number": 10777,
                        "timelineItems": {
                            "nodes": []
                        }
                    },
                    {
                        "author": {
                            "login": "yaira2"
                        },
                        "title": "v2.4.4",
                        "url": "https://github.com/files-community/Files/pull/10779",
                        "state": "MERGED",
                        "number": 10779,
                        "timelineItems": {
                            "nodes": []
                        }
                    },
                    {
                        "author": {
                            "login": "cinqmilleans"
                        },
                        "title": "Code Quality: Refactored AdaptiveLayoutHelpers",
                        "url": "https://github.com/files-community/Files/pull/10782",
                        "state": "MERGED",
                        "number": 10782,
                        "timelineItems": {
                            "nodes": []
                        }
                    },
                    {
                        "author": {
                            "login": "dependabot"
                        },
                        "title": "Build(deps): Bump MSTest.TestAdapter from 3.0.0 to 3.0.1",
                        "url": "https://github.com/files-community/Files/pull/10785",
                        "state": "MERGED",
                        "number": 10785,
                        "timelineItems": {
                            "nodes": []
                        }
                    },
                    {
                        "author": {
                            "login": "dependabot"
                        },
                        "title": "Build(deps): Bump MSTest.TestFramework from 3.0.0 to 3.0.1",
                        "url": "https://github.com/files-community/Files/pull/10786",
                        "state": "MERGED",
                        "number": 10786,
                        "timelineItems": {
                            "nodes": []
                        }
                    },
                    {
                        "author": {
                            "login": "yaira2"
                        },
                        "title": "Feature: Optimized drag area",
                        "url": "https://github.com/files-community/Files/pull/10787",
                        "state": "MERGED",
                        "number": 10787,
                        "timelineItems": {
                            "nodes": []
                        }
                    },
                    {
                        "author": {
                            "login": "puppetsw"
                        },
                        "title": "Fix: Fixed crash that would occur when updating from the store",
                        "url": "https://github.com/files-community/Files/pull/10795",
                        "state": "MERGED",
                        "number": 10795,
                        "timelineItems": {
                            "nodes": [
                                {
                                    "source": {
                                        "author": {
                                            "login": "Raupy10"
                                        },
                                        "title": "Update",
                                        "url": "https://github.com/files-community/Files/issues/10838",
                                        "state": "CLOSED",
                                        "number": 10838,
                                        "__typename": "Issue"
                                    }
                                }
                            ]
                        }
                    },
                    {
                        "author": {
                            "login": "yaira2"
                        },
                        "title": "Fix: Fixed an issue where the title was displayed twice in the preview pane",
                        "url": "https://github.com/files-community/Files/pull/10796",
                        "state": "MERGED",
                        "number": 10796,
                        "timelineItems": {
                            "nodes": []
                        }
                    },
                    {
                        "author": {
                            "login": "gave92"
                        },
                        "title": "Feature: Add pCloud to the cloud drive section",
                        "url": "https://github.com/files-community/Files/pull/10801",
                        "state": "MERGED",
                        "number": 10801,
                        "timelineItems": {
                            "nodes": [
                                {
                                    "source": {
                                        "author": {
                                            "login": "gave92"
                                        },
                                        "title": "Add pCloud to list of supported drives in docs",
                                        "url": "https://github.com/files-community/Website/pull/306",
                                        "state": "MERGED",
                                        "number": 306,
                                        "__typename": "PullRequest"
                                    }
                                }
                            ]
                        }
                    },
                    {
                        "author": {
                            "login": "Be1zebub"
                        },
                        "title": "Feature: Comfy theme",
                        "url": "https://github.com/files-community/Files/pull/10804",
                        "state": "CLOSED",
                        "number": 10804,
                        "timelineItems": {
                            "nodes": []
                        }
                    },
                    {
                        "author": {
                            "login": "yaira2"
                        },
                        "title": "Release v2.4.8",
                        "url": "https://github.com/files-community/Files/pull/10806",
                        "state": "MERGED",
                        "number": 10806,
                        "timelineItems": {
                            "nodes": []
                        }
                    },
                    {
                        "author": {
                            "login": "hez2010"
                        },
                        "title": "Feature: Implement the fundamental for rich progress",
                        "url": "https://github.com/files-community/Files/pull/10814",
                        "state": "MERGED",
                        "number": 10814,
                        "timelineItems": {
                            "nodes": []
                        }
                    },
                    {
                        "author": {
                            "login": "SnowVolf"
                        },
                        "title": "Fix: Russian translation updating and correction",
                        "url": "https://github.com/files-community/Files/pull/10816",
                        "state": "CLOSED",
                        "number": 10816,
                        "timelineItems": {
                            "nodes": []
                        }
                    },
                    {
                        "author": {
                            "login": "cinqmilleans"
                        },
                        "title": "Codebase: Made IModifiableStorable IStorable",
                        "url": "https://github.com/files-community/Files/pull/10817",
                        "state": "MERGED",
                        "number": 10817,
                        "timelineItems": {
                            "nodes": []
                        }
                    },
                    {
                        "author": {
                            "login": "marcelwgn"
                        },
                        "title": "Feature: Removed accent color from non-selected items in the column layout",
                        "url": "https://github.com/files-community/Files/pull/10818",
                        "state": "MERGED",
                        "number": 10818,
                        "timelineItems": {
                            "nodes": [
                                {
                                    "source": {
                                        "author": {
                                            "login": "QuaintMako"
                                        },
                                        "title": "Feature: Show folder details when no item is selected",
                                        "url": "https://github.com/files-community/Files/pull/12549",
                                        "state": "MERGED",
                                        "number": 12549,
                                        "__typename": "PullRequest"
                                    }
                                }
                            ]
                        }
                    },
                    {
                        "author": {
                            "login": "RuiNtD"
                        },
                        "title": "Feature: iCloud Drive and Photos namespace detection",
                        "url": "https://github.com/files-community/Files/pull/10819",
                        "state": "MERGED",
                        "number": 10819,
                        "timelineItems": {
                            "nodes": []
                        }
                    },
                    {
                        "author": {
                            "login": "yaira2"
                        },
                        "title": "Feature: Updated translations",
                        "url": "https://github.com/files-community/Files/pull/10822",
                        "state": "MERGED",
                        "number": 10822,
                        "timelineItems": {
                            "nodes": []
                        }
                    },
                    {
                        "author": {
                            "login": "dependabot"
                        },
                        "title": "Build(deps): Bump FluentFTP from 42.1.0 to 42.2.0",
                        "url": "https://github.com/files-community/Files/pull/10824",
                        "state": "MERGED",
                        "number": 10824,
                        "timelineItems": {
                            "nodes": []
                        }
                    },
                    {
                        "author": {
                            "login": "cinqmilleans"
                        },
                        "title": "Codebase: Removed class Disposable",
                        "url": "https://github.com/files-community/Files/pull/10832",
                        "state": "CLOSED",
                        "number": 10832,
                        "timelineItems": {
                            "nodes": []
                        }
                    },
                    {
                        "author": {
                            "login": "hecksmosis"
                        },
                        "title": "Feature: Added run as admin toggle to shortcut properties ",
                        "url": "https://github.com/files-community/Files/pull/10833",
                        "state": "MERGED",
                        "number": 10833,
                        "timelineItems": {
                            "nodes": []
                        }
                    },
                    {
                        "author": {
                            "login": "cinqmilleans"
                        },
                        "title": "Improves Files.App.Storage",
                        "url": "https://github.com/files-community/Files/pull/10834",
                        "state": "CLOSED",
                        "number": 10834,
                        "timelineItems": {
                            "nodes": []
                        }
                    },
                    {
                        "author": {
                            "login": "hecksmosis"
                        },
                        "title": "Fix: Fixed issue where the network icon was blank",
                        "url": "https://github.com/files-community/Files/pull/10839",
                        "state": "MERGED",
                        "number": 10839,
                        "timelineItems": {
                            "nodes": [
                                {
                                    "source": {
                                        "author": {
                                            "login": "grzegk1"
                                        },
                                        "title": "Bug: Missing network icon",
                                        "url": "https://github.com/files-community/Files/issues/10811",
                                        "state": "CLOSED",
                                        "number": 10811,
                                        "__typename": "Issue"
                                    }
                                }
                            ]
                        }
                    },
                    {
                        "author": {
                            "login": "dependabot"
                        },
                        "title": "Build(deps): Bump FluentFTP from 42.2.0 to 43.0.1",
                        "url": "https://github.com/files-community/Files/pull/10841",
                        "state": "MERGED",
                        "number": 10841,
                        "timelineItems": {
                            "nodes": []
                        }
                    },
                    {
                        "author": {
                            "login": "gave92"
                        },
                        "title": "Feature: Added support for Creative Cloud",
                        "url": "https://github.com/files-community/Files/pull/10845",
                        "state": "MERGED",
                        "number": 10845,
                        "timelineItems": {
                            "nodes": []
                        }
                    },
                    {
                        "author": {
                            "login": "gave92"
                        },
                        "title": "Code quality: Use FileExtensionHelpers more widely",
                        "url": "https://github.com/files-community/Files/pull/10846",
                        "state": "MERGED",
                        "number": 10846,
                        "timelineItems": {
                            "nodes": []
                        }
                    },
                    {
                        "author": {
                            "login": "gave92"
                        },
                        "title": "Fix: Fixed issue where the wrong recent item was being removed",
                        "url": "https://github.com/files-community/Files/pull/10847",
                        "state": "MERGED",
                        "number": 10847,
                        "timelineItems": {
                            "nodes": []
                        }
                    },
                    {
                        "author": {
                            "login": "yaira2"
                        },
                        "title": "Feature: Added setting to change the background color",
                        "url": "https://github.com/files-community/Files/pull/10850",
                        "state": "MERGED",
                        "number": 10850,
                        "timelineItems": {
                            "nodes": []
                        }
                    },
                    {
                        "author": {
                            "login": "gave92"
                        },
                        "title": "Fix: Added missing txt and zip options in the new file menu",
                        "url": "https://github.com/files-community/Files/pull/10852",
                        "state": "MERGED",
                        "number": 10852,
                        "timelineItems": {
                            "nodes": []
                        }
                    },
                    {
                        "author": {
                            "login": "hecksmosis"
                        },
                        "title": "Fix: Remove unnecessary async state machine generation",
                        "url": "https://github.com/files-community/Files/pull/10853",
                        "state": "MERGED",
                        "number": 10853,
                        "timelineItems": {
                            "nodes": []
                        }
                    },
                    {
                        "author": {
                            "login": "dependabot"
                        },
                        "title": "Build(deps): Bump MSTest.TestAdapter from 3.0.1 to 3.0.2",
                        "url": "https://github.com/files-community/Files/pull/10854",
                        "state": "MERGED",
                        "number": 10854,
                        "timelineItems": {
                            "nodes": []
                        }
                    },
                    {
                        "author": {
                            "login": "dependabot"
                        },
                        "title": "Build(deps): Bump MSTest.TestFramework from 3.0.1 to 3.0.2",
                        "url": "https://github.com/files-community/Files/pull/10855",
                        "state": "MERGED",
                        "number": 10855,
                        "timelineItems": {
                            "nodes": []
                        }
                    },
                    {
                        "author": {
                            "login": "yaira2"
                        },
                        "title": "Feature: Improved support for theming",
                        "url": "https://github.com/files-community/Files/pull/10863",
                        "state": "MERGED",
                        "number": 10863,
                        "timelineItems": {
                            "nodes": []
                        }
                    },
                    {
                        "author": {
                            "login": "gave92"
                        },
                        "title": "Fix: Fixed issue where file operations didn't work in AppData",
                        "url": "https://github.com/files-community/Files/pull/10865",
                        "state": "MERGED",
                        "number": 10865,
                        "timelineItems": {
                            "nodes": []
                        }
                    },
                    {
                        "author": {
                            "login": "jiejasonliu"
                        },
                        "title": "Performance: Optimized the recent files widget",
                        "url": "https://github.com/files-community/Files/pull/10867",
                        "state": "MERGED",
                        "number": 10867,
                        "timelineItems": {
                            "nodes": []
                        }
                    },
                    {
                        "author": {
                            "login": "yaira2"
                        },
                        "title": "Feature: Switched color customization to strings",
                        "url": "https://github.com/files-community/Files/pull/10869",
                        "state": "MERGED",
                        "number": 10869,
                        "timelineItems": {
                            "nodes": []
                        }
                    },
                    {
                        "author": {
                            "login": "gave92"
                        },
                        "title": "Feature: Show shortcuts & hidden files in network folders",
                        "url": "https://github.com/files-community/Files/pull/10872",
                        "state": "MERGED",
                        "number": 10872,
                        "timelineItems": {
                            "nodes": []
                        }
                    },
                    {
                        "author": {
                            "login": "d2dyno1"
                        },
                        "title": "Feature: Show notification only when app crashes",
                        "url": "https://github.com/files-community/Files/pull/10873",
                        "state": "MERGED",
                        "number": 10873,
                        "timelineItems": {
                            "nodes": []
                        }
                    },
                    {
                        "author": {
                            "login": "gave92"
                        },
                        "title": "Fix: Fixed exception when parsing new menu items",
                        "url": "https://github.com/files-community/Files/pull/10874",
                        "state": "MERGED",
                        "number": 10874,
                        "timelineItems": {
                            "nodes": [
                                {
                                    "source": {
                                        "author": {
                                            "login": "gave92"
                                        },
                                        "title": "Fix: Added missing txt and zip options in the new file menu",
                                        "url": "https://github.com/files-community/Files/pull/10852",
                                        "state": "MERGED",
                                        "number": 10852,
                                        "__typename": "PullRequest"
                                    }
                                }
                            ]
                        }
                    },
                    {
                        "author": {
                            "login": "yaira2"
                        },
                        "title": "Release v2.4.11",
                        "url": "https://github.com/files-community/Files/pull/10878",
                        "state": "MERGED",
                        "number": 10878,
                        "timelineItems": {
                            "nodes": []
                        }
                    },
                    {
                        "author": {
                            "login": "ferrariofilippo"
                        },
                        "title": "Feature: Added option to create new shortcuts",
                        "url": "https://github.com/files-community/Files/pull/10879",
                        "state": "MERGED",
                        "number": 10879,
                        "timelineItems": {
                            "nodes": [
                                {
                                    "source": {
                                        "author": {
                                            "login": "hecksmosis"
                                        },
                                        "title": "Fix: Fixed issue with creating shortcuts in libraries",
                                        "url": "https://github.com/files-community/Files/pull/10913",
                                        "state": "MERGED",
                                        "number": 10913,
                                        "__typename": "PullRequest"
                                    }
                                }
                            ]
                        }
                    },
                    {
                        "author": {
                            "login": "ferrariofilippo"
                        },
                        "title": "Fix: Fixed issue where it didn't work to edit/remove startup page",
                        "url": "https://github.com/files-community/Files/pull/10880",
                        "state": "MERGED",
                        "number": 10880,
                        "timelineItems": {
                            "nodes": []
                        }
                    },
                    {
                        "author": {
                            "login": "jentur-zabbeJ-8basdy"
                        },
                        "title": "Revert \"Release v2.4.11 (#10878)\"",
                        "url": "https://github.com/files-community/Files/pull/10882",
                        "state": "CLOSED",
                        "number": 10882,
                        "timelineItems": {
                            "nodes": []
                        }
                    },
                    {
                        "author": {
                            "login": "yaira2"
                        },
                        "title": "Feature: Updated Translations ",
                        "url": "https://github.com/files-community/Files/pull/10884",
                        "state": "MERGED",
                        "number": 10884,
                        "timelineItems": {
                            "nodes": []
                        }
                    },
                    {
                        "author": {
                            "login": "hecksmosis"
                        },
                        "title": "Fix: Fixed issue where changing file permission for multiple files simultaneously would crash the app",
                        "url": "https://github.com/files-community/Files/pull/10886",
                        "state": "MERGED",
                        "number": 10886,
                        "timelineItems": {
                            "nodes": []
                        }
                    },
                    {
                        "author": {
                            "login": "cinqmilleans"
                        },
                        "title": "Fix: Fixed issue where HorizontalMultitaskingControl could have negative margin",
                        "url": "https://github.com/files-community/Files/pull/10888",
                        "state": "MERGED",
                        "number": 10888,
                        "timelineItems": {
                            "nodes": []
                        }
                    },
                    {
                        "author": {
                            "login": "ferrariofilippo"
                        },
                        "title": "Feature: Show drive name on tab header",
                        "url": "https://github.com/files-community/Files/pull/10889",
                        "state": "MERGED",
                        "number": 10889,
                        "timelineItems": {
                            "nodes": []
                        }
                    },
                    {
                        "author": {
                            "login": "hecksmosis"
                        },
                        "title": "Feature: Added detection for Nutstore cloud",
                        "url": "https://github.com/files-community/Files/pull/10890",
                        "state": "MERGED",
                        "number": 10890,
                        "timelineItems": {
                            "nodes": [
                                {
                                    "source": {
                                        "author": {
                                            "login": "hecksmosis"
                                        },
                                        "title": "Feature: Added detection for Seadrive cloud",
                                        "url": "https://github.com/files-community/Files/pull/10977",
                                        "state": "MERGED",
                                        "number": 10977,
                                        "__typename": "PullRequest"
                                    }
                                },
                                {
                                    "source": {
                                        "author": {
                                            "login": "wangfu91"
                                        },
                                        "title": "Fix: Fixed an issue with Nutstore cloud drive detection",
                                        "url": "https://github.com/files-community/Files/pull/15445",
                                        "state": "MERGED",
                                        "number": 15445,
                                        "__typename": "PullRequest"
                                    }
                                }
                            ]
                        }
                    },
                    {
                        "author": {
                            "login": "ferrariofilippo"
                        },
                        "title": "Fix: Fixed issue where confirm to delete would show even with the setting turned off",
                        "url": "https://github.com/files-community/Files/pull/10893",
                        "state": "MERGED",
                        "number": 10893,
                        "timelineItems": {
                            "nodes": []
                        }
                    },
                    {
                        "author": {
                            "login": "yaira2"
                        },
                        "title": "Fix: Fixed issue where properties window was always on top",
                        "url": "https://github.com/files-community/Files/pull/10897",
                        "state": "MERGED",
                        "number": 10897,
                        "timelineItems": {
                            "nodes": [
                                {
                                    "source": {
                                        "author": {
                                            "login": "yaira2"
                                        },
                                        "title": "Bug: Properties window opens behind main app window",
                                        "url": "https://github.com/files-community/Files/issues/9926",
                                        "state": "CLOSED",
                                        "number": 9926,
                                        "__typename": "Issue"
                                    }
                                }
                            ]
                        }
                    },
                    {
                        "author": {
                            "login": "jaehj122"
                        },
                        "title": "Update FilePropertiesHelpers.cs",
                        "url": "https://github.com/files-community/Files/pull/10898",
                        "state": "CLOSED",
                        "number": 10898,
                        "timelineItems": {
                            "nodes": []
                        }
                    },
                    {
                        "author": {
                            "login": "JaiganeshKumaran"
                        },
                        "title": "Feature: Append app name to title",
                        "url": "https://github.com/files-community/Files/pull/10900",
                        "state": "MERGED",
                        "number": 10900,
                        "timelineItems": {
                            "nodes": []
                        }
                    },
                    {
                        "author": {
                            "login": "hez2010"
                        },
                        "title": "Fix: Minor progress leftovers",
                        "url": "https://github.com/files-community/Files/pull/10902",
                        "state": "MERGED",
                        "number": 10902,
                        "timelineItems": {
                            "nodes": []
                        }
                    },
                    {
                        "author": {
                            "login": "hecksmosis"
                        },
                        "title": "Feature: Show size when hovering over recycling bin",
                        "url": "https://github.com/files-community/Files/pull/10904",
                        "state": "MERGED",
                        "number": 10904,
                        "timelineItems": {
                            "nodes": []
                        }
                    },
                    {
                        "author": {
                            "login": "QuaintMako"
                        },
                        "title": "Fix: Fixed crash from #10467",
                        "url": "https://github.com/files-community/Files/pull/10910",
                        "state": "MERGED",
                        "number": 10910,
                        "timelineItems": {
                            "nodes": []
                        }
                    },
                    {
                        "author": {
                            "login": "yaira2"
                        },
                        "title": "Fix: Fixed build pipeline certificate ",
                        "url": "https://github.com/files-community/Files/pull/10912",
                        "state": "MERGED",
                        "number": 10912,
                        "timelineItems": {
                            "nodes": []
                        }
                    },
                    {
                        "author": {
                            "login": "hecksmosis"
                        },
                        "title": "Fix: Fixed issue with creating shortcuts in libraries",
                        "url": "https://github.com/files-community/Files/pull/10913",
                        "state": "MERGED",
                        "number": 10913,
                        "timelineItems": {
                            "nodes": []
                        }
                    },
                    {
                        "author": {
                            "login": "ferrariofilippo"
                        },
                        "title": "Feature: Added progress bar to properties to indicate when the size is being calculated ",
                        "url": "https://github.com/files-community/Files/pull/10915",
                        "state": "MERGED",
                        "number": 10915,
                        "timelineItems": {
                            "nodes": []
                        }
                    },
                    {
                        "author": {
                            "login": "ferrariofilippo"
                        },
                        "title": "Feature: Added progress indicator when loading tabs",
                        "url": "https://github.com/files-community/Files/pull/10916",
                        "state": "MERGED",
                        "number": 10916,
                        "timelineItems": {
                            "nodes": []
                        }
                    },
                    {
                        "author": {
                            "login": "dependabot"
                        },
                        "title": "Build(deps): Bump WinUIEx from 2.0.0 to 2.1.0",
                        "url": "https://github.com/files-community/Files/pull/10919",
                        "state": "MERGED",
                        "number": 10919,
                        "timelineItems": {
                            "nodes": []
                        }
                    },
                    {
                        "author": {
                            "login": "yaira2"
                        },
                        "title": "Fix: Fixed issue where sidebar overlay was transparent",
                        "url": "https://github.com/files-community/Files/pull/10920",
                        "state": "MERGED",
                        "number": 10920,
                        "timelineItems": {
                            "nodes": []
                        }
                    },
                    {
                        "author": {
                            "login": "Hark64"
                        },
                        "title": "Feature: Added option to pin recycle bin to the start menu",
                        "url": "https://github.com/files-community/Files/pull/10921",
                        "state": "MERGED",
                        "number": 10921,
                        "timelineItems": {
                            "nodes": [
                                {
                                    "source": {
                                        "author": {
                                            "login": "Hark64"
                                        },
                                        "title": "Fix: Don't show Pin/Unpin for items in recycle bin",
                                        "url": "https://github.com/files-community/Files/pull/10945",
                                        "state": "MERGED",
                                        "number": 10945,
                                        "__typename": "PullRequest"
                                    }
                                }
                            ]
                        }
                    },
                    {
                        "author": {
                            "login": "jiejasonliu"
                        },
                        "title": "Fix: Fixed issue with dragging files to extract from archive",
                        "url": "https://github.com/files-community/Files/pull/10925",
                        "state": "MERGED",
                        "number": 10925,
                        "timelineItems": {
                            "nodes": [
                                {
                                    "source": {
                                        "author": {
                                            "login": "gave92"
                                        },
                                        "title": "Code quality: Simplify handling of dropped files",
                                        "url": "https://github.com/files-community/Files/pull/10950",
                                        "state": "MERGED",
                                        "number": 10950,
                                        "__typename": "PullRequest"
                                    }
                                }
                            ]
                        }
                    },
                    {
                        "author": {
                            "login": "yaira2"
                        },
                        "title": "Feature: Improved animations on the home page",
                        "url": "https://github.com/files-community/Files/pull/10927",
                        "state": "MERGED",
                        "number": 10927,
                        "timelineItems": {
                            "nodes": []
                        }
                    },
                    {
                        "author": {
                            "login": "yaira2"
                        },
                        "title": "Feature: Moved dual pane options to the preferences settings page",
                        "url": "https://github.com/files-community/Files/pull/10928",
                        "state": "MERGED",
                        "number": 10928,
                        "timelineItems": {
                            "nodes": []
                        }
                    },
                    {
                        "author": {
                            "login": "yaira2"
                        },
                        "title": "Feature: Moved widget settings to preferences",
                        "url": "https://github.com/files-community/Files/pull/10931",
                        "state": "MERGED",
                        "number": 10931,
                        "timelineItems": {
                            "nodes": []
                        }
                    },
                    {
                        "author": {
                            "login": "yaira2"
                        },
                        "title": "Feature: Expand the background colors section by default",
                        "url": "https://github.com/files-community/Files/pull/10932",
                        "state": "MERGED",
                        "number": 10932,
                        "timelineItems": {
                            "nodes": []
                        }
                    },
                    {
                        "author": {
                            "login": "yaira2"
                        },
                        "title": "Feature: Moved sidebar settings to preferences ",
                        "url": "https://github.com/files-community/Files/pull/10933",
                        "state": "MERGED",
                        "number": 10933,
                        "timelineItems": {
                            "nodes": []
                        }
                    },
                    {
                        "author": {
                            "login": "yaira2"
                        },
                        "title": "Feature: Improved loading animation in the details layout",
                        "url": "https://github.com/files-community/Files/pull/10934",
                        "state": "MERGED",
                        "number": 10934,
                        "timelineItems": {
                            "nodes": []
                        }
                    },
                    {
                        "author": {
                            "login": "yaira2"
                        },
                        "title": "Feature: Switched to StackPanel in the Details Layout template",
                        "url": "https://github.com/files-community/Files/pull/10936",
                        "state": "MERGED",
                        "number": 10936,
                        "timelineItems": {
                            "nodes": [
                                {
                                    "source": {
                                        "author": {
                                            "login": "jiejasonliu"
                                        },
                                        "title": "Fix: Resolve issue with column resizing",
                                        "url": "https://github.com/files-community/Files/pull/10952",
                                        "state": "MERGED",
                                        "number": 10952,
                                        "__typename": "PullRequest"
                                    }
                                }
                            ]
                        }
                    },
                    {
                        "author": {
                            "login": "yaira2"
                        },
                        "title": "Fix: Fixed performance issue with resizing columns in the details layout",
                        "url": "https://github.com/files-community/Files/pull/10943",
                        "state": "CLOSED",
                        "number": 10943,
                        "timelineItems": {
                            "nodes": []
                        }
                    },
                    {
                        "author": {
                            "login": "Hark64"
                        },
                        "title": "Fix: Don't show Pin/Unpin for items in recycle bin",
                        "url": "https://github.com/files-community/Files/pull/10945",
                        "state": "MERGED",
                        "number": 10945,
                        "timelineItems": {
                            "nodes": [
                                {
                                    "source": {
                                        "author": {
                                            "login": "Hark64"
                                        },
                                        "title": "Feature: Added option to pin recycle bin to the start menu",
                                        "url": "https://github.com/files-community/Files/pull/10921",
                                        "state": "MERGED",
                                        "number": 10921,
                                        "__typename": "PullRequest"
                                    }
                                }
                            ]
                        }
                    },
                    {
                        "author": {
                            "login": "QuaintMako"
                        },
                        "title": "Feature: Added keyboard accelerator to open folder in dual pane",
                        "url": "https://github.com/files-community/Files/pull/10946",
                        "state": "CLOSED",
                        "number": 10946,
                        "timelineItems": {
                            "nodes": []
                        }
                    },
                    {
                        "author": {
                            "login": "ferrariofilippo"
                        },
                        "title": "Code quality: Refactoring and improvements ",
                        "url": "https://github.com/files-community/Files/pull/10948",
                        "state": "MERGED",
                        "number": 10948,
                        "timelineItems": {
                            "nodes": []
                        }
                    },
                    {
                        "author": {
                            "login": "gave92"
                        },
                        "title": "Fix: Fixed issues with drag & drop from Files to other apps",
                        "url": "https://github.com/files-community/Files/pull/10949",
                        "state": "MERGED",
                        "number": 10949,
                        "timelineItems": {
                            "nodes": [
                                {
                                    "source": {
                                        "author": {
                                            "login": "verdaderoken"
                                        },
                                        "title": "Bug: Unable to drag and drop",
                                        "url": "https://github.com/files-community/Files/issues/10961",
                                        "state": "CLOSED",
                                        "number": 10961,
                                        "__typename": "Issue"
                                    }
                                },
                                {
                                    "source": {
                                        "author": {
                                            "login": "yaira2"
                                        },
                                        "title": "Revert \"Fix: Fixed issues with drag & drop from Files to other apps\"",
                                        "url": "https://github.com/files-community/Files/pull/10975",
                                        "state": "MERGED",
                                        "number": 10975,
                                        "__typename": "PullRequest"
                                    }
                                },
                                {
                                    "source": {
                                        "author": {
                                            "login": "hishitetsu"
                                        },
                                        "title": "Fix: Fixed drag and drop",
                                        "url": "https://github.com/files-community/Files/pull/11728",
                                        "state": "MERGED",
                                        "number": 11728,
                                        "__typename": "PullRequest"
                                    }
                                }
                            ]
                        }
                    },
                    {
                        "author": {
                            "login": "gave92"
                        },
                        "title": "Code quality: Simplify handling of dropped files",
                        "url": "https://github.com/files-community/Files/pull/10950",
                        "state": "MERGED",
                        "number": 10950,
                        "timelineItems": {
                            "nodes": []
                        }
                    },
                    {
                        "author": {
                            "login": "gave92"
                        },
                        "title": "Fix: Fixed crash that would occur when opening multiple items",
                        "url": "https://github.com/files-community/Files/pull/10951",
                        "state": "MERGED",
                        "number": 10951,
                        "timelineItems": {
                            "nodes": []
                        }
                    },
                    {
                        "author": {
                            "login": "jiejasonliu"
                        },
                        "title": "Fix: Resolve issue with column resizing",
                        "url": "https://github.com/files-community/Files/pull/10952",
                        "state": "MERGED",
                        "number": 10952,
                        "timelineItems": {
                            "nodes": []
                        }
                    },
                    {
                        "author": {
                            "login": "yaira2"
                        },
                        "title": "Pipeline: Always use release icon for store build",
                        "url": "https://github.com/files-community/Files/pull/10954",
                        "state": "MERGED",
                        "number": 10954,
                        "timelineItems": {
                            "nodes": []
                        }
                    },
                    {
                        "author": {
                            "login": "yaira2"
                        },
                        "title": "Fix: Fixed icons",
                        "url": "https://github.com/files-community/Files/pull/10956",
                        "state": "MERGED",
                        "number": 10956,
                        "timelineItems": {
                            "nodes": []
                        }
                    },
                    {
                        "author": {
                            "login": "yaira2"
                        },
                        "title": "Feature: Reorganized advanced options for better access",
                        "url": "https://github.com/files-community/Files/pull/10958",
                        "state": "MERGED",
                        "number": 10958,
                        "timelineItems": {
                            "nodes": []
                        }
                    },
                    {
                        "author": {
                            "login": "yaira2"
                        },
                        "title": "Feature: Rearranged folder options in the settings dialog",
                        "url": "https://github.com/files-community/Files/pull/10962",
                        "state": "MERGED",
                        "number": 10962,
                        "timelineItems": {
                            "nodes": []
                        }
                    },
                    {
                        "author": {
                            "login": "yaira2"
                        },
                        "title": "Fix: Fixed header in folder options",
                        "url": "https://github.com/files-community/Files/pull/10963",
                        "state": "MERGED",
                        "number": 10963,
                        "timelineItems": {
                            "nodes": []
                        }
                    },
                    {
                        "author": {
                            "login": "yaira2"
                        },
                        "title": "Code Quality: Minor optimizations to XAML",
                        "url": "https://github.com/files-community/Files/pull/10964",
                        "state": "MERGED",
                        "number": 10964,
                        "timelineItems": {
                            "nodes": []
                        }
                    },
                    {
                        "author": {
                            "login": "QuaintMako"
                        },
                        "title": "Feature: Added shortcut for opening folders in secondary pane",
                        "url": "https://github.com/files-community/Files/pull/10966",
                        "state": "MERGED",
                        "number": 10966,
                        "timelineItems": {
                            "nodes": []
                        }
                    }
                ]
            }
        }
    }
}