{
    "data": {
        "repository": {
            "pullRequests": {
                "pageInfo": {
                    "endCursor": "Y3Vyc29yOnYyOpHOL099xQ=="
                },
                "nodes": [
                    {
                        "author": {
                            "login": "dependabot"
                        },
                        "title": "Bump Microsoft.Data.Sqlite.Core from 5.0.12 to 6.0.0",
                        "url": "https://github.com/files-community/Files/pull/6822",
                        "state": "MERGED",
                        "number": 6822,
                        "timelineItems": {
                            "nodes": []
                        }
                    },
                    {
                        "author": {
                            "login": "Athey81"
                        },
                        "title": "Update French Translations",
                        "url": "https://github.com/files-community/Files/pull/6832",
                        "state": "MERGED",
                        "number": 6832,
                        "timelineItems": {
                            "nodes": []
                        }
                    },
                    {
                        "author": {
                            "login": "SudaCat"
                        },
                        "title": "Update Files.zh-Hans.xlf",
                        "url": "https://github.com/files-community/Files/pull/6835",
                        "state": "CLOSED",
                        "number": 6835,
                        "timelineItems": {
                            "nodes": []
                        }
                    },
                    {
                        "author": {
                            "login": "streger"
                        },
                        "title": "Updated Croatian translations",
                        "url": "https://github.com/files-community/Files/pull/6840",
                        "state": "MERGED",
                        "number": 6840,
                        "timelineItems": {
                            "nodes": []
                        }
                    },
                    {
                        "author": {
                            "login": "Wtcheesecakes"
                        },
                        "title": "Update EN-GB translation",
                        "url": "https://github.com/files-community/Files/pull/6841",
                        "state": "MERGED",
                        "number": 6841,
                        "timelineItems": {
                            "nodes": []
                        }
                    },
                    {
                        "author": {
                            "login": "SudaCat"
                        },
                        "title": "Update Files.zh-Hans.xlf",
                        "url": "https://github.com/files-community/Files/pull/6842",
                        "state": "MERGED",
                        "number": 6842,
                        "timelineItems": {
                            "nodes": []
                        }
                    },
                    {
                        "author": {
                            "login": "esibruti"
                        },
                        "title": "pt-PT update",
                        "url": "https://github.com/files-community/Files/pull/6843",
                        "state": "MERGED",
                        "number": 6843,
                        "timelineItems": {
                            "nodes": []
                        }
                    },
                    {
                        "author": {
                            "login": "yaira2"
                        },
                        "title": "Added step to copy package files to azure",
                        "url": "https://github.com/files-community/Files/pull/6846",
                        "state": "MERGED",
                        "number": 6846,
                        "timelineItems": {
                            "nodes": []
                        }
                    },
                    {
                        "author": {
                            "login": "TheOnlyTails"
                        },
                        "title": "Minor issue form patches",
                        "url": "https://github.com/files-community/Files/pull/6847",
                        "state": "MERGED",
                        "number": 6847,
                        "timelineItems": {
                            "nodes": []
                        }
                    },
                    {
                        "author": {
                            "login": "marciozomb13"
                        },
                        "title": "Updated PT-BR",
                        "url": "https://github.com/files-community/Files/pull/6848",
                        "state": "MERGED",
                        "number": 6848,
                        "timelineItems": {
                            "nodes": []
                        }
                    },
                    {
                        "author": {
                            "login": "maikkundev"
                        },
                        "title": "Updated Greek translation",
                        "url": "https://github.com/files-community/Files/pull/6850",
                        "state": "MERGED",
                        "number": 6850,
                        "timelineItems": {
                            "nodes": []
                        }
                    },
                    {
                        "author": {
                            "login": "d2dyno1"
                        },
                        "title": "Increased Native Read > 4096 limit",
                        "url": "https://github.com/files-community/Files/pull/6852",
                        "state": "MERGED",
                        "number": 6852,
                        "timelineItems": {
                            "nodes": []
                        }
                    },
                    {
                        "author": {
                            "login": "yaira2"
                        },
                        "title": "Updated the nav view style on the setting dialog",
                        "url": "https://github.com/files-community/Files/pull/6858",
                        "state": "MERGED",
                        "number": 6858,
                        "timelineItems": {
                            "nodes": [
                                {
                                    "source": {
                                        "author": {
                                            "login": "SudaCat"
                                        },
                                        "title": "Layout UI\uff1aClose icon overlap About button on setting page",
                                        "url": "https://github.com/files-community/Files/issues/6859",
                                        "state": "CLOSED",
                                        "number": 6859,
                                        "__typename": "Issue"
                                    }
                                },
                                {
                                    "source": {
                                        "author": {
                                            "login": "shirooo39"
                                        },
                                        "title": "Overlapping buttons in the Settings window",
                                        "url": "https://github.com/files-community/Files/issues/6906",
                                        "state": "CLOSED",
                                        "number": 6906,
                                        "__typename": "Issue"
                                    }
                                }
                            ]
                        }
                    },
                    {
                        "author": {
                            "login": "open3-kagi"
                        },
                        "title": "Update Chinese Traditional Translations",
                        "url": "https://github.com/files-community/Files/pull/6878",
                        "state": "MERGED",
                        "number": 6878,
                        "timelineItems": {
                            "nodes": []
                        }
                    },
                    {
                        "author": {
                            "login": "yaira2"
                        },
                        "title": "Update README.md build status",
                        "url": "https://github.com/files-community/Files/pull/6882",
                        "state": "MERGED",
                        "number": 6882,
                        "timelineItems": {
                            "nodes": []
                        }
                    },
                    {
                        "author": {
                            "login": "SHADOW-XIII"
                        },
                        "title": "Fix for #6897 - grouping by date might include files from previous week ",
                        "url": "https://github.com/files-community/Files/pull/6898",
                        "state": "MERGED",
                        "number": 6898,
                        "timelineItems": {
                            "nodes": []
                        }
                    },
                    {
                        "author": {
                            "login": "gus33000"
                        },
                        "title": "Native ARM64 Support",
                        "url": "https://github.com/files-community/Files/pull/6901",
                        "state": "MERGED",
                        "number": 6901,
                        "timelineItems": {
                            "nodes": [
                                {
                                    "source": {
                                        "author": {
                                            "login": "kn0xit"
                                        },
                                        "title": ".NET error",
                                        "url": "https://github.com/files-community/Files/issues/3365",
                                        "state": "CLOSED",
                                        "number": 3365,
                                        "__typename": "Issue"
                                    }
                                },
                                {
                                    "source": {
                                        "author": {
                                            "login": "gus33000"
                                        },
                                        "title": "Address DeviceWatcher not getting properties for device events correctly",
                                        "url": "https://github.com/files-community/Files/pull/7220",
                                        "state": "MERGED",
                                        "number": 7220,
                                        "__typename": "PullRequest"
                                    }
                                }
                            ]
                        }
                    },
                    {
                        "author": {
                            "login": "SosPosos"
                        },
                        "title": "ignore",
                        "url": "https://github.com/files-community/Files/pull/6911",
                        "state": "CLOSED",
                        "number": 6911,
                        "timelineItems": {
                            "nodes": []
                        }
                    },
                    {
                        "author": {
                            "login": "Coding-Young"
                        },
                        "title": "Update Korean Translation",
                        "url": "https://github.com/files-community/Files/pull/6916",
                        "state": "MERGED",
                        "number": 6916,
                        "timelineItems": {
                            "nodes": []
                        }
                    },
                    {
                        "author": {
                            "login": "yaira2"
                        },
                        "title": "Fixed an issue where the feature request label wasn't added when creating an issue",
                        "url": "https://github.com/files-community/Files/pull/6927",
                        "state": "MERGED",
                        "number": 6927,
                        "timelineItems": {
                            "nodes": []
                        }
                    },
                    {
                        "author": {
                            "login": "yaira2"
                        },
                        "title": "Improved settings dialog",
                        "url": "https://github.com/files-community/Files/pull/6930",
                        "state": "MERGED",
                        "number": 6930,
                        "timelineItems": {
                            "nodes": []
                        }
                    },
                    {
                        "author": {
                            "login": "gus33000"
                        },
                        "title": "Fix build pipeline for x86 and x64 msix packages",
                        "url": "https://github.com/files-community/Files/pull/6931",
                        "state": "MERGED",
                        "number": 6931,
                        "timelineItems": {
                            "nodes": []
                        }
                    },
                    {
                        "author": {
                            "login": "yaira2"
                        },
                        "title": "Changed branch name for preview program",
                        "url": "https://github.com/files-community/Files/pull/6934",
                        "state": "MERGED",
                        "number": 6934,
                        "timelineItems": {
                            "nodes": []
                        }
                    },
                    {
                        "author": {
                            "login": "yaira2"
                        },
                        "title": "Added uninstall action capability to package manifest",
                        "url": "https://github.com/files-community/Files/pull/6935",
                        "state": "CLOSED",
                        "number": 6935,
                        "timelineItems": {
                            "nodes": [
                                {
                                    "source": {
                                        "author": {
                                            "login": "virus3223"
                                        },
                                        "title": "problem uninstalling",
                                        "url": "https://github.com/files-community/Files/issues/6964",
                                        "state": "CLOSED",
                                        "number": 6964,
                                        "__typename": "Issue"
                                    }
                                }
                            ]
                        }
                    },
                    {
                        "author": {
                            "login": "dependabot"
                        },
                        "title": "Bump FluentFTP from 35.0.5 to 35.1.0",
                        "url": "https://github.com/files-community/Files/pull/6960",
                        "state": "MERGED",
                        "number": 6960,
                        "timelineItems": {
                            "nodes": []
                        }
                    },
                    {
                        "author": {
                            "login": "skreiter"
                        },
                        "title": "Changed function AddShellItemsToMenu()",
                        "url": "https://github.com/files-community/Files/pull/6975",
                        "state": "CLOSED",
                        "number": 6975,
                        "timelineItems": {
                            "nodes": []
                        }
                    },
                    {
                        "author": {
                            "login": "d2dyno1"
                        },
                        "title": "Fixed an issue where restoring items from recycle bin would remove the file extension",
                        "url": "https://github.com/files-community/Files/pull/6985",
                        "state": "MERGED",
                        "number": 6985,
                        "timelineItems": {
                            "nodes": [
                                {
                                    "source": {
                                        "author": {
                                            "login": "infuriatedcodex"
                                        },
                                        "title": "Restore from Recycle Bin loses filetype",
                                        "url": "https://github.com/files-community/Files/issues/6709",
                                        "state": "CLOSED",
                                        "number": 6709,
                                        "__typename": "Issue"
                                    }
                                }
                            ]
                        }
                    },
                    {
                        "author": {
                            "login": "dependabot"
                        },
                        "title": "Bump Microsoft.Toolkit.Uwp.UI.Controls from 7.1.1 to 7.1.2",
                        "url": "https://github.com/files-community/Files/pull/6986",
                        "state": "MERGED",
                        "number": 6986,
                        "timelineItems": {
                            "nodes": []
                        }
                    },
                    {
                        "author": {
                            "login": "dependabot"
                        },
                        "title": "Bump Microsoft.Toolkit.Uwp from 7.1.1 to 7.1.2",
                        "url": "https://github.com/files-community/Files/pull/6987",
                        "state": "MERGED",
                        "number": 6987,
                        "timelineItems": {
                            "nodes": []
                        }
                    },
                    {
                        "author": {
                            "login": "dependabot"
                        },
                        "title": "Bump Microsoft.Toolkit.Uwp.UI.Animations from 7.1.1 to 7.1.2",
                        "url": "https://github.com/files-community/Files/pull/6988",
                        "state": "MERGED",
                        "number": 6988,
                        "timelineItems": {
                            "nodes": []
                        }
                    },
                    {
                        "author": {
                            "login": "dependabot"
                        },
                        "title": "Bump Microsoft.Toolkit.Uwp.UI.Behaviors from 7.1.1 to 7.1.2",
                        "url": "https://github.com/files-community/Files/pull/6989",
                        "state": "MERGED",
                        "number": 6989,
                        "timelineItems": {
                            "nodes": []
                        }
                    },
                    {
                        "author": {
                            "login": "dependabot"
                        },
                        "title": "Bump Microsoft.Toolkit.Uwp.UI from 7.1.1 to 7.1.2",
                        "url": "https://github.com/files-community/Files/pull/6990",
                        "state": "MERGED",
                        "number": 6990,
                        "timelineItems": {
                            "nodes": []
                        }
                    },
                    {
                        "author": {
                            "login": "dependabot"
                        },
                        "title": "Bump Microsoft.Toolkit.Uwp.Notifications from 7.1.1 to 7.1.2",
                        "url": "https://github.com/files-community/Files/pull/6991",
                        "state": "MERGED",
                        "number": 6991,
                        "timelineItems": {
                            "nodes": []
                        }
                    },
                    {
                        "author": {
                            "login": "dependabot"
                        },
                        "title": "Bump Microsoft.Toolkit.Mvvm from 7.1.1 to 7.1.2",
                        "url": "https://github.com/files-community/Files/pull/6992",
                        "state": "MERGED",
                        "number": 6992,
                        "timelineItems": {
                            "nodes": []
                        }
                    },
                    {
                        "author": {
                            "login": "yaira2"
                        },
                        "title": "Rolled back to WinUI 2.7",
                        "url": "https://github.com/files-community/Files/pull/6994",
                        "state": "MERGED",
                        "number": 6994,
                        "timelineItems": {
                            "nodes": []
                        }
                    },
                    {
                        "author": {
                            "login": "gave92"
                        },
                        "title": "Do not show customize properties tab for Libraries, fix Library creation",
                        "url": "https://github.com/files-community/Files/pull/7004",
                        "state": "MERGED",
                        "number": 7004,
                        "timelineItems": {
                            "nodes": [
                                {
                                    "source": {
                                        "author": {
                                            "login": "currall"
                                        },
                                        "title": "Customization tab in library properties crashes files",
                                        "url": "https://github.com/files-community/Files/issues/6909",
                                        "state": "CLOSED",
                                        "number": 6909,
                                        "__typename": "Issue"
                                    }
                                },
                                {
                                    "source": {
                                        "author": {
                                            "login": "Josh65-2201"
                                        },
                                        "title": "Unable to create libraries",
                                        "url": "https://github.com/files-community/Files/issues/6973",
                                        "state": "CLOSED",
                                        "number": 6973,
                                        "__typename": "Issue"
                                    }
                                },
                                {
                                    "source": {
                                        "author": {
                                            "login": "IrealiTY"
                                        },
                                        "title": "Trying to pin a Network Device to Favorites crashes the app",
                                        "url": "https://github.com/files-community/Files/issues/7003",
                                        "state": "CLOSED",
                                        "number": 7003,
                                        "__typename": "Issue"
                                    }
                                }
                            ]
                        }
                    },
                    {
                        "author": {
                            "login": "gave92"
                        },
                        "title": "Added support for symbolic file links",
                        "url": "https://github.com/files-community/Files/pull/7006",
                        "state": "MERGED",
                        "number": 7006,
                        "timelineItems": {
                            "nodes": [
                                {
                                    "source": {
                                        "author": {
                                            "login": "pr4dy"
                                        },
                                        "title": "Proper Symlink Support",
                                        "url": "https://github.com/files-community/Files/issues/6995",
                                        "state": "CLOSED",
                                        "number": 6995,
                                        "__typename": "Issue"
                                    }
                                },
                                {
                                    "source": {
                                        "author": {
                                            "login": "gave92"
                                        },
                                        "title": "Fix properties window not closing on OK",
                                        "url": "https://github.com/files-community/Files/pull/7201",
                                        "state": "MERGED",
                                        "number": 7201,
                                        "__typename": "PullRequest"
                                    }
                                },
                                {
                                    "source": {
                                        "author": {
                                            "login": "Antyos"
                                        },
                                        "title": "Symlink file extensions don't display",
                                        "url": "https://github.com/files-community/Files/issues/8040",
                                        "state": "CLOSED",
                                        "number": 8040,
                                        "__typename": "Issue"
                                    }
                                }
                            ]
                        }
                    },
                    {
                        "author": {
                            "login": "gave92"
                        },
                        "title": "Fix string for de, hu, nl causing crash when opening conflicts dialog",
                        "url": "https://github.com/files-community/Files/pull/7007",
                        "state": "MERGED",
                        "number": 7007,
                        "timelineItems": {
                            "nodes": []
                        }
                    },
                    {
                        "author": {
                            "login": "winston-de"
                        },
                        "title": "Remove remaining code for extensions",
                        "url": "https://github.com/files-community/Files/pull/7008",
                        "state": "MERGED",
                        "number": 7008,
                        "timelineItems": {
                            "nodes": []
                        }
                    },
                    {
                        "author": {
                            "login": "gave92"
                        },
                        "title": "Fix file extension being lost when renaming, fixes for search",
                        "url": "https://github.com/files-community/Files/pull/7015",
                        "state": "MERGED",
                        "number": 7015,
                        "timelineItems": {
                            "nodes": [
                                {
                                    "source": {
                                        "author": {
                                            "login": "HJH201314"
                                        },
                                        "title": "When I rename a shortcut of a folder, it is no longer a shortcut file",
                                        "url": "https://github.com/files-community/Files/issues/7012",
                                        "state": "CLOSED",
                                        "number": 7012,
                                        "__typename": "Issue"
                                    }
                                },
                                {
                                    "source": {
                                        "author": {
                                            "login": "Josh65-2201"
                                        },
                                        "title": "Renaming issue on search results",
                                        "url": "https://github.com/files-community/Files/issues/5823",
                                        "state": "CLOSED",
                                        "number": 5823,
                                        "__typename": "Issue"
                                    }
                                },
                                {
                                    "source": {
                                        "author": {
                                            "login": "Magic-0"
                                        },
                                        "title": "Search filter doesn't find all files that are searched off",
                                        "url": "https://github.com/files-community/Files/issues/7081",
                                        "state": "CLOSED",
                                        "number": 7081,
                                        "__typename": "Issue"
                                    }
                                }
                            ]
                        }
                    },
                    {
                        "author": {
                            "login": "gave92"
                        },
                        "title": "Fixes an issue causing file tags list to be serialized wrong",
                        "url": "https://github.com/files-community/Files/pull/7017",
                        "state": "MERGED",
                        "number": 7017,
                        "timelineItems": {
                            "nodes": [
                                {
                                    "source": {
                                        "author": {
                                            "login": "Doda94"
                                        },
                                        "title": "Files crash while opening any folder",
                                        "url": "https://github.com/files-community/Files/issues/6605",
                                        "state": "CLOSED",
                                        "number": 6605,
                                        "__typename": "Issue"
                                    }
                                },
                                {
                                    "source": {
                                        "author": {
                                            "login": "BanzOnYt"
                                        },
                                        "title": "crash thing",
                                        "url": "https://github.com/files-community/Files/issues/7033",
                                        "state": "CLOSED",
                                        "number": 7033,
                                        "__typename": "Issue"
                                    }
                                },
                                {
                                    "source": {
                                        "author": {
                                            "login": "dimankiev"
                                        },
                                        "title": "Crash on opening terminal from context actions",
                                        "url": "https://github.com/files-community/Files/issues/7242",
                                        "state": "CLOSED",
                                        "number": 7242,
                                        "__typename": "Issue"
                                    }
                                }
                            ]
                        }
                    },
                    {
                        "author": {
                            "login": "dependabot"
                        },
                        "title": "Bump FluentFTP from 35.1.0 to 35.2.0",
                        "url": "https://github.com/files-community/Files/pull/7019",
                        "state": "MERGED",
                        "number": 7019,
                        "timelineItems": {
                            "nodes": []
                        }
                    },
                    {
                        "author": {
                            "login": "timwenger"
                        },
                        "title": "Increased Icon Size for Folder Properties Customization",
                        "url": "https://github.com/files-community/Files/pull/7021",
                        "state": "MERGED",
                        "number": 7021,
                        "timelineItems": {
                            "nodes": []
                        }
                    },
                    {
                        "author": {
                            "login": "petrjancar"
                        },
                        "title": "Made active ongoing task appear on the top in Ongoing tasks flyout",
                        "url": "https://github.com/files-community/Files/pull/7022",
                        "state": "MERGED",
                        "number": 7022,
                        "timelineItems": {
                            "nodes": [
                                {
                                    "source": {
                                        "author": {
                                            "login": "pratyakshm"
                                        },
                                        "title": "[Feature Request] Make active ongoing task appear on the top in Ongoing tasks flyout",
                                        "url": "https://github.com/files-community/Files/issues/6367",
                                        "state": "CLOSED",
                                        "number": 6367,
                                        "__typename": "Issue"
                                    }
                                }
                            ]
                        }
                    },
                    {
                        "author": {
                            "login": "petrjancar"
                        },
                        "title": "Added clear all button",
                        "url": "https://github.com/files-community/Files/pull/7025",
                        "state": "MERGED",
                        "number": 7025,
                        "timelineItems": {
                            "nodes": [
                                {
                                    "source": {
                                        "author": {
                                            "login": "pratyakshm"
                                        },
                                        "title": "[Feature Request] Add clear all button in the Ongoing tasks flyout",
                                        "url": "https://github.com/files-community/Files/issues/6365",
                                        "state": "CLOSED",
                                        "number": 6365,
                                        "__typename": "Issue"
                                    }
                                }
                            ]
                        }
                    },
                    {
                        "author": {
                            "login": "R3voA3"
                        },
                        "title": "Update Files.de-DE.xlf",
                        "url": "https://github.com/files-community/Files/pull/7062",
                        "state": "MERGED",
                        "number": 7062,
                        "timelineItems": {
                            "nodes": []
                        }
                    },
                    {
                        "author": {
                            "login": "gave92"
                        },
                        "title": "Catch GetThumbnailAsync() exceptions",
                        "url": "https://github.com/files-community/Files/pull/7069",
                        "state": "MERGED",
                        "number": 7069,
                        "timelineItems": {
                            "nodes": [
                                {
                                    "source": {
                                        "author": {
                                            "login": "kleytonroan"
                                        },
                                        "title": "Crash when Open",
                                        "url": "https://github.com/files-community/Files/issues/7026",
                                        "state": "CLOSED",
                                        "number": 7026,
                                        "__typename": "Issue"
                                    }
                                }
                            ]
                        }
                    },
                    {
                        "author": {
                            "login": "Raithlin"
                        },
                        "title": "Inconsistent naming of duplicate file/folder",
                        "url": "https://github.com/files-community/Files/pull/7071",
                        "state": "CLOSED",
                        "number": 7071,
                        "timelineItems": {
                            "nodes": []
                        }
                    },
                    {
                        "author": {
                            "login": "gave92"
                        },
                        "title": "Import/export all settings into a zipped archive",
                        "url": "https://github.com/files-community/Files/pull/7078",
                        "state": "MERGED",
                        "number": 7078,
                        "timelineItems": {
                            "nodes": [
                                {
                                    "source": {
                                        "author": {
                                            "login": "meziantou"
                                        },
                                        "title": "Fix CS1998 warnings (async method lacks 'await')",
                                        "url": "https://github.com/files-community/Files/pull/7114",
                                        "state": "MERGED",
                                        "number": 7114,
                                        "__typename": "PullRequest"
                                    }
                                },
                                {
                                    "source": {
                                        "author": {
                                            "login": "Josh65-2201"
                                        },
                                        "title": "Save favorites in the settings json",
                                        "url": "https://github.com/files-community/Files/issues/7032",
                                        "state": "CLOSED",
                                        "number": 7032,
                                        "__typename": "Issue"
                                    }
                                }
                            ]
                        }
                    },
                    {
                        "author": {
                            "login": "meziantou"
                        },
                        "title": "Remove always true condition",
                        "url": "https://github.com/files-community/Files/pull/7090",
                        "state": "MERGED",
                        "number": 7090,
                        "timelineItems": {
                            "nodes": []
                        }
                    },
                    {
                        "author": {
                            "login": "meziantou"
                        },
                        "title": "Optimize some LINQ calls",
                        "url": "https://github.com/files-community/Files/pull/7091",
                        "state": "MERGED",
                        "number": 7091,
                        "timelineItems": {
                            "nodes": []
                        }
                    },
                    {
                        "author": {
                            "login": "meziantou"
                        },
                        "title": "Replace culture-sensitive operations with ordinal operations",
                        "url": "https://github.com/files-community/Files/pull/7092",
                        "state": "MERGED",
                        "number": 7092,
                        "timelineItems": {
                            "nodes": []
                        }
                    },
                    {
                        "author": {
                            "login": "meziantou"
                        },
                        "title": "Reuse key.GetValueNames",
                        "url": "https://github.com/files-community/Files/pull/7096",
                        "state": "MERGED",
                        "number": 7096,
                        "timelineItems": {
                            "nodes": []
                        }
                    },
                    {
                        "author": {
                            "login": "meziantou"
                        },
                        "title": "Remove async when not needed",
                        "url": "https://github.com/files-community/Files/pull/7098",
                        "state": "MERGED",
                        "number": 7098,
                        "timelineItems": {
                            "nodes": []
                        }
                    },
                    {
                        "author": {
                            "login": "meziantou"
                        },
                        "title": "Use EventArgs.Empty when applicable",
                        "url": "https://github.com/files-community/Files/pull/7099",
                        "state": "MERGED",
                        "number": 7099,
                        "timelineItems": {
                            "nodes": []
                        }
                    },
                    {
                        "author": {
                            "login": "meziantou"
                        },
                        "title": "Remove empty statements",
                        "url": "https://github.com/files-community/Files/pull/7100",
                        "state": "MERGED",
                        "number": 7100,
                        "timelineItems": {
                            "nodes": []
                        }
                    },
                    {
                        "author": {
                            "login": "meziantou"
                        },
                        "title": "Use an array instead of a list",
                        "url": "https://github.com/files-community/Files/pull/7101",
                        "state": "MERGED",
                        "number": 7101,
                        "timelineItems": {
                            "nodes": []
                        }
                    },
                    {
                        "author": {
                            "login": "meziantou"
                        },
                        "title": "Remove useless string.ToString()",
                        "url": "https://github.com/files-community/Files/pull/7102",
                        "state": "MERGED",
                        "number": 7102,
                        "timelineItems": {
                            "nodes": []
                        }
                    },
                    {
                        "author": {
                            "login": "meziantou"
                        },
                        "title": "Move OrderBy after Where",
                        "url": "https://github.com/files-community/Files/pull/7103",
                        "state": "MERGED",
                        "number": 7103,
                        "timelineItems": {
                            "nodes": []
                        }
                    },
                    {
                        "author": {
                            "login": "winston-de"
                        },
                        "title": "Remove delay of loading sidebar items and other services on startup",
                        "url": "https://github.com/files-community/Files/pull/7104",
                        "state": "MERGED",
                        "number": 7104,
                        "timelineItems": {
                            "nodes": []
                        }
                    },
                    {
                        "author": {
                            "login": "guillaume-nizet"
                        },
                        "title": "Fix #6867: added keyboard shortcut (Ctrl+H) to show/hide hidden files",
                        "url": "https://github.com/files-community/Files/pull/7106",
                        "state": "MERGED",
                        "number": 7106,
                        "timelineItems": {
                            "nodes": [
                                {
                                    "source": {
                                        "author": {
                                            "login": "ferrazpedro"
                                        },
                                        "title": "Add a keyboard shortcut to show hidden files",
                                        "url": "https://github.com/files-community/Files/issues/6867",
                                        "state": "CLOSED",
                                        "number": 6867,
                                        "__typename": "Issue"
                                    }
                                }
                            ]
                        }
                    },
                    {
                        "author": {
                            "login": "meziantou"
                        },
                        "title": "Replace regex with string operations",
                        "url": "https://github.com/files-community/Files/pull/7107",
                        "state": "MERGED",
                        "number": 7107,
                        "timelineItems": {
                            "nodes": []
                        }
                    },
                    {
                        "author": {
                            "login": "meziantou"
                        },
                        "title": "Regex optimizations",
                        "url": "https://github.com/files-community/Files/pull/7108",
                        "state": "MERGED",
                        "number": 7108,
                        "timelineItems": {
                            "nodes": []
                        }
                    },
                    {
                        "author": {
                            "login": "meziantou"
                        },
                        "title": "Use async/await to read from the named pipe",
                        "url": "https://github.com/files-community/Files/pull/7110",
                        "state": "MERGED",
                        "number": 7110,
                        "timelineItems": {
                            "nodes": [
                                {
                                    "source": {
                                        "author": {
                                            "login": "meziantou"
                                        },
                                        "title": "Use ReadAsync in NamedPipeServerStream",
                                        "url": "https://github.com/files-community/Files/pull/7130",
                                        "state": "MERGED",
                                        "number": 7130,
                                        "__typename": "PullRequest"
                                    }
                                },
                                {
                                    "source": {
                                        "author": {
                                            "login": "gave92"
                                        },
                                        "title": "Fix ReadStringFromFile",
                                        "url": "https://github.com/files-community/Files/pull/7200",
                                        "state": "MERGED",
                                        "number": 7200,
                                        "__typename": "PullRequest"
                                    }
                                }
                            ]
                        }
                    },
                    {
                        "author": {
                            "login": "meziantou"
                        },
                        "title": "Optimize LINQ methods",
                        "url": "https://github.com/files-community/Files/pull/7111",
                        "state": "MERGED",
                        "number": 7111,
                        "timelineItems": {
                            "nodes": []
                        }
                    },
                    {
                        "author": {
                            "login": "meziantou"
                        },
                        "title": "Do not release the Semaphore if it was not acquired first",
                        "url": "https://github.com/files-community/Files/pull/7112",
                        "state": "MERGED",
                        "number": 7112,
                        "timelineItems": {
                            "nodes": []
                        }
                    },
                    {
                        "author": {
                            "login": "meziantou"
                        },
                        "title": "Dispose the BlockingCollection in the Dispose method",
                        "url": "https://github.com/files-community/Files/pull/7113",
                        "state": "MERGED",
                        "number": 7113,
                        "timelineItems": {
                            "nodes": []
                        }
                    },
                    {
                        "author": {
                            "login": "meziantou"
                        },
                        "title": "Fix CS1998 warnings (async method lacks 'await')",
                        "url": "https://github.com/files-community/Files/pull/7114",
                        "state": "MERGED",
                        "number": 7114,
                        "timelineItems": {
                            "nodes": []
                        }
                    },
                    {
                        "author": {
                            "login": "meziantou"
                        },
                        "title": "Fix ToByteArrayAsync to read the result of ReadAsync",
                        "url": "https://github.com/files-community/Files/pull/7115",
                        "state": "MERGED",
                        "number": 7115,
                        "timelineItems": {
                            "nodes": []
                        }
                    },
                    {
                        "author": {
                            "login": "meziantou"
                        },
                        "title": "Simplify csproj and remove duplicated Newtonsoft.Json reference",
                        "url": "https://github.com/files-community/Files/pull/7116",
                        "state": "MERGED",
                        "number": 7116,
                        "timelineItems": {
                            "nodes": []
                        }
                    },
                    {
                        "author": {
                            "login": "cinqmilleans"
                        },
                        "title": "Fixed search button on home page",
                        "url": "https://github.com/files-community/Files/pull/7118",
                        "state": "MERGED",
                        "number": 7118,
                        "timelineItems": {
                            "nodes": []
                        }
                    },
                    {
                        "author": {
                            "login": "d2dyno1"
                        },
                        "title": "Fixed invalid items from being added to bundles",
                        "url": "https://github.com/files-community/Files/pull/7119",
                        "state": "MERGED",
                        "number": 7119,
                        "timelineItems": {
                            "nodes": [
                                {
                                    "source": {
                                        "author": {
                                            "login": "lixinyang123"
                                        },
                                        "title": "Cannot open a directory which name include \".\" from Bundles Widget",
                                        "url": "https://github.com/files-community/Files/issues/6974",
                                        "state": "CLOSED",
                                        "number": 6974,
                                        "__typename": "Issue"
                                    }
                                }
                            ]
                        }
                    },
                    {
                        "author": {
                            "login": "gave92"
                        },
                        "title": "Updates lang resources",
                        "url": "https://github.com/files-community/Files/pull/7122",
                        "state": "MERGED",
                        "number": 7122,
                        "timelineItems": {
                            "nodes": []
                        }
                    },
                    {
                        "author": {
                            "login": "gave92"
                        },
                        "title": "Avoid reading the whole file into memory when adding a file to a .zip archive",
                        "url": "https://github.com/files-community/Files/pull/7123",
                        "state": "MERGED",
                        "number": 7123,
                        "timelineItems": {
                            "nodes": []
                        }
                    },
                    {
                        "author": {
                            "login": "Wtcheesecakes"
                        },
                        "title": "Update Files.en-GB.xlf",
                        "url": "https://github.com/files-community/Files/pull/7125",
                        "state": "MERGED",
                        "number": 7125,
                        "timelineItems": {
                            "nodes": []
                        }
                    },
                    {
                        "author": {
                            "login": "Raithlin"
                        },
                        "title": "Mousewheel click opens new tab at selected path",
                        "url": "https://github.com/files-community/Files/pull/7126",
                        "state": "MERGED",
                        "number": 7126,
                        "timelineItems": {
                            "nodes": [
                                {
                                    "source": {
                                        "author": {
                                            "login": "bliet"
                                        },
                                        "title": "Click with Wheel on Subpath on PathBar -> Open in new Tab",
                                        "url": "https://github.com/files-community/Files/issues/3667",
                                        "state": "CLOSED",
                                        "number": 3667,
                                        "__typename": "Issue"
                                    }
                                }
                            ]
                        }
                    },
                    {
                        "author": {
                            "login": "meziantou"
                        },
                        "title": "Use ReadAsync in NamedPipeServerStream",
                        "url": "https://github.com/files-community/Files/pull/7130",
                        "state": "MERGED",
                        "number": 7130,
                        "timelineItems": {
                            "nodes": [
                                {
                                    "source": {
                                        "author": {
                                            "login": "meziantou"
                                        },
                                        "title": "Use async/await to read from the named pipe",
                                        "url": "https://github.com/files-community/Files/pull/7110",
                                        "state": "MERGED",
                                        "number": 7110,
                                        "__typename": "PullRequest"
                                    }
                                }
                            ]
                        }
                    },
                    {
                        "author": {
                            "login": "dependabot"
                        },
                        "title": "Bump FluentFTP from 35.2.0 to 35.2.1",
                        "url": "https://github.com/files-community/Files/pull/7133",
                        "state": "MERGED",
                        "number": 7133,
                        "timelineItems": {
                            "nodes": []
                        }
                    },
                    {
                        "author": {
                            "login": "meziantou"
                        },
                        "title": "Correctly check ManagementEventWatcher is disposed",
                        "url": "https://github.com/files-community/Files/pull/7134",
                        "state": "MERGED",
                        "number": 7134,
                        "timelineItems": {
                            "nodes": []
                        }
                    },
                    {
                        "author": {
                            "login": "JaiganeshKumaran"
                        },
                        "title": "Improve taskbar jumplist",
                        "url": "https://github.com/files-community/Files/pull/7141",
                        "state": "MERGED",
                        "number": 7141,
                        "timelineItems": {
                            "nodes": []
                        }
                    },
                    {
                        "author": {
                            "login": "cinqmilleans"
                        },
                        "title": "Fix select search suggestion",
                        "url": "https://github.com/files-community/Files/pull/7142",
                        "state": "MERGED",
                        "number": 7142,
                        "timelineItems": {
                            "nodes": []
                        }
                    },
                    {
                        "author": {
                            "login": "cinqmilleans"
                        },
                        "title": "fix ItemSizeNotCalcluated",
                        "url": "https://github.com/files-community/Files/pull/7146",
                        "state": "MERGED",
                        "number": 7146,
                        "timelineItems": {
                            "nodes": []
                        }
                    },
                    {
                        "author": {
                            "login": "meziantou"
                        },
                        "title": "Use CancellationToken.None instead of allocating a CancellationTokenSource",
                        "url": "https://github.com/files-community/Files/pull/7147",
                        "state": "MERGED",
                        "number": 7147,
                        "timelineItems": {
                            "nodes": []
                        }
                    },
                    {
                        "author": {
                            "login": "meziantou"
                        },
                        "title": "Use EventArgs.Empty instead of creating new instances",
                        "url": "https://github.com/files-community/Files/pull/7148",
                        "state": "MERGED",
                        "number": 7148,
                        "timelineItems": {
                            "nodes": []
                        }
                    },
                    {
                        "author": {
                            "login": "meziantou"
                        },
                        "title": "Update GetHashCode to match the Equals implementation",
                        "url": "https://github.com/files-community/Files/pull/7149",
                        "state": "MERGED",
                        "number": 7149,
                        "timelineItems": {
                            "nodes": []
                        }
                    },
                    {
                        "author": {
                            "login": "meziantou"
                        },
                        "title": "Reduce allocations in CreateEnumerable",
                        "url": "https://github.com/files-community/Files/pull/7150",
                        "state": "MERGED",
                        "number": 7150,
                        "timelineItems": {
                            "nodes": []
                        }
                    },
                    {
                        "author": {
                            "login": "meziantou"
                        },
                        "title": "Remove unused variable",
                        "url": "https://github.com/files-community/Files/pull/7151",
                        "state": "MERGED",
                        "number": 7151,
                        "timelineItems": {
                            "nodes": []
                        }
                    },
                    {
                        "author": {
                            "login": "meziantou"
                        },
                        "title": "Remove useless foreach when disposing StorageHistoryWrapper",
                        "url": "https://github.com/files-community/Files/pull/7152",
                        "state": "MERGED",
                        "number": 7152,
                        "timelineItems": {
                            "nodes": []
                        }
                    },
                    {
                        "author": {
                            "login": "meziantou"
                        },
                        "title": "Avoid splitting the string twice",
                        "url": "https://github.com/files-community/Files/pull/7153",
                        "state": "MERGED",
                        "number": 7153,
                        "timelineItems": {
                            "nodes": []
                        }
                    },
                    {
                        "author": {
                            "login": "meziantou"
                        },
                        "title": "Remove array allocation",
                        "url": "https://github.com/files-community/Files/pull/7154",
                        "state": "MERGED",
                        "number": 7154,
                        "timelineItems": {
                            "nodes": []
                        }
                    },
                    {
                        "author": {
                            "login": "meziantou"
                        },
                        "title": "Simplify usage of SYSTEMTIME",
                        "url": "https://github.com/files-community/Files/pull/7155",
                        "state": "MERGED",
                        "number": 7155,
                        "timelineItems": {
                            "nodes": []
                        }
                    },
                    {
                        "author": {
                            "login": "meziantou"
                        },
                        "title": "Cache event args to avoid allocations",
                        "url": "https://github.com/files-community/Files/pull/7156",
                        "state": "MERGED",
                        "number": 7156,
                        "timelineItems": {
                            "nodes": []
                        }
                    },
                    {
                        "author": {
                            "login": "Johndoe0153"
                        },
                        "title": "Update and improve ko-KR",
                        "url": "https://github.com/files-community/Files/pull/7160",
                        "state": "MERGED",
                        "number": 7160,
                        "timelineItems": {
                            "nodes": []
                        }
                    },
                    {
                        "author": {
                            "login": "esibruti"
                        },
                        "title": "Update pt-PT",
                        "url": "https://github.com/files-community/Files/pull/7161",
                        "state": "MERGED",
                        "number": 7161,
                        "timelineItems": {
                            "nodes": []
                        }
                    },
                    {
                        "author": {
                            "login": "cinqmilleans"
                        },
                        "title": "Change return type of AddIfNotPresent",
                        "url": "https://github.com/files-community/Files/pull/7162",
                        "state": "MERGED",
                        "number": 7162,
                        "timelineItems": {
                            "nodes": []
                        }
                    },
                    {
                        "author": {
                            "login": "cinqmilleans"
                        },
                        "title": "Fix inner toolbar state on startup",
                        "url": "https://github.com/files-community/Files/pull/7166",
                        "state": "MERGED",
                        "number": 7166,
                        "timelineItems": {
                            "nodes": []
                        }
                    },
                    {
                        "author": {
                            "login": "Raithlin"
                        },
                        "title": "Afrikaans Translation",
                        "url": "https://github.com/files-community/Files/pull/7175",
                        "state": "MERGED",
                        "number": 7175,
                        "timelineItems": {
                            "nodes": []
                        }
                    },
                    {
                        "author": {
                            "login": "gave92"
                        },
                        "title": "Show network shortcuts on the sidebar",
                        "url": "https://github.com/files-community/Files/pull/7185",
                        "state": "MERGED",
                        "number": 7185,
                        "timelineItems": {
                            "nodes": [
                                {
                                    "source": {
                                        "author": {
                                            "login": "DevTechSolutions"
                                        },
                                        "title": "Network Locations or equivalent of This PC",
                                        "url": "https://github.com/files-community/Files/issues/7183",
                                        "state": "CLOSED",
                                        "number": 7183,
                                        "__typename": "Issue"
                                    }
                                }
                            ]
                        }
                    },
                    {
                        "author": {
                            "login": "SudaCat"
                        },
                        "title": "Update Files.zh-Hans.xlf",
                        "url": "https://github.com/files-community/Files/pull/7186",
                        "state": "MERGED",
                        "number": 7186,
                        "timelineItems": {
                            "nodes": []
                        }
                    },
                    {
                        "author": {
                            "login": "cinqmilleans"
                        },
                        "title": "Add action on label for change layout",
                        "url": "https://github.com/files-community/Files/pull/7191",
                        "state": "MERGED",
                        "number": 7191,
                        "timelineItems": {
                            "nodes": []
                        }
                    }
                ]
            }
        }
    }
}