{
    "data": {
        "repository": {
            "pullRequests": {
                "pageInfo": {
                    "endCursor": "Y3Vyc29yOnYyOpHOYDD6oA=="
                },
                "nodes": [
                    {
                        "author": {
                            "login": "dependabot"
                        },
                        "title": "Build(deps): Bump Microsoft.NET.Test.Sdk from 17.7.2 to 17.8.0",
                        "url": "https://github.com/files-community/Files/pull/13762",
                        "state": "MERGED",
                        "number": 13762,
                        "timelineItems": {
                            "nodes": []
                        }
                    },
                    {
                        "author": {
                            "login": "hishitetsu"
                        },
                        "title": "Fix: Fixed NullReferenceException with SetSelectedPathOrNavigate",
                        "url": "https://github.com/files-community/Files/pull/13766",
                        "state": "MERGED",
                        "number": 13766,
                        "timelineItems": {
                            "nodes": []
                        }
                    },
                    {
                        "author": {
                            "login": "yaira2"
                        },
                        "title": "Fix: Fixed NullReferenceException in OpenDirectoryInNewTabAction",
                        "url": "https://github.com/files-community/Files/pull/13769",
                        "state": "MERGED",
                        "number": 13769,
                        "timelineItems": {
                            "nodes": []
                        }
                    },
                    {
                        "author": {
                            "login": "hishitetsu"
                        },
                        "title": "Fix: Fixed possible crash when adding files and folders",
                        "url": "https://github.com/files-community/Files/pull/13770",
                        "state": "MERGED",
                        "number": 13770,
                        "timelineItems": {
                            "nodes": []
                        }
                    },
                    {
                        "author": {
                            "login": "yaira2"
                        },
                        "title": "Fix: Fixed NullReferenceException with ColumnViewBase.EndRename",
                        "url": "https://github.com/files-community/Files/pull/13771",
                        "state": "MERGED",
                        "number": 13771,
                        "timelineItems": {
                            "nodes": []
                        }
                    },
                    {
                        "author": {
                            "login": "yaira2"
                        },
                        "title": "New Crowdin updates",
                        "url": "https://github.com/files-community/Files/pull/13773",
                        "state": "MERGED",
                        "number": 13773,
                        "timelineItems": {
                            "nodes": []
                        }
                    },
                    {
                        "author": {
                            "login": "Blokyk"
                        },
                        "title": "GitHub: Fixed broken documentation link in README",
                        "url": "https://github.com/files-community/Files/pull/13775",
                        "state": "MERGED",
                        "number": 13775,
                        "timelineItems": {
                            "nodes": []
                        }
                    },
                    {
                        "author": {
                            "login": "yaira2"
                        },
                        "title": "Fix: Fixed some null reference warnings",
                        "url": "https://github.com/files-community/Files/pull/13776",
                        "state": "MERGED",
                        "number": 13776,
                        "timelineItems": {
                            "nodes": []
                        }
                    },
                    {
                        "author": {
                            "login": "gave92"
                        },
                        "title": "Fix for archive files",
                        "url": "https://github.com/files-community/Files/pull/13777",
                        "state": "CLOSED",
                        "number": 13777,
                        "timelineItems": {
                            "nodes": []
                        }
                    },
                    {
                        "author": {
                            "login": "gave92"
                        },
                        "title": "Fix for archive files",
                        "url": "https://github.com/files-community/Files/pull/13778",
                        "state": "MERGED",
                        "number": 13778,
                        "timelineItems": {
                            "nodes": []
                        }
                    },
                    {
                        "author": {
                            "login": "yaira2"
                        },
                        "title": "Code Quality: Update dependencies",
                        "url": "https://github.com/files-community/Files/pull/13782",
                        "state": "MERGED",
                        "number": 13782,
                        "timelineItems": {
                            "nodes": []
                        }
                    },
                    {
                        "author": {
                            "login": "yaira2"
                        },
                        "title": "Fix: Fixed ThrowInvalidOperationExceptionForMissingInitialization",
                        "url": "https://github.com/files-community/Files/pull/13785",
                        "state": "MERGED",
                        "number": 13785,
                        "timelineItems": {
                            "nodes": []
                        }
                    },
                    {
                        "author": {
                            "login": "yaira2"
                        },
                        "title": "Code Quality: Don't leave running in background in dev",
                        "url": "https://github.com/files-community/Files/pull/13786",
                        "state": "MERGED",
                        "number": 13786,
                        "timelineItems": {
                            "nodes": []
                        }
                    },
                    {
                        "author": {
                            "login": "hishitetsu"
                        },
                        "title": "Fix: Fixed freeze when opening a shell folder in the columns layout",
                        "url": "https://github.com/files-community/Files/pull/13793",
                        "state": "MERGED",
                        "number": 13793,
                        "timelineItems": {
                            "nodes": []
                        }
                    },
                    {
                        "author": {
                            "login": "yaira2"
                        },
                        "title": "Fix: Fixed TextBox background when renaming items",
                        "url": "https://github.com/files-community/Files/pull/13797",
                        "state": "MERGED",
                        "number": 13797,
                        "timelineItems": {
                            "nodes": []
                        }
                    },
                    {
                        "author": {
                            "login": "0x5bfa"
                        },
                        "title": "GitHub: Update the deploy Action",
                        "url": "https://github.com/files-community/Files/pull/13804",
                        "state": "CLOSED",
                        "number": 13804,
                        "timelineItems": {
                            "nodes": []
                        }
                    },
                    {
                        "author": {
                            "login": "0x5bfa"
                        },
                        "title": "Code Quality: Improved readability of layout page classes",
                        "url": "https://github.com/files-community/Files/pull/13807",
                        "state": "CLOSED",
                        "number": 13807,
                        "timelineItems": {
                            "nodes": []
                        }
                    },
                    {
                        "author": {
                            "login": "0x5bfa"
                        },
                        "title": "Code Quality: Clean up Widgets",
                        "url": "https://github.com/files-community/Files/pull/13808",
                        "state": "CLOSED",
                        "number": 13808,
                        "timelineItems": {
                            "nodes": []
                        }
                    },
                    {
                        "author": {
                            "login": "hishitetsu"
                        },
                        "title": "Fix: Fixed issue where \"Open Files on Windows startup\" didn't work",
                        "url": "https://github.com/files-community/Files/pull/13811",
                        "state": "MERGED",
                        "number": 13811,
                        "timelineItems": {
                            "nodes": []
                        }
                    },
                    {
                        "author": {
                            "login": "00000vish"
                        },
                        "title": "Fix: Annoying gap in details layout browser.",
                        "url": "https://github.com/files-community/Files/pull/13820",
                        "state": "CLOSED",
                        "number": 13820,
                        "timelineItems": {
                            "nodes": []
                        }
                    },
                    {
                        "author": {
                            "login": "yaira2"
                        },
                        "title": "Code Quality: Added extension helper for media files",
                        "url": "https://github.com/files-community/Files/pull/13828",
                        "state": "MERGED",
                        "number": 13828,
                        "timelineItems": {
                            "nodes": []
                        }
                    },
                    {
                        "author": {
                            "login": "00000vish"
                        },
                        "title": "Fix: Removed gap between the divider line and details layout browser header",
                        "url": "https://github.com/files-community/Files/pull/13829",
                        "state": "MERGED",
                        "number": 13829,
                        "timelineItems": {
                            "nodes": []
                        }
                    },
                    {
                        "author": {
                            "login": "yaira2"
                        },
                        "title": "Fix: Fixed issue where double tapping header navigated up",
                        "url": "https://github.com/files-community/Files/pull/13830",
                        "state": "CLOSED",
                        "number": 13830,
                        "timelineItems": {
                            "nodes": []
                        }
                    },
                    {
                        "author": {
                            "login": "yaira2"
                        },
                        "title": "Code Quality: Use OpenItem action for better reliability",
                        "url": "https://github.com/files-community/Files/pull/13831",
                        "state": "MERGED",
                        "number": 13831,
                        "timelineItems": {
                            "nodes": []
                        }
                    },
                    {
                        "author": {
                            "login": "yaira2"
                        },
                        "title": "Code Quality: Fix async warnings",
                        "url": "https://github.com/files-community/Files/pull/13832",
                        "state": "MERGED",
                        "number": 13832,
                        "timelineItems": {
                            "nodes": []
                        }
                    },
                    {
                        "author": {
                            "login": "yaira2"
                        },
                        "title": "Feature: Open folder in new window via `ctrl` + `alt` + `enter`",
                        "url": "https://github.com/files-community/Files/pull/13837",
                        "state": "MERGED",
                        "number": 13837,
                        "timelineItems": {
                            "nodes": []
                        }
                    },
                    {
                        "author": {
                            "login": "dependabot"
                        },
                        "title": "Build(deps): Bump LiveChartsCore.SkiaSharpView.WinUI from 2.0.0-rc1.2 to 2.0.0-rc2",
                        "url": "https://github.com/files-community/Files/pull/13838",
                        "state": "MERGED",
                        "number": 13838,
                        "timelineItems": {
                            "nodes": []
                        }
                    },
                    {
                        "author": {
                            "login": "RieBi"
                        },
                        "title": "Fix: Fixed issue where double-clicking on column headers would navigate up",
                        "url": "https://github.com/files-community/Files/pull/13840",
                        "state": "MERGED",
                        "number": 13840,
                        "timelineItems": {
                            "nodes": []
                        }
                    },
                    {
                        "author": {
                            "login": "MrFrawsty"
                        },
                        "title": "Fixed: Fixed issue where the new item dialog cannot be canceled",
                        "url": "https://github.com/files-community/Files/pull/13846",
                        "state": "MERGED",
                        "number": 13846,
                        "timelineItems": {
                            "nodes": []
                        }
                    },
                    {
                        "author": {
                            "login": "RieBi"
                        },
                        "title": "Fix: Fixed an issue where selection would get canceled after pressing upper arrow key",
                        "url": "https://github.com/files-community/Files/pull/13847",
                        "state": "MERGED",
                        "number": 13847,
                        "timelineItems": {
                            "nodes": [
                                {
                                    "source": {
                                        "author": {
                                            "login": "nunescostr"
                                        },
                                        "title": "Fix: Fixed an issue where the home key wouldn't move focus when renaming items in List View",
                                        "url": "https://github.com/files-community/Files/pull/15225",
                                        "state": "OPEN",
                                        "number": 15225,
                                        "__typename": "PullRequest"
                                    }
                                }
                            ]
                        }
                    },
                    {
                        "author": {
                            "login": "hishitetsu"
                        },
                        "title": "Fix: Fixed issue where tab icons and labels were sometimes not displayed at app launch",
                        "url": "https://github.com/files-community/Files/pull/13849",
                        "state": "MERGED",
                        "number": 13849,
                        "timelineItems": {
                            "nodes": []
                        }
                    },
                    {
                        "author": {
                            "login": "yaira2"
                        },
                        "title": "New Crowdin updates",
                        "url": "https://github.com/files-community/Files/pull/13851",
                        "state": "MERGED",
                        "number": 13851,
                        "timelineItems": {
                            "nodes": []
                        }
                    },
                    {
                        "author": {
                            "login": "yaira2"
                        },
                        "title": "Fix: Always wrap text in grid layout",
                        "url": "https://github.com/files-community/Files/pull/13852",
                        "state": "MERGED",
                        "number": 13852,
                        "timelineItems": {
                            "nodes": []
                        }
                    },
                    {
                        "author": {
                            "login": "yaira2"
                        },
                        "title": "Fix: Fixed crash that would occur when settings file was invalid",
                        "url": "https://github.com/files-community/Files/pull/13853",
                        "state": "MERGED",
                        "number": 13853,
                        "timelineItems": {
                            "nodes": []
                        }
                    },
                    {
                        "author": {
                            "login": "d2dyno1"
                        },
                        "title": "Code Quality: Improved app startup routine 2 - Checkpoint 1",
                        "url": "https://github.com/files-community/Files/pull/13854",
                        "state": "MERGED",
                        "number": 13854,
                        "timelineItems": {
                            "nodes": []
                        }
                    },
                    {
                        "author": {
                            "login": "yaira2"
                        },
                        "title": "Fix: Fixed visual states in the Details Pane",
                        "url": "https://github.com/files-community/Files/pull/13858",
                        "state": "CLOSED",
                        "number": 13858,
                        "timelineItems": {
                            "nodes": []
                        }
                    },
                    {
                        "author": {
                            "login": "yaira2"
                        },
                        "title": "Fix: Always set content dialog root",
                        "url": "https://github.com/files-community/Files/pull/13859",
                        "state": "MERGED",
                        "number": 13859,
                        "timelineItems": {
                            "nodes": []
                        }
                    },
                    {
                        "author": {
                            "login": "dependabot"
                        },
                        "title": "Build(deps): Bump LiveChartsCore.SkiaSharpView.WinUI from 2.0.0-rc1.2 to 2.0.0-rc2",
                        "url": "https://github.com/files-community/Files/pull/13862",
                        "state": "CLOSED",
                        "number": 13862,
                        "timelineItems": {
                            "nodes": []
                        }
                    },
                    {
                        "author": {
                            "login": "hishitetsu"
                        },
                        "title": "Fix: Fixed issue where exporting settings didn't work",
                        "url": "https://github.com/files-community/Files/pull/13878",
                        "state": "MERGED",
                        "number": 13878,
                        "timelineItems": {
                            "nodes": []
                        }
                    },
                    {
                        "author": {
                            "login": "hishitetsu"
                        },
                        "title": "Fix: Fixed issue where changing column widths would set the width of hidden columns to zero",
                        "url": "https://github.com/files-community/Files/pull/13879",
                        "state": "MERGED",
                        "number": 13879,
                        "timelineItems": {
                            "nodes": []
                        }
                    },
                    {
                        "author": {
                            "login": "dependabot"
                        },
                        "title": "Build(deps): Bump LiveChartsCore.SkiaSharpView.WinUI from 2.0.0-rc1.2 to 2.0.0-rc2.1",
                        "url": "https://github.com/files-community/Files/pull/13882",
                        "state": "CLOSED",
                        "number": 13882,
                        "timelineItems": {
                            "nodes": []
                        }
                    },
                    {
                        "author": {
                            "login": "dependabot"
                        },
                        "title": "Build(deps): Bump Microsoft.Extensions.Hosting from 7.0.1 to 8.0.0",
                        "url": "https://github.com/files-community/Files/pull/13883",
                        "state": "MERGED",
                        "number": 13883,
                        "timelineItems": {
                            "nodes": []
                        }
                    },
                    {
                        "author": {
                            "login": "dependabot"
                        },
                        "title": "Build(deps): Bump Microsoft.Extensions.Logging from 7.0.0 to 8.0.0",
                        "url": "https://github.com/files-community/Files/pull/13884",
                        "state": "MERGED",
                        "number": 13884,
                        "timelineItems": {
                            "nodes": []
                        }
                    },
                    {
                        "author": {
                            "login": "dependabot"
                        },
                        "title": "Build(deps): Bump System.Threading.Tasks.Dataflow from 7.0.0 to 8.0.0",
                        "url": "https://github.com/files-community/Files/pull/13885",
                        "state": "MERGED",
                        "number": 13885,
                        "timelineItems": {
                            "nodes": []
                        }
                    },
                    {
                        "author": {
                            "login": "dependabot"
                        },
                        "title": "Build(deps): Bump Microsoft.Extensions.DependencyInjection from 7.0.0 to 8.0.0",
                        "url": "https://github.com/files-community/Files/pull/13886",
                        "state": "MERGED",
                        "number": 13886,
                        "timelineItems": {
                            "nodes": []
                        }
                    },
                    {
                        "author": {
                            "login": "dependabot"
                        },
                        "title": "Build(deps): Bump Microsoft.Data.Sqlite.Core from 7.0.13 to 8.0.0",
                        "url": "https://github.com/files-community/Files/pull/13887",
                        "state": "MERGED",
                        "number": 13887,
                        "timelineItems": {
                            "nodes": []
                        }
                    },
                    {
                        "author": {
                            "login": "dependabot"
                        },
                        "title": "Build(deps): Bump System.IO.Hashing from 7.0.0 to 8.0.0",
                        "url": "https://github.com/files-community/Files/pull/13888",
                        "state": "MERGED",
                        "number": 13888,
                        "timelineItems": {
                            "nodes": []
                        }
                    },
                    {
                        "author": {
                            "login": "yaira2"
                        },
                        "title": "Code Quality: Refactor preview/info pane phase 1",
                        "url": "https://github.com/files-community/Files/pull/13895",
                        "state": "MERGED",
                        "number": 13895,
                        "timelineItems": {
                            "nodes": []
                        }
                    },
                    {
                        "author": {
                            "login": "yaira2"
                        },
                        "title": "Fix: Fixed NullReferenceException in UpdateInstancePropertiesAsync",
                        "url": "https://github.com/files-community/Files/pull/13899",
                        "state": "CLOSED",
                        "number": 13899,
                        "timelineItems": {
                            "nodes": []
                        }
                    },
                    {
                        "author": {
                            "login": "hishitetsu"
                        },
                        "title": "Fix: Fixed NullReferenceException in MainPageViewModel.UpdateInstancePropertiesAsync",
                        "url": "https://github.com/files-community/Files/pull/13900",
                        "state": "MERGED",
                        "number": 13900,
                        "timelineItems": {
                            "nodes": []
                        }
                    },
                    {
                        "author": {
                            "login": "yaira2"
                        },
                        "title": "Fix: Fixed potential crash when restoring from Recycle Bin",
                        "url": "https://github.com/files-community/Files/pull/13902",
                        "state": "MERGED",
                        "number": 13902,
                        "timelineItems": {
                            "nodes": []
                        }
                    },
                    {
                        "author": {
                            "login": "yaira2"
                        },
                        "title": "Fix: Fixed ArgumentException with ShowViewControlButton",
                        "url": "https://github.com/files-community/Files/pull/13911",
                        "state": "MERGED",
                        "number": 13911,
                        "timelineItems": {
                            "nodes": []
                        }
                    },
                    {
                        "author": {
                            "login": "yaira2"
                        },
                        "title": "New Crowdin updates",
                        "url": "https://github.com/files-community/Files/pull/13912",
                        "state": "MERGED",
                        "number": 13912,
                        "timelineItems": {
                            "nodes": []
                        }
                    },
                    {
                        "author": {
                            "login": "yaira2"
                        },
                        "title": "Fix: Fixed null exception with isRenaming",
                        "url": "https://github.com/files-community/Files/pull/13914",
                        "state": "MERGED",
                        "number": 13914,
                        "timelineItems": {
                            "nodes": []
                        }
                    },
                    {
                        "author": {
                            "login": "yaira2"
                        },
                        "title": "Fix: Fixed NullReferenceException in SetSelectedPathOrNavigate",
                        "url": "https://github.com/files-community/Files/pull/13916",
                        "state": "CLOSED",
                        "number": 13916,
                        "timelineItems": {
                            "nodes": [
                                {
                                    "source": {
                                        "author": {
                                            "login": "hishitetsu"
                                        },
                                        "title": "Fix: Fixed NullReferenceException in SetSelectedPathOrNavigate",
                                        "url": "https://github.com/files-community/Files/pull/13923",
                                        "state": "MERGED",
                                        "number": 13923,
                                        "__typename": "PullRequest"
                                    }
                                }
                            ]
                        }
                    },
                    {
                        "author": {
                            "login": "yaira2"
                        },
                        "title": "Fix: Fixed potential COMException when updating preview pane selection",
                        "url": "https://github.com/files-community/Files/pull/13919",
                        "state": "MERGED",
                        "number": 13919,
                        "timelineItems": {
                            "nodes": []
                        }
                    },
                    {
                        "author": {
                            "login": "yaira2"
                        },
                        "title": "Fix: Fixed IO Error in RunCompatibilityTroubleshooterAsync",
                        "url": "https://github.com/files-community/Files/pull/13920",
                        "state": "MERGED",
                        "number": 13920,
                        "timelineItems": {
                            "nodes": []
                        }
                    },
                    {
                        "author": {
                            "login": "yaira2"
                        },
                        "title": "Fix: Fixed potential COMException when setting the wallpaper",
                        "url": "https://github.com/files-community/Files/pull/13921",
                        "state": "MERGED",
                        "number": 13921,
                        "timelineItems": {
                            "nodes": []
                        }
                    },
                    {
                        "author": {
                            "login": "hishitetsu"
                        },
                        "title": "Fix: Fixed NullReferenceException in SetSelectedPathOrNavigate",
                        "url": "https://github.com/files-community/Files/pull/13923",
                        "state": "MERGED",
                        "number": 13923,
                        "timelineItems": {
                            "nodes": [
                                {
                                    "source": {
                                        "author": {
                                            "login": "yaira2"
                                        },
                                        "title": "Fix: Fixed NullReferenceException in SetSelectedPathOrNavigate",
                                        "url": "https://github.com/files-community/Files/pull/13916",
                                        "state": "CLOSED",
                                        "number": 13916,
                                        "__typename": "PullRequest"
                                    }
                                }
                            ]
                        }
                    },
                    {
                        "author": {
                            "login": "dependabot"
                        },
                        "title": "Build(deps): Bump Microsoft.WindowsAppSDK from 1.4.231008000 to 1.4.231115000",
                        "url": "https://github.com/files-community/Files/pull/13924",
                        "state": "MERGED",
                        "number": 13924,
                        "timelineItems": {
                            "nodes": []
                        }
                    },
                    {
                        "author": {
                            "login": "yaira2"
                        },
                        "title": "Fix: Fixed crash when clicking sidebar items",
                        "url": "https://github.com/files-community/Files/pull/13929",
                        "state": "MERGED",
                        "number": 13929,
                        "timelineItems": {
                            "nodes": []
                        }
                    },
                    {
                        "author": {
                            "login": "0x5bfa"
                        },
                        "title": "Code Quality: Removed regacy MenuFlyout generator",
                        "url": "https://github.com/files-community/Files/pull/13930",
                        "state": "CLOSED",
                        "number": 13930,
                        "timelineItems": {
                            "nodes": []
                        }
                    },
                    {
                        "author": {
                            "login": "0x5bfa"
                        },
                        "title": "Code Quality: Introduced PathBreadcrumbViewModel",
                        "url": "https://github.com/files-community/Files/pull/13932",
                        "state": "CLOSED",
                        "number": 13932,
                        "timelineItems": {
                            "nodes": []
                        }
                    },
                    {
                        "author": {
                            "login": "hishitetsu"
                        },
                        "title": "Fix: Fixed COMException in BaseLayoutViewModel.DropAsync",
                        "url": "https://github.com/files-community/Files/pull/13936",
                        "state": "MERGED",
                        "number": 13936,
                        "timelineItems": {
                            "nodes": []
                        }
                    },
                    {
                        "author": {
                            "login": "0x5bfa"
                        },
                        "title": "Code Quality: Introduced RichCommand parameter to IExtendedAction",
                        "url": "https://github.com/files-community/Files/pull/13938",
                        "state": "CLOSED",
                        "number": 13938,
                        "timelineItems": {
                            "nodes": []
                        }
                    },
                    {
                        "author": {
                            "login": "0x5bfa"
                        },
                        "title": "Code Quality: Removed WidgetsListControl",
                        "url": "https://github.com/files-community/Files/pull/13941",
                        "state": "MERGED",
                        "number": 13941,
                        "timelineItems": {
                            "nodes": []
                        }
                    },
                    {
                        "author": {
                            "login": "0x5bfa"
                        },
                        "title": "Code Quality: Introduced SideBarContext",
                        "url": "https://github.com/files-community/Files/pull/13945",
                        "state": "CLOSED",
                        "number": 13945,
                        "timelineItems": {
                            "nodes": []
                        }
                    },
                    {
                        "author": {
                            "login": "0x5bfa"
                        },
                        "title": "Code Quality: Renamed layout page classes to improve readability",
                        "url": "https://github.com/files-community/Files/pull/13958",
                        "state": "MERGED",
                        "number": 13958,
                        "timelineItems": {
                            "nodes": []
                        }
                    },
                    {
                        "author": {
                            "login": "0x5bfa"
                        },
                        "title": "Code Quality: Introduced PathBreadcrumbViewModel",
                        "url": "https://github.com/files-community/Files/pull/13959",
                        "state": "CLOSED",
                        "number": 13959,
                        "timelineItems": {
                            "nodes": []
                        }
                    },
                    {
                        "author": {
                            "login": "yaira2"
                        },
                        "title": "Fix: Fixed null reference warnings in navigation helpers",
                        "url": "https://github.com/files-community/Files/pull/13961",
                        "state": "CLOSED",
                        "number": 13961,
                        "timelineItems": {
                            "nodes": []
                        }
                    },
                    {
                        "author": {
                            "login": "yaira2"
                        },
                        "title": "Fix: Fixed xamlRoot in GetFocusedElement",
                        "url": "https://github.com/files-community/Files/pull/13962",
                        "state": "MERGED",
                        "number": 13962,
                        "timelineItems": {
                            "nodes": []
                        }
                    },
                    {
                        "author": {
                            "login": "yaira2"
                        },
                        "title": "Fix: Fixed null warnings in the details layout",
                        "url": "https://github.com/files-community/Files/pull/13963",
                        "state": "MERGED",
                        "number": 13963,
                        "timelineItems": {
                            "nodes": []
                        }
                    },
                    {
                        "author": {
                            "login": "yaira2"
                        },
                        "title": "Fix: Fixed null ref in sidebar pinned model",
                        "url": "https://github.com/files-community/Files/pull/13964",
                        "state": "MERGED",
                        "number": 13964,
                        "timelineItems": {
                            "nodes": []
                        }
                    },
                    {
                        "author": {
                            "login": "yaira2"
                        },
                        "title": "Fix: Fixed crash when calculating window bounds",
                        "url": "https://github.com/files-community/Files/pull/13967",
                        "state": "MERGED",
                        "number": 13967,
                        "timelineItems": {
                            "nodes": []
                        }
                    },
                    {
                        "author": {
                            "login": "yaira2"
                        },
                        "title": "Fix: Fixed warnings in settings",
                        "url": "https://github.com/files-community/Files/pull/13968",
                        "state": "MERGED",
                        "number": 13968,
                        "timelineItems": {
                            "nodes": []
                        }
                    },
                    {
                        "author": {
                            "login": "yaira2"
                        },
                        "title": "Fix: Disabled media preview for FTP",
                        "url": "https://github.com/files-community/Files/pull/13969",
                        "state": "MERGED",
                        "number": 13969,
                        "timelineItems": {
                            "nodes": []
                        }
                    },
                    {
                        "author": {
                            "login": "yaira2"
                        },
                        "title": "Fix: Fixed check for admin",
                        "url": "https://github.com/files-community/Files/pull/13971",
                        "state": "MERGED",
                        "number": 13971,
                        "timelineItems": {
                            "nodes": []
                        }
                    },
                    {
                        "author": {
                            "login": "yaira2"
                        },
                        "title": "Fix: Fixed null ref warnings in BaseShellPage",
                        "url": "https://github.com/files-community/Files/pull/13973",
                        "state": "MERGED",
                        "number": 13973,
                        "timelineItems": {
                            "nodes": []
                        }
                    },
                    {
                        "author": {
                            "login": "yaira2"
                        },
                        "title": "Fix: Fixed null ref warnings in release notes dialog",
                        "url": "https://github.com/files-community/Files/pull/13974",
                        "state": "MERGED",
                        "number": 13974,
                        "timelineItems": {
                            "nodes": []
                        }
                    },
                    {
                        "author": {
                            "login": "yaira2"
                        },
                        "title": "Fix: Fixed missing awaits",
                        "url": "https://github.com/files-community/Files/pull/13975",
                        "state": "CLOSED",
                        "number": 13975,
                        "timelineItems": {
                            "nodes": []
                        }
                    },
                    {
                        "author": {
                            "login": "dependabot"
                        },
                        "title": "Build(deps): Bump Microsoft.WindowsAppSDK from 1.4.231008000 to 1.4.231115000",
                        "url": "https://github.com/files-community/Files/pull/13977",
                        "state": "MERGED",
                        "number": 13977,
                        "timelineItems": {
                            "nodes": []
                        }
                    },
                    {
                        "author": {
                            "login": "yaira2"
                        },
                        "title": "New Crowdin updates",
                        "url": "https://github.com/files-community/Files/pull/13984",
                        "state": "MERGED",
                        "number": 13984,
                        "timelineItems": {
                            "nodes": []
                        }
                    },
                    {
                        "author": {
                            "login": "denisdekh"
                        },
                        "title": "Fix: Display prompt when trying to delete folder that's too big for recycle bin ",
                        "url": "https://github.com/files-community/Files/pull/13985",
                        "state": "CLOSED",
                        "number": 13985,
                        "timelineItems": {
                            "nodes": []
                        }
                    },
                    {
                        "author": {
                            "login": "antonioseet"
                        },
                        "title": "Fix: Fixed an issue with drag and dropping items onto .py files",
                        "url": "https://github.com/files-community/Files/pull/13986",
                        "state": "MERGED",
                        "number": 13986,
                        "timelineItems": {
                            "nodes": []
                        }
                    },
                    {
                        "author": {
                            "login": "yaira2"
                        },
                        "title": "GitHub: Removed azure-pipelines-preview",
                        "url": "https://github.com/files-community/Files/pull/13987",
                        "state": "MERGED",
                        "number": 13987,
                        "timelineItems": {
                            "nodes": []
                        }
                    },
                    {
                        "author": {
                            "login": "0x5bfa"
                        },
                        "title": "Code Quality: Introduced AppLifecycleHelper",
                        "url": "https://github.com/files-community/Files/pull/13999",
                        "state": "MERGED",
                        "number": 13999,
                        "timelineItems": {
                            "nodes": [
                                {
                                    "source": {
                                        "author": {
                                            "login": "HorseBandit"
                                        },
                                        "title": "Codebase Quality: Closes issue#13350 Implement AppLifecycleHelper class to improve readability of App.xaml.cs",
                                        "url": "https://github.com/files-community/Files/pull/13392",
                                        "state": "CLOSED",
                                        "number": 13392,
                                        "__typename": "PullRequest"
                                    }
                                }
                            ]
                        }
                    },
                    {
                        "author": {
                            "login": "yaira2"
                        },
                        "title": "Feature: Improved touch target for breadcrumbs",
                        "url": "https://github.com/files-community/Files/pull/14003",
                        "state": "MERGED",
                        "number": 14003,
                        "timelineItems": {
                            "nodes": []
                        }
                    },
                    {
                        "author": {
                            "login": "yaira2"
                        },
                        "title": "Fix: Fixed NullReferenceException in GetCompressDestination",
                        "url": "https://github.com/files-community/Files/pull/14007",
                        "state": "MERGED",
                        "number": 14007,
                        "timelineItems": {
                            "nodes": []
                        }
                    },
                    {
                        "author": {
                            "login": "yaira2"
                        },
                        "title": "Fix: Don't check admin rights for cloud items",
                        "url": "https://github.com/files-community/Files/pull/14009",
                        "state": "MERGED",
                        "number": 14009,
                        "timelineItems": {
                            "nodes": [
                                {
                                    "source": {
                                        "author": {
                                            "login": "cardin"
                                        },
                                        "title": "Bug: Files are incorrectly downloaded from OneDrive",
                                        "url": "https://github.com/files-community/Files/issues/12774",
                                        "state": "CLOSED",
                                        "number": 12774,
                                        "__typename": "Issue"
                                    }
                                }
                            ]
                        }
                    },
                    {
                        "author": {
                            "login": "yaira2"
                        },
                        "title": "Feature: Indicate \"Always keep on device\" status",
                        "url": "https://github.com/files-community/Files/pull/14012",
                        "state": "MERGED",
                        "number": 14012,
                        "timelineItems": {
                            "nodes": []
                        }
                    },
                    {
                        "author": {
                            "login": "yaira2"
                        },
                        "title": "Fix: Fixed xamlRoot in the ConsentDialog",
                        "url": "https://github.com/files-community/Files/pull/14013",
                        "state": "MERGED",
                        "number": 14013,
                        "timelineItems": {
                            "nodes": []
                        }
                    },
                    {
                        "author": {
                            "login": "yaira2"
                        },
                        "title": "Feature: Display error when failing to calculate the hash of open files",
                        "url": "https://github.com/files-community/Files/pull/14014",
                        "state": "MERGED",
                        "number": 14014,
                        "timelineItems": {
                            "nodes": []
                        }
                    },
                    {
                        "author": {
                            "login": "dependabot"
                        },
                        "title": "Build(deps): Bump Microsoft.Graphics.Win2D from 1.1.0 to 1.1.1",
                        "url": "https://github.com/files-community/Files/pull/14016",
                        "state": "MERGED",
                        "number": 14016,
                        "timelineItems": {
                            "nodes": []
                        }
                    },
                    {
                        "author": {
                            "login": "dependabot"
                        },
                        "title": "Build(deps): Bump Microsoft.CodeAnalysis.CSharp from 4.5.0 to 4.8.0",
                        "url": "https://github.com/files-community/Files/pull/14017",
                        "state": "MERGED",
                        "number": 14017,
                        "timelineItems": {
                            "nodes": []
                        }
                    },
                    {
                        "author": {
                            "login": "yaira2"
                        },
                        "title": "Fix: Disable media preview for archive items",
                        "url": "https://github.com/files-community/Files/pull/14021",
                        "state": "MERGED",
                        "number": 14021,
                        "timelineItems": {
                            "nodes": []
                        }
                    },
                    {
                        "author": {
                            "login": "yaira2"
                        },
                        "title": "New Crowdin updates",
                        "url": "https://github.com/files-community/Files/pull/14022",
                        "state": "MERGED",
                        "number": 14022,
                        "timelineItems": {
                            "nodes": []
                        }
                    },
                    {
                        "author": {
                            "login": "yaira2"
                        },
                        "title": "Fix: Fixed crash that could occur when installing a lot of font files",
                        "url": "https://github.com/files-community/Files/pull/14024",
                        "state": "MERGED",
                        "number": 14024,
                        "timelineItems": {
                            "nodes": [
                                {
                                    "source": {
                                        "author": {
                                            "login": "D-Maxwell"
                                        },
                                        "title": "Bug: Installing multiple fonts triggers multiple UAC prompts",
                                        "url": "https://github.com/files-community/Files/issues/14503",
                                        "state": "CLOSED",
                                        "number": 14503,
                                        "__typename": "Issue"
                                    }
                                }
                            ]
                        }
                    },
                    {
                        "author": {
                            "login": "0x5bfa"
                        },
                        "title": "Code Quality: Moved static methods from MainPageViewModel to NavigationHelpers",
                        "url": "https://github.com/files-community/Files/pull/14027",
                        "state": "MERGED",
                        "number": 14027,
                        "timelineItems": {
                            "nodes": []
                        }
                    },
                    {
                        "author": {
                            "login": "0x5bfa"
                        },
                        "title": "GitHub: Force to run tests regardless of the build job outcome",
                        "url": "https://github.com/files-community/Files/pull/14028",
                        "state": "MERGED",
                        "number": 14028,
                        "timelineItems": {
                            "nodes": []
                        }
                    },
                    {
                        "author": {
                            "login": "dependabot"
                        },
                        "title": "Build(deps): Bump SQLitePCLRaw.bundle_green from 2.1.6 to 2.1.7",
                        "url": "https://github.com/files-community/Files/pull/14029",
                        "state": "MERGED",
                        "number": 14029,
                        "timelineItems": {
                            "nodes": []
                        }
                    }
                ]
            }
        }
    }
}