{
    "data": {
        "repository": {
            "pullRequests": {
                "pageInfo": {
                    "endCursor": "Y3Vyc29yOnYyOpHOUkecDA=="
                },
                "nodes": [
                    {
                        "author": {
                            "login": "yaira2"
                        },
                        "title": "GitHub: Updated the issue template",
                        "url": "https://github.com/files-community/Files/pull/12332",
                        "state": "MERGED",
                        "number": 12332,
                        "timelineItems": {
                            "nodes": []
                        }
                    },
                    {
                        "author": {
                            "login": "hecksmosis"
                        },
                        "title": "Fix: Fixed crash when trying to create bitmap from null IconData in `SidebarPinnedModel.cs`",
                        "url": "https://github.com/files-community/Files/pull/12333",
                        "state": "MERGED",
                        "number": 12333,
                        "timelineItems": {
                            "nodes": []
                        }
                    },
                    {
                        "author": {
                            "login": "hecksmosis"
                        },
                        "title": "Fix: Fixed NullReferenceException with EnumerateItemsFromStandardFolderAsync",
                        "url": "https://github.com/files-community/Files/pull/12335",
                        "state": "MERGED",
                        "number": 12335,
                        "timelineItems": {
                            "nodes": []
                        }
                    },
                    {
                        "author": {
                            "login": "yaira2"
                        },
                        "title": "New Crowdin updates",
                        "url": "https://github.com/files-community/Files/pull/12336",
                        "state": "MERGED",
                        "number": 12336,
                        "timelineItems": {
                            "nodes": []
                        }
                    },
                    {
                        "author": {
                            "login": "hishitetsu"
                        },
                        "title": "Feature: Treat cloud drives as root in the column view",
                        "url": "https://github.com/files-community/Files/pull/12337",
                        "state": "MERGED",
                        "number": 12337,
                        "timelineItems": {
                            "nodes": [
                                {
                                    "source": {
                                        "author": {
                                            "login": "Lukiluc29"
                                        },
                                        "title": "Bug: Open OneDrive Business Folders Properly from Taskbar Icon",
                                        "url": "https://github.com/files-community/Files/issues/13234",
                                        "state": "OPEN",
                                        "number": 13234,
                                        "__typename": "Issue"
                                    }
                                }
                            ]
                        }
                    },
                    {
                        "author": {
                            "login": "hishitetsu"
                        },
                        "title": "Fix: Backported recent fixes into the servicing branch",
                        "url": "https://github.com/files-community/Files/pull/12338",
                        "state": "MERGED",
                        "number": 12338,
                        "timelineItems": {
                            "nodes": []
                        }
                    },
                    {
                        "author": {
                            "login": "ferrariofilippo"
                        },
                        "title": "Fix: Don't show git info in Home",
                        "url": "https://github.com/files-community/Files/pull/12339",
                        "state": "MERGED",
                        "number": 12339,
                        "timelineItems": {
                            "nodes": []
                        }
                    },
                    {
                        "author": {
                            "login": "0x5bfa"
                        },
                        "title": "Code Quality: Move some ViewModel classes into the appropriate namespaces",
                        "url": "https://github.com/files-community/Files/pull/12342",
                        "state": "MERGED",
                        "number": 12342,
                        "timelineItems": {
                            "nodes": [
                                {
                                    "source": {
                                        "author": {
                                            "login": "0x5bfa"
                                        },
                                        "title": "Code Quality: Continued work to clean up entire project",
                                        "url": "https://github.com/files-community/Files/issues/12340",
                                        "state": "CLOSED",
                                        "number": 12340,
                                        "__typename": "Issue"
                                    }
                                }
                            ]
                        }
                    },
                    {
                        "author": {
                            "login": "ferrariofilippo"
                        },
                        "title": "Feature: Git Integration Phase 3",
                        "url": "https://github.com/files-community/Files/pull/12344",
                        "state": "MERGED",
                        "number": 12344,
                        "timelineItems": {
                            "nodes": []
                        }
                    },
                    {
                        "author": {
                            "login": "yaira2"
                        },
                        "title": "New Crowdin updates",
                        "url": "https://github.com/files-community/Files/pull/12345",
                        "state": "MERGED",
                        "number": 12345,
                        "timelineItems": {
                            "nodes": []
                        }
                    },
                    {
                        "author": {
                            "login": "heftymouse"
                        },
                        "title": "Fix: Upgrade Files.Package to WinAppSDK 1.3",
                        "url": "https://github.com/files-community/Files/pull/12347",
                        "state": "MERGED",
                        "number": 12347,
                        "timelineItems": {
                            "nodes": []
                        }
                    },
                    {
                        "author": {
                            "login": "hishitetsu"
                        },
                        "title": "Fix: Fixed focus flickering between columns or panes",
                        "url": "https://github.com/files-community/Files/pull/12348",
                        "state": "MERGED",
                        "number": 12348,
                        "timelineItems": {
                            "nodes": []
                        }
                    },
                    {
                        "author": {
                            "login": "ferrariofilippo"
                        },
                        "title": "RichCommands: CreateFolderWithSelection",
                        "url": "https://github.com/files-community/Files/pull/12352",
                        "state": "MERGED",
                        "number": 12352,
                        "timelineItems": {
                            "nodes": []
                        }
                    },
                    {
                        "author": {
                            "login": "yaira2"
                        },
                        "title": "Preview v2.4.82",
                        "url": "https://github.com/files-community/Files/pull/12353",
                        "state": "MERGED",
                        "number": 12353,
                        "timelineItems": {
                            "nodes": []
                        }
                    },
                    {
                        "author": {
                            "login": "Jay-o-Way"
                        },
                        "title": "GitHub: Create config.yml",
                        "url": "https://github.com/files-community/Files/pull/12359",
                        "state": "MERGED",
                        "number": 12359,
                        "timelineItems": {
                            "nodes": []
                        }
                    },
                    {
                        "author": {
                            "login": "yaira2"
                        },
                        "title": "Revert \"Feature: Switched to RepositionThemeTransition\"",
                        "url": "https://github.com/files-community/Files/pull/12361",
                        "state": "MERGED",
                        "number": 12361,
                        "timelineItems": {
                            "nodes": []
                        }
                    },
                    {
                        "author": {
                            "login": "yaira2"
                        },
                        "title": "Feature: Changed drive tooltip position",
                        "url": "https://github.com/files-community/Files/pull/12363",
                        "state": "MERGED",
                        "number": 12363,
                        "timelineItems": {
                            "nodes": []
                        }
                    },
                    {
                        "author": {
                            "login": "ferrariofilippo"
                        },
                        "title": "Rich Commands: Open Properties",
                        "url": "https://github.com/files-community/Files/pull/12365",
                        "state": "MERGED",
                        "number": 12365,
                        "timelineItems": {
                            "nodes": []
                        }
                    },
                    {
                        "author": {
                            "login": "Poker-sang"
                        },
                        "title": "Feature: Use gray and white grid in ColorPickerButton to indicate transparency",
                        "url": "https://github.com/files-community/Files/pull/12371",
                        "state": "MERGED",
                        "number": 12371,
                        "timelineItems": {
                            "nodes": []
                        }
                    },
                    {
                        "author": {
                            "login": "yaira2"
                        },
                        "title": "New Crowdin updates",
                        "url": "https://github.com/files-community/Files/pull/12373",
                        "state": "MERGED",
                        "number": 12373,
                        "timelineItems": {
                            "nodes": []
                        }
                    },
                    {
                        "author": {
                            "login": "hishitetsu"
                        },
                        "title": "Fix: Fixed a LayoutCycleException with the Tags widget",
                        "url": "https://github.com/files-community/Files/pull/12374",
                        "state": "CLOSED",
                        "number": 12374,
                        "timelineItems": {
                            "nodes": []
                        }
                    },
                    {
                        "author": {
                            "login": "dependabot"
                        },
                        "title": "Build(deps): Bump Microsoft.NET.Test.Sdk from 17.5.0 to 17.6.0",
                        "url": "https://github.com/files-community/Files/pull/12375",
                        "state": "MERGED",
                        "number": 12375,
                        "timelineItems": {
                            "nodes": []
                        }
                    },
                    {
                        "author": {
                            "login": "ferrariofilippo"
                        },
                        "title": "Fix: Fixed an issue where it sometimes failed to extract an archive",
                        "url": "https://github.com/files-community/Files/pull/12379",
                        "state": "MERGED",
                        "number": 12379,
                        "timelineItems": {
                            "nodes": []
                        }
                    },
                    {
                        "author": {
                            "login": "0x5bfa"
                        },
                        "title": "Code Quality: Rename & Refactor ViewModels",
                        "url": "https://github.com/files-community/Files/pull/12380",
                        "state": "CLOSED",
                        "number": 12380,
                        "timelineItems": {
                            "nodes": []
                        }
                    },
                    {
                        "author": {
                            "login": "0x5bfa"
                        },
                        "title": "Code Quality: Cleanup App.Dialogs",
                        "url": "https://github.com/files-community/Files/pull/12381",
                        "state": "CLOSED",
                        "number": 12381,
                        "timelineItems": {
                            "nodes": []
                        }
                    },
                    {
                        "author": {
                            "login": "hishitetsu"
                        },
                        "title": "Feature: Renamed Copy location to Copy path",
                        "url": "https://github.com/files-community/Files/pull/12392",
                        "state": "MERGED",
                        "number": 12392,
                        "timelineItems": {
                            "nodes": []
                        }
                    },
                    {
                        "author": {
                            "login": "dependabot"
                        },
                        "title": "Build(deps): Bump Vanara.Windows.Extensions from 3.4.14 to 3.4.15",
                        "url": "https://github.com/files-community/Files/pull/12394",
                        "state": "MERGED",
                        "number": 12394,
                        "timelineItems": {
                            "nodes": []
                        }
                    },
                    {
                        "author": {
                            "login": "dependabot"
                        },
                        "title": "Build(deps): Bump Vanara.Windows.Shell from 3.4.14 to 3.4.15",
                        "url": "https://github.com/files-community/Files/pull/12395",
                        "state": "MERGED",
                        "number": 12395,
                        "timelineItems": {
                            "nodes": []
                        }
                    },
                    {
                        "author": {
                            "login": "dependabot"
                        },
                        "title": "Build(deps): Bump Vanara.PInvoke.Mpr from 3.4.12 to 3.4.15",
                        "url": "https://github.com/files-community/Files/pull/12396",
                        "state": "MERGED",
                        "number": 12396,
                        "timelineItems": {
                            "nodes": []
                        }
                    },
                    {
                        "author": {
                            "login": "hishitetsu"
                        },
                        "title": "Fix: Fixed key labels",
                        "url": "https://github.com/files-community/Files/pull/12397",
                        "state": "MERGED",
                        "number": 12397,
                        "timelineItems": {
                            "nodes": []
                        }
                    },
                    {
                        "author": {
                            "login": "0x5bfa"
                        },
                        "title": "Code Quality: Clean up App.Shell",
                        "url": "https://github.com/files-community/Files/pull/12399",
                        "state": "MERGED",
                        "number": 12399,
                        "timelineItems": {
                            "nodes": []
                        }
                    },
                    {
                        "author": {
                            "login": "ferrariofilippo"
                        },
                        "title": "Fix: Fixed an issue where right clicking empty space didn't clear selection",
                        "url": "https://github.com/files-community/Files/pull/12404",
                        "state": "MERGED",
                        "number": 12404,
                        "timelineItems": {
                            "nodes": []
                        }
                    },
                    {
                        "author": {
                            "login": "hecksmosis"
                        },
                        "title": "Fix: Fixed issue where pinned favorites were sometimes duplicated",
                        "url": "https://github.com/files-community/Files/pull/12405",
                        "state": "MERGED",
                        "number": 12405,
                        "timelineItems": {
                            "nodes": []
                        }
                    },
                    {
                        "author": {
                            "login": "0x5bfa"
                        },
                        "title": "Code Quality: Clean up App.Filesystem phase 1",
                        "url": "https://github.com/files-community/Files/pull/12408",
                        "state": "MERGED",
                        "number": 12408,
                        "timelineItems": {
                            "nodes": []
                        }
                    },
                    {
                        "author": {
                            "login": "0x5bfa"
                        },
                        "title": "Code Quality: Clean up App.Filesystem phase 2",
                        "url": "https://github.com/files-community/Files/pull/12409",
                        "state": "CLOSED",
                        "number": 12409,
                        "timelineItems": {
                            "nodes": []
                        }
                    },
                    {
                        "author": {
                            "login": "gave92"
                        },
                        "title": "Fix: Fixed network locations not appearing on the sidebar",
                        "url": "https://github.com/files-community/Files/pull/12411",
                        "state": "MERGED",
                        "number": 12411,
                        "timelineItems": {
                            "nodes": []
                        }
                    },
                    {
                        "author": {
                            "login": "hishitetsu"
                        },
                        "title": "Feature: Changed the format of the banner at extracting archives",
                        "url": "https://github.com/files-community/Files/pull/12412",
                        "state": "MERGED",
                        "number": 12412,
                        "timelineItems": {
                            "nodes": []
                        }
                    },
                    {
                        "author": {
                            "login": "hishitetsu"
                        },
                        "title": "Fix: Fixed issue where delete confirmation dialog sometimes did not appear immediately",
                        "url": "https://github.com/files-community/Files/pull/12414",
                        "state": "MERGED",
                        "number": 12414,
                        "timelineItems": {
                            "nodes": []
                        }
                    },
                    {
                        "author": {
                            "login": "yaira2"
                        },
                        "title": "Preview: 2.4.83",
                        "url": "https://github.com/files-community/Files/pull/12415",
                        "state": "MERGED",
                        "number": 12415,
                        "timelineItems": {
                            "nodes": []
                        }
                    },
                    {
                        "author": {
                            "login": "Jay-o-Way"
                        },
                        "title": "GitHub: Added Crowdin link to issue config",
                        "url": "https://github.com/files-community/Files/pull/12416",
                        "state": "MERGED",
                        "number": 12416,
                        "timelineItems": {
                            "nodes": []
                        }
                    },
                    {
                        "author": {
                            "login": "dependabot"
                        },
                        "title": "Build(deps): Bump SQLitePCLRaw.bundle_green from 2.1.4 to 2.1.5",
                        "url": "https://github.com/files-community/Files/pull/12417",
                        "state": "MERGED",
                        "number": 12417,
                        "timelineItems": {
                            "nodes": []
                        }
                    },
                    {
                        "author": {
                            "login": "dependabot"
                        },
                        "title": "Build(deps): Bump PolySharp from 1.13.1 to 1.13.2",
                        "url": "https://github.com/files-community/Files/pull/12418",
                        "state": "MERGED",
                        "number": 12418,
                        "timelineItems": {
                            "nodes": []
                        }
                    },
                    {
                        "author": {
                            "login": "dependabot"
                        },
                        "title": "Build(deps): Bump Microsoft.CodeAnalysis.CSharp from 4.5.0 to 4.6.0",
                        "url": "https://github.com/files-community/Files/pull/12419",
                        "state": "CLOSED",
                        "number": 12419,
                        "timelineItems": {
                            "nodes": []
                        }
                    },
                    {
                        "author": {
                            "login": "gave92"
                        },
                        "title": "Fix: Display tags on network drives when selecting tag",
                        "url": "https://github.com/files-community/Files/pull/12420",
                        "state": "MERGED",
                        "number": 12420,
                        "timelineItems": {
                            "nodes": []
                        }
                    },
                    {
                        "author": {
                            "login": "yaira2"
                        },
                        "title": "Analytics: Fixed git events",
                        "url": "https://github.com/files-community/Files/pull/12423",
                        "state": "MERGED",
                        "number": 12423,
                        "timelineItems": {
                            "nodes": []
                        }
                    },
                    {
                        "author": {
                            "login": "yaira2"
                        },
                        "title": "Feature: Added restart teaching tip",
                        "url": "https://github.com/files-community/Files/pull/12425",
                        "state": "MERGED",
                        "number": 12425,
                        "timelineItems": {
                            "nodes": []
                        }
                    },
                    {
                        "author": {
                            "login": "yaira2"
                        },
                        "title": "Feature: Added Crowdin link to the about page",
                        "url": "https://github.com/files-community/Files/pull/12433",
                        "state": "MERGED",
                        "number": 12433,
                        "timelineItems": {
                            "nodes": [
                                {
                                    "source": {
                                        "author": {
                                            "login": "hishitetsu"
                                        },
                                        "title": "Feature: Add a link to Crowdin on the About page of the settings dialog",
                                        "url": "https://github.com/files-community/Files/issues/12426",
                                        "state": "CLOSED",
                                        "number": 12426,
                                        "__typename": "Issue"
                                    }
                                }
                            ]
                        }
                    },
                    {
                        "author": {
                            "login": "yaira2"
                        },
                        "title": "Feature: Stretch image previews",
                        "url": "https://github.com/files-community/Files/pull/12436",
                        "state": "MERGED",
                        "number": 12436,
                        "timelineItems": {
                            "nodes": []
                        }
                    },
                    {
                        "author": {
                            "login": "yaira2"
                        },
                        "title": "Feature: Added pivot to switch between details and preview pane",
                        "url": "https://github.com/files-community/Files/pull/12438",
                        "state": "MERGED",
                        "number": 12438,
                        "timelineItems": {
                            "nodes": []
                        }
                    },
                    {
                        "author": {
                            "login": "ferrariofilippo"
                        },
                        "title": "Feature: Git Integration - Phase 4",
                        "url": "https://github.com/files-community/Files/pull/12439",
                        "state": "MERGED",
                        "number": 12439,
                        "timelineItems": {
                            "nodes": []
                        }
                    },
                    {
                        "author": {
                            "login": "yaira2"
                        },
                        "title": "Feature: Enable continue where you left off by default",
                        "url": "https://github.com/files-community/Files/pull/12441",
                        "state": "MERGED",
                        "number": 12441,
                        "timelineItems": {
                            "nodes": []
                        }
                    },
                    {
                        "author": {
                            "login": "dependabot"
                        },
                        "title": "Build(deps): Bump Axe.Windows from 2.1.1 to 2.1.2",
                        "url": "https://github.com/files-community/Files/pull/12442",
                        "state": "MERGED",
                        "number": 12442,
                        "timelineItems": {
                            "nodes": []
                        }
                    },
                    {
                        "author": {
                            "login": "hishitetsu"
                        },
                        "title": "Fix: Fixed issue where progress bar was overlapping text in ongoing operations",
                        "url": "https://github.com/files-community/Files/pull/12443",
                        "state": "MERGED",
                        "number": 12443,
                        "timelineItems": {
                            "nodes": []
                        }
                    },
                    {
                        "author": {
                            "login": "tsurrdurr"
                        },
                        "title": "Fix: Fixed an issue where the format option was incorrectly shown",
                        "url": "https://github.com/files-community/Files/pull/12444",
                        "state": "MERGED",
                        "number": 12444,
                        "timelineItems": {
                            "nodes": [
                                {
                                    "source": {
                                        "author": {
                                            "login": "imhe6"
                                        },
                                        "title": "Bug: \"Format...\" shouldn't be visible if items are selected",
                                        "url": "https://github.com/files-community/Files/issues/12401",
                                        "state": "CLOSED",
                                        "number": 12401,
                                        "__typename": "Issue"
                                    }
                                }
                            ]
                        }
                    },
                    {
                        "author": {
                            "login": "hishitetsu"
                        },
                        "title": "Fix: Fixed crash when previewing large html or svg files",
                        "url": "https://github.com/files-community/Files/pull/12445",
                        "state": "MERGED",
                        "number": 12445,
                        "timelineItems": {
                            "nodes": []
                        }
                    },
                    {
                        "author": {
                            "login": "yaira2"
                        },
                        "title": "Code Quality: Created PreviewPopupService",
                        "url": "https://github.com/files-community/Files/pull/12447",
                        "state": "MERGED",
                        "number": 12447,
                        "timelineItems": {
                            "nodes": []
                        }
                    },
                    {
                        "author": {
                            "login": "marcelwgn"
                        },
                        "title": "Fix: Fixed TabView visual regression from recent WinUI update",
                        "url": "https://github.com/files-community/Files/pull/12448",
                        "state": "CLOSED",
                        "number": 12448,
                        "timelineItems": {
                            "nodes": []
                        }
                    },
                    {
                        "author": {
                            "login": "yaira2"
                        },
                        "title": "Code Quality: Preview popup providers",
                        "url": "https://github.com/files-community/Files/pull/12451",
                        "state": "MERGED",
                        "number": 12451,
                        "timelineItems": {
                            "nodes": []
                        }
                    },
                    {
                        "author": {
                            "login": "dependabot"
                        },
                        "title": "Build(deps): Bump Microsoft.AppCenter.Crashes from 5.0.1 to 5.0.2",
                        "url": "https://github.com/files-community/Files/pull/12452",
                        "state": "MERGED",
                        "number": 12452,
                        "timelineItems": {
                            "nodes": []
                        }
                    },
                    {
                        "author": {
                            "login": "dependabot"
                        },
                        "title": "Build(deps): Bump Microsoft.AppCenter.Analytics from 5.0.1 to 5.0.2",
                        "url": "https://github.com/files-community/Files/pull/12453",
                        "state": "MERGED",
                        "number": 12453,
                        "timelineItems": {
                            "nodes": []
                        }
                    },
                    {
                        "author": {
                            "login": "yaira2"
                        },
                        "title": "New Crowdin updates",
                        "url": "https://github.com/files-community/Files/pull/12458",
                        "state": "MERGED",
                        "number": 12458,
                        "timelineItems": {
                            "nodes": []
                        }
                    },
                    {
                        "author": {
                            "login": "dependabot"
                        },
                        "title": "Build(deps): Bump MSTest.TestFramework from 3.0.2 to 3.0.3",
                        "url": "https://github.com/files-community/Files/pull/12459",
                        "state": "MERGED",
                        "number": 12459,
                        "timelineItems": {
                            "nodes": []
                        }
                    },
                    {
                        "author": {
                            "login": "dependabot"
                        },
                        "title": "Build(deps): Bump MSTest.TestAdapter from 3.0.2 to 3.0.3",
                        "url": "https://github.com/files-community/Files/pull/12460",
                        "state": "MERGED",
                        "number": 12460,
                        "timelineItems": {
                            "nodes": []
                        }
                    },
                    {
                        "author": {
                            "login": "0x5bfa"
                        },
                        "title": "CI: Add GitHub Actions of project build",
                        "url": "https://github.com/files-community/Files/pull/12466",
                        "state": "CLOSED",
                        "number": 12466,
                        "timelineItems": {
                            "nodes": []
                        }
                    },
                    {
                        "author": {
                            "login": "hishitetsu"
                        },
                        "title": "Fix: Fixed crash when right-clicking non-existing drive",
                        "url": "https://github.com/files-community/Files/pull/12469",
                        "state": "MERGED",
                        "number": 12469,
                        "timelineItems": {
                            "nodes": []
                        }
                    },
                    {
                        "author": {
                            "login": "Poker-sang"
                        },
                        "title": "Fix: Fixed SourceGenerator build failure",
                        "url": "https://github.com/files-community/Files/pull/12471",
                        "state": "MERGED",
                        "number": 12471,
                        "timelineItems": {
                            "nodes": [
                                {
                                    "source": {
                                        "author": {
                                            "login": "0x5bfa"
                                        },
                                        "title": "Code Quality: Moved App.Commands & App.Contexts to App.Data",
                                        "url": "https://github.com/files-community/Files/pull/12887",
                                        "state": "MERGED",
                                        "number": 12887,
                                        "__typename": "PullRequest"
                                    }
                                }
                            ]
                        }
                    },
                    {
                        "author": {
                            "login": "0x5bfa"
                        },
                        "title": "Project: Rename 'Files.App (Package)' with 'Files.Package'",
                        "url": "https://github.com/files-community/Files/pull/12475",
                        "state": "CLOSED",
                        "number": 12475,
                        "timelineItems": {
                            "nodes": []
                        }
                    },
                    {
                        "author": {
                            "login": "hishitetsu"
                        },
                        "title": "Feature: Added support for displaying and editing metadata of multiple files",
                        "url": "https://github.com/files-community/Files/pull/12476",
                        "state": "MERGED",
                        "number": 12476,
                        "timelineItems": {
                            "nodes": []
                        }
                    },
                    {
                        "author": {
                            "login": "yaira2"
                        },
                        "title": "Feature: Added SeerPro support",
                        "url": "https://github.com/files-community/Files/pull/12477",
                        "state": "MERGED",
                        "number": 12477,
                        "timelineItems": {
                            "nodes": [
                                {
                                    "source": {
                                        "author": {
                                            "login": "aminomancer"
                                        },
                                        "title": "Work with XYplorer",
                                        "url": "https://github.com/ccseer/Seer/issues/219",
                                        "state": "OPEN",
                                        "number": 219,
                                        "__typename": "Issue"
                                    }
                                }
                            ]
                        }
                    },
                    {
                        "author": {
                            "login": "hishitetsu"
                        },
                        "title": "Fix: Fixed issue where Files crashed when trying to open the library page on the properties window",
                        "url": "https://github.com/files-community/Files/pull/12479",
                        "state": "MERGED",
                        "number": 12479,
                        "timelineItems": {
                            "nodes": []
                        }
                    },
                    {
                        "author": {
                            "login": "hishitetsu"
                        },
                        "title": "Fix: Fixed issue where icons and names of library items were not displayed",
                        "url": "https://github.com/files-community/Files/pull/12480",
                        "state": "MERGED",
                        "number": 12480,
                        "timelineItems": {
                            "nodes": []
                        }
                    },
                    {
                        "author": {
                            "login": "0x5bfa"
                        },
                        "title": "CI: Add Files Build GitHub Actions",
                        "url": "https://github.com/files-community/Files/pull/12484",
                        "state": "CLOSED",
                        "number": 12484,
                        "timelineItems": {
                            "nodes": []
                        }
                    },
                    {
                        "author": {
                            "login": "0x5bfa"
                        },
                        "title": "Feature: Added Git columns to the details layout",
                        "url": "https://github.com/files-community/Files/pull/12485",
                        "state": "MERGED",
                        "number": 12485,
                        "timelineItems": {
                            "nodes": [
                                {
                                    "source": {
                                        "author": {
                                            "login": "gave92"
                                        },
                                        "title": "Changes for PR 12485",
                                        "url": "https://github.com/0x5bfa/Files/pull/1",
                                        "state": "MERGED",
                                        "number": 1,
                                        "__typename": "PullRequest"
                                    }
                                },
                                {
                                    "source": {
                                        "author": {
                                            "login": "0x5bfa"
                                        },
                                        "title": "Code Quality: Introduce details layout columns generator phase 1",
                                        "url": "https://github.com/files-community/Files/pull/14127",
                                        "state": "MERGED",
                                        "number": 14127,
                                        "__typename": "PullRequest"
                                    }
                                },
                                {
                                    "source": {
                                        "author": {
                                            "login": "0x5bfa"
                                        },
                                        "title": "Code Quality: Introduce details layout columns generator phase 2",
                                        "url": "https://github.com/files-community/Files/pull/14177",
                                        "state": "CLOSED",
                                        "number": 14177,
                                        "__typename": "PullRequest"
                                    }
                                }
                            ]
                        }
                    },
                    {
                        "author": {
                            "login": "hishitetsu"
                        },
                        "title": "Feature: Show a tooltip when a text in the details view is trimmed",
                        "url": "https://github.com/files-community/Files/pull/12488",
                        "state": "MERGED",
                        "number": 12488,
                        "timelineItems": {
                            "nodes": []
                        }
                    },
                    {
                        "author": {
                            "login": "hishitetsu"
                        },
                        "title": "Fix: Fixed issue with some date formats not reflecting language settings",
                        "url": "https://github.com/files-community/Files/pull/12492",
                        "state": "MERGED",
                        "number": 12492,
                        "timelineItems": {
                            "nodes": []
                        }
                    },
                    {
                        "author": {
                            "login": "yaira2"
                        },
                        "title": "Preview: v2.4.84",
                        "url": "https://github.com/files-community/Files/pull/12495",
                        "state": "MERGED",
                        "number": 12495,
                        "timelineItems": {
                            "nodes": []
                        }
                    },
                    {
                        "author": {
                            "login": "yaira2"
                        },
                        "title": "Feature: Added horizontal layout to the preview pane",
                        "url": "https://github.com/files-community/Files/pull/12496",
                        "state": "MERGED",
                        "number": 12496,
                        "timelineItems": {
                            "nodes": []
                        }
                    },
                    {
                        "author": {
                            "login": "yaira2"
                        },
                        "title": "Fix: Fixed contrast issues with the preview pane icon",
                        "url": "https://github.com/files-community/Files/pull/12497",
                        "state": "MERGED",
                        "number": 12497,
                        "timelineItems": {
                            "nodes": []
                        }
                    },
                    {
                        "author": {
                            "login": "yaira2"
                        },
                        "title": "Fix: Fixed issue where renaming folder in the columns layout would open the folder",
                        "url": "https://github.com/files-community/Files/pull/12498",
                        "state": "MERGED",
                        "number": 12498,
                        "timelineItems": {
                            "nodes": []
                        }
                    },
                    {
                        "author": {
                            "login": "yaira2"
                        },
                        "title": "Feature: Automatically hide the preview pane when the window is too small",
                        "url": "https://github.com/files-community/Files/pull/12499",
                        "state": "MERGED",
                        "number": 12499,
                        "timelineItems": {
                            "nodes": []
                        }
                    },
                    {
                        "author": {
                            "login": "hishitetsu"
                        },
                        "title": "Fix: Fixed crash with properties window",
                        "url": "https://github.com/files-community/Files/pull/12500",
                        "state": "MERGED",
                        "number": 12500,
                        "timelineItems": {
                            "nodes": []
                        }
                    },
                    {
                        "author": {
                            "login": "hishitetsu"
                        },
                        "title": "Fix: Fixed translation in Advanced Permissions page",
                        "url": "https://github.com/files-community/Files/pull/12502",
                        "state": "MERGED",
                        "number": 12502,
                        "timelineItems": {
                            "nodes": []
                        }
                    },
                    {
                        "author": {
                            "login": "MarcAnt01"
                        },
                        "title": "GitHub: Update issue templates to make users copy Windows version from settings",
                        "url": "https://github.com/files-community/Files/pull/12506",
                        "state": "CLOSED",
                        "number": 12506,
                        "timelineItems": {
                            "nodes": []
                        }
                    },
                    {
                        "author": {
                            "login": "yaira2"
                        },
                        "title": "Fix: Add colon to properties page",
                        "url": "https://github.com/files-community/Files/pull/12508",
                        "state": "MERGED",
                        "number": 12508,
                        "timelineItems": {
                            "nodes": []
                        }
                    },
                    {
                        "author": {
                            "login": "yaira2"
                        },
                        "title": "Fix: Fixed preview pane context menu",
                        "url": "https://github.com/files-community/Files/pull/12510",
                        "state": "MERGED",
                        "number": 12510,
                        "timelineItems": {
                            "nodes": []
                        }
                    },
                    {
                        "author": {
                            "login": "yaira2"
                        },
                        "title": "Fix: Fixed issue where details pane would sometimes fail to load",
                        "url": "https://github.com/files-community/Files/pull/12514",
                        "state": "MERGED",
                        "number": 12514,
                        "timelineItems": {
                            "nodes": []
                        }
                    },
                    {
                        "author": {
                            "login": "yaira2"
                        },
                        "title": "Fix: Fixed issue with selecting multiple items in column layout",
                        "url": "https://github.com/files-community/Files/pull/12515",
                        "state": "MERGED",
                        "number": 12515,
                        "timelineItems": {
                            "nodes": []
                        }
                    },
                    {
                        "author": {
                            "login": "gave92"
                        },
                        "title": "Fix: Fixed issue with pasting folders from Remote Desktop",
                        "url": "https://github.com/files-community/Files/pull/12516",
                        "state": "MERGED",
                        "number": 12516,
                        "timelineItems": {
                            "nodes": []
                        }
                    },
                    {
                        "author": {
                            "login": "br1trs"
                        },
                        "title": "Feature: Added \"install\" toolbar button for certificate files",
                        "url": "https://github.com/files-community/Files/pull/12518",
                        "state": "MERGED",
                        "number": 12518,
                        "timelineItems": {
                            "nodes": []
                        }
                    },
                    {
                        "author": {
                            "login": "yaira2"
                        },
                        "title": "Fix: Fixed issue where add item was disabled in column layout",
                        "url": "https://github.com/files-community/Files/pull/12520",
                        "state": "MERGED",
                        "number": 12520,
                        "timelineItems": {
                            "nodes": []
                        }
                    },
                    {
                        "author": {
                            "login": "yaira2"
                        },
                        "title": "Fix: Fixed position of ongoing operations flyout",
                        "url": "https://github.com/files-community/Files/pull/12522",
                        "state": "MERGED",
                        "number": 12522,
                        "timelineItems": {
                            "nodes": []
                        }
                    },
                    {
                        "author": {
                            "login": "dependabot"
                        },
                        "title": "Build(deps): Bump Microsoft.Graphics.Win2D from 1.0.4 to 1.0.5.1",
                        "url": "https://github.com/files-community/Files/pull/12525",
                        "state": "MERGED",
                        "number": 12525,
                        "timelineItems": {
                            "nodes": []
                        }
                    },
                    {
                        "author": {
                            "login": "dependabot"
                        },
                        "title": "Build(deps): Bump MSTest.TestAdapter from 3.0.3 to 3.0.4",
                        "url": "https://github.com/files-community/Files/pull/12526",
                        "state": "MERGED",
                        "number": 12526,
                        "timelineItems": {
                            "nodes": []
                        }
                    },
                    {
                        "author": {
                            "login": "dependabot"
                        },
                        "title": "Build(deps): Bump Microsoft.NET.Test.Sdk from 17.6.0 to 17.6.1",
                        "url": "https://github.com/files-community/Files/pull/12527",
                        "state": "MERGED",
                        "number": 12527,
                        "timelineItems": {
                            "nodes": []
                        }
                    },
                    {
                        "author": {
                            "login": "dependabot"
                        },
                        "title": "Build(deps): Bump MSTest.TestFramework from 3.0.3 to 3.0.4",
                        "url": "https://github.com/files-community/Files/pull/12528",
                        "state": "MERGED",
                        "number": 12528,
                        "timelineItems": {
                            "nodes": []
                        }
                    },
                    {
                        "author": {
                            "login": "heftymouse"
                        },
                        "title": "Feature: Added support for changing backdrop material",
                        "url": "https://github.com/files-community/Files/pull/12534",
                        "state": "MERGED",
                        "number": 12534,
                        "timelineItems": {
                            "nodes": []
                        }
                    },
                    {
                        "author": {
                            "login": "0x5bfa"
                        },
                        "title": "GitHub: Improved bug report template",
                        "url": "https://github.com/files-community/Files/pull/12537",
                        "state": "MERGED",
                        "number": 12537,
                        "timelineItems": {
                            "nodes": []
                        }
                    },
                    {
                        "author": {
                            "login": "yaira2"
                        },
                        "title": "New Crowdin updates",
                        "url": "https://github.com/files-community/Files/pull/12542",
                        "state": "MERGED",
                        "number": 12542,
                        "timelineItems": {
                            "nodes": []
                        }
                    },
                    {
                        "author": {
                            "login": "hishitetsu"
                        },
                        "title": "Feature: Show a progress ring or bar while loading in the properties window",
                        "url": "https://github.com/files-community/Files/pull/12544",
                        "state": "MERGED",
                        "number": 12544,
                        "timelineItems": {
                            "nodes": []
                        }
                    },
                    {
                        "author": {
                            "login": "QuaintMako"
                        },
                        "title": "Feature: Show folder details when no item is selected",
                        "url": "https://github.com/files-community/Files/pull/12549",
                        "state": "MERGED",
                        "number": 12549,
                        "timelineItems": {
                            "nodes": [
                                {
                                    "source": {
                                        "author": {
                                            "login": "QuaintMako"
                                        },
                                        "title": "Feature: Display drive information in Details Pane",
                                        "url": "https://github.com/files-community/Files/issues/12597",
                                        "state": "OPEN",
                                        "number": 12597,
                                        "__typename": "Issue"
                                    }
                                }
                            ]
                        }
                    }
                ]
            }
        }
    }
}