{
    "data": {
        "repository": {
            "pullRequests": {
                "pageInfo": {
                    "endCursor": "Y3Vyc29yOnYyOpHOGEmEnA=="
                },
                "nodes": [
                    {
                        "author": {
                            "login": "yaira2"
                        },
                        "title": "Set up CI with Azure Pipelines",
                        "url": "https://github.com/files-community/Files/pull/480",
                        "state": "MERGED",
                        "number": 480,
                        "timelineItems": {
                            "nodes": []
                        }
                    },
                    {
                        "author": {
                            "login": "yaira2"
                        },
                        "title": "Azure Devops",
                        "url": "https://github.com/files-community/Files/pull/481",
                        "state": "MERGED",
                        "number": 481,
                        "timelineItems": {
                            "nodes": []
                        }
                    },
                    {
                        "author": {
                            "login": "KiriKirby"
                        },
                        "title": "Updated Chinese Simplified translation \u66f4\u65b0\u4e86\u7b80\u4f53\u4e2d\u6587\u7ffb\u8bd1",
                        "url": "https://github.com/files-community/Files/pull/482",
                        "state": "MERGED",
                        "number": 482,
                        "timelineItems": {
                            "nodes": []
                        }
                    },
                    {
                        "author": {
                            "login": "R3voA3"
                        },
                        "title": "Update Files.de-DE.xlf",
                        "url": "https://github.com/files-community/Files/pull/483",
                        "state": "MERGED",
                        "number": 483,
                        "timelineItems": {
                            "nodes": []
                        }
                    },
                    {
                        "author": {
                            "login": "yaira2"
                        },
                        "title": "Added shadow to sidebar",
                        "url": "https://github.com/files-community/Files/pull/485",
                        "state": "MERGED",
                        "number": 485,
                        "timelineItems": {
                            "nodes": []
                        }
                    },
                    {
                        "author": {
                            "login": "avknaidu"
                        },
                        "title": "Fix to not install Multiple Packages.",
                        "url": "https://github.com/files-community/Files/pull/487",
                        "state": "MERGED",
                        "number": 487,
                        "timelineItems": {
                            "nodes": []
                        }
                    },
                    {
                        "author": {
                            "login": "fembiba"
                        },
                        "title": "Added russian language",
                        "url": "https://github.com/files-community/Files/pull/489",
                        "state": "MERGED",
                        "number": 489,
                        "timelineItems": {
                            "nodes": []
                        }
                    },
                    {
                        "author": {
                            "login": "fembiba"
                        },
                        "title": "Re added russian language",
                        "url": "https://github.com/files-community/Files/pull/490",
                        "state": "MERGED",
                        "number": 490,
                        "timelineItems": {
                            "nodes": []
                        }
                    },
                    {
                        "author": {
                            "login": "gaviny82"
                        },
                        "title": "Update translation of Chinese (Simplified)",
                        "url": "https://github.com/files-community/Files/pull/495",
                        "state": "MERGED",
                        "number": 495,
                        "timelineItems": {
                            "nodes": []
                        }
                    },
                    {
                        "author": {
                            "login": "yaira2"
                        },
                        "title": "v0.7.3 release",
                        "url": "https://github.com/files-community/Files/pull/497",
                        "state": "MERGED",
                        "number": 497,
                        "timelineItems": {
                            "nodes": []
                        }
                    },
                    {
                        "author": {
                            "login": "yaira2"
                        },
                        "title": "Update azure-pipelines-build-test.yml",
                        "url": "https://github.com/files-community/Files/pull/498",
                        "state": "MERGED",
                        "number": 498,
                        "timelineItems": {
                            "nodes": []
                        }
                    },
                    {
                        "author": {
                            "login": "R3voA3"
                        },
                        "title": "Updated German translation",
                        "url": "https://github.com/files-community/Files/pull/500",
                        "state": "CLOSED",
                        "number": 500,
                        "timelineItems": {
                            "nodes": []
                        }
                    },
                    {
                        "author": {
                            "login": "KiriKirby"
                        },
                        "title": "Updated Chinese Simplified translation \u66f4\u65b0\u4e86\u7b80\u4f53\u4e2d\u6587\u7ffb\u8bd1",
                        "url": "https://github.com/files-community/Files/pull/501",
                        "state": "MERGED",
                        "number": 501,
                        "timelineItems": {
                            "nodes": []
                        }
                    },
                    {
                        "author": {
                            "login": "R3voA3"
                        },
                        "title": "Update Files.de-DE.xlf",
                        "url": "https://github.com/files-community/Files/pull/502",
                        "state": "CLOSED",
                        "number": 502,
                        "timelineItems": {
                            "nodes": []
                        }
                    },
                    {
                        "author": {
                            "login": "piotrulos"
                        },
                        "title": "Updated Files.pl-PL.xlf translation",
                        "url": "https://github.com/files-community/Files/pull/503",
                        "state": "MERGED",
                        "number": 503,
                        "timelineItems": {
                            "nodes": []
                        }
                    },
                    {
                        "author": {
                            "login": "KaKi87"
                        },
                        "title": "Perform french translations",
                        "url": "https://github.com/files-community/Files/pull/505",
                        "state": "MERGED",
                        "number": 505,
                        "timelineItems": {
                            "nodes": []
                        }
                    },
                    {
                        "author": {
                            "login": "R3voA3"
                        },
                        "title": "Updated German translation",
                        "url": "https://github.com/files-community/Files/pull/506",
                        "state": "MERGED",
                        "number": 506,
                        "timelineItems": {
                            "nodes": []
                        }
                    },
                    {
                        "author": {
                            "login": "yaira2"
                        },
                        "title": "v0.7.4",
                        "url": "https://github.com/files-community/Files/pull/510",
                        "state": "MERGED",
                        "number": 510,
                        "timelineItems": {
                            "nodes": []
                        }
                    },
                    {
                        "author": {
                            "login": "yaira2"
                        },
                        "title": "v0.7.4",
                        "url": "https://github.com/files-community/Files/pull/512",
                        "state": "MERGED",
                        "number": 512,
                        "timelineItems": {
                            "nodes": []
                        }
                    },
                    {
                        "author": {
                            "login": "yaira2"
                        },
                        "title": "v0.7.4",
                        "url": "https://github.com/files-community/Files/pull/513",
                        "state": "MERGED",
                        "number": 513,
                        "timelineItems": {
                            "nodes": []
                        }
                    },
                    {
                        "author": {
                            "login": "yaira2"
                        },
                        "title": "Update Files.Package.wapproj",
                        "url": "https://github.com/files-community/Files/pull/514",
                        "state": "MERGED",
                        "number": 514,
                        "timelineItems": {
                            "nodes": []
                        }
                    },
                    {
                        "author": {
                            "login": "yaira2"
                        },
                        "title": "Fixed release pipeline",
                        "url": "https://github.com/files-community/Files/pull/515",
                        "state": "MERGED",
                        "number": 515,
                        "timelineItems": {
                            "nodes": []
                        }
                    },
                    {
                        "author": {
                            "login": "lukeblevins"
                        },
                        "title": "WIP: Improvements to Properties Dialog",
                        "url": "https://github.com/files-community/Files/pull/516",
                        "state": "CLOSED",
                        "number": 516,
                        "timelineItems": {
                            "nodes": []
                        }
                    },
                    {
                        "author": {
                            "login": "lukeblevins"
                        },
                        "title": "Improvements to Properties",
                        "url": "https://github.com/files-community/Files/pull/517",
                        "state": "MERGED",
                        "number": 517,
                        "timelineItems": {
                            "nodes": []
                        }
                    },
                    {
                        "author": {
                            "login": "yaira2"
                        },
                        "title": "v0.7.4 release",
                        "url": "https://github.com/files-community/Files/pull/518",
                        "state": "MERGED",
                        "number": 518,
                        "timelineItems": {
                            "nodes": []
                        }
                    },
                    {
                        "author": {
                            "login": "Richard-HM"
                        },
                        "title": "Update Files.es-ES.xlf",
                        "url": "https://github.com/files-community/Files/pull/521",
                        "state": "CLOSED",
                        "number": 521,
                        "timelineItems": {
                            "nodes": []
                        }
                    },
                    {
                        "author": {
                            "login": "Richard-HM"
                        },
                        "title": "full translation into spanish Files.es-ES.xlf",
                        "url": "https://github.com/files-community/Files/pull/522",
                        "state": "MERGED",
                        "number": 522,
                        "timelineItems": {
                            "nodes": []
                        }
                    },
                    {
                        "author": {
                            "login": "yaira2"
                        },
                        "title": "Statusbar tweaks",
                        "url": "https://github.com/files-community/Files/pull/527",
                        "state": "MERGED",
                        "number": 527,
                        "timelineItems": {
                            "nodes": []
                        }
                    },
                    {
                        "author": {
                            "login": "yaira2"
                        },
                        "title": "Home item sidebar fix",
                        "url": "https://github.com/files-community/Files/pull/528",
                        "state": "CLOSED",
                        "number": 528,
                        "timelineItems": {
                            "nodes": []
                        }
                    },
                    {
                        "author": {
                            "login": "yaira2"
                        },
                        "title": "Fixed click on home in the sidebar",
                        "url": "https://github.com/files-community/Files/pull/529",
                        "state": "MERGED",
                        "number": 529,
                        "timelineItems": {
                            "nodes": []
                        }
                    },
                    {
                        "author": {
                            "login": "lukeblevins"
                        },
                        "title": "Cleanups and minor improvements to Code",
                        "url": "https://github.com/files-community/Files/pull/531",
                        "state": "MERGED",
                        "number": 531,
                        "timelineItems": {
                            "nodes": []
                        }
                    },
                    {
                        "author": {
                            "login": "yaira2"
                        },
                        "title": "Close tab shortcut fix",
                        "url": "https://github.com/files-community/Files/pull/533",
                        "state": "MERGED",
                        "number": 533,
                        "timelineItems": {
                            "nodes": []
                        }
                    },
                    {
                        "author": {
                            "login": "lukeblevins"
                        },
                        "title": "Fix Right Click Bug in PathBox",
                        "url": "https://github.com/files-community/Files/pull/536",
                        "state": "MERGED",
                        "number": 536,
                        "timelineItems": {
                            "nodes": []
                        }
                    },
                    {
                        "author": {
                            "login": "yaira2"
                        },
                        "title": "Fixed issue with the tab view headers",
                        "url": "https://github.com/files-community/Files/pull/537",
                        "state": "MERGED",
                        "number": 537,
                        "timelineItems": {
                            "nodes": []
                        }
                    },
                    {
                        "author": {
                            "login": "yaira2"
                        },
                        "title": "Updated release notes for v0.7.5",
                        "url": "https://github.com/files-community/Files/pull/538",
                        "state": "MERGED",
                        "number": 538,
                        "timelineItems": {
                            "nodes": []
                        }
                    },
                    {
                        "author": {
                            "login": "yaira2"
                        },
                        "title": "v0.7.5",
                        "url": "https://github.com/files-community/Files/pull/539",
                        "state": "MERGED",
                        "number": 539,
                        "timelineItems": {
                            "nodes": []
                        }
                    },
                    {
                        "author": {
                            "login": "yaira2"
                        },
                        "title": "Deleted old asset",
                        "url": "https://github.com/files-community/Files/pull/540",
                        "state": "MERGED",
                        "number": 540,
                        "timelineItems": {
                            "nodes": []
                        }
                    },
                    {
                        "author": {
                            "login": "BuraChuhadar"
                        },
                        "title": "full translation into Turkish Files.tr-TR.xlf",
                        "url": "https://github.com/files-community/Files/pull/541",
                        "state": "MERGED",
                        "number": 541,
                        "timelineItems": {
                            "nodes": []
                        }
                    },
                    {
                        "author": {
                            "login": "yaira2"
                        },
                        "title": "Navigation support for terminal",
                        "url": "https://github.com/files-community/Files/pull/542",
                        "state": "MERGED",
                        "number": 542,
                        "timelineItems": {
                            "nodes": []
                        }
                    },
                    {
                        "author": {
                            "login": "lukeblevins"
                        },
                        "title": "Auto-Detect and List Windows Terminal",
                        "url": "https://github.com/files-community/Files/pull/543",
                        "state": "MERGED",
                        "number": 543,
                        "timelineItems": {
                            "nodes": []
                        }
                    },
                    {
                        "author": {
                            "login": "R3voA3"
                        },
                        "title": "Update Files.de-DE.xlf",
                        "url": "https://github.com/files-community/Files/pull/544",
                        "state": "MERGED",
                        "number": 544,
                        "timelineItems": {
                            "nodes": []
                        }
                    },
                    {
                        "author": {
                            "login": "lampenlampen"
                        },
                        "title": "Extend view into titlebar of properties window",
                        "url": "https://github.com/files-community/Files/pull/551",
                        "state": "CLOSED",
                        "number": 551,
                        "timelineItems": {
                            "nodes": [
                                {
                                    "source": {
                                        "author": {
                                            "login": "tsvietOK"
                                        },
                                        "title": "Redesign Properties window",
                                        "url": "https://github.com/files-community/Files/pull/598",
                                        "state": "CLOSED",
                                        "number": 598,
                                        "__typename": "PullRequest"
                                    }
                                }
                            ]
                        }
                    },
                    {
                        "author": {
                            "login": "yaira2"
                        },
                        "title": "Fixed detecting libraries",
                        "url": "https://github.com/files-community/Files/pull/553",
                        "state": "MERGED",
                        "number": 553,
                        "timelineItems": {
                            "nodes": []
                        }
                    },
                    {
                        "author": {
                            "login": "Richard-HM"
                        },
                        "title": "Fixed all new translations not being in \"translated\" state",
                        "url": "https://github.com/files-community/Files/pull/555",
                        "state": "MERGED",
                        "number": 555,
                        "timelineItems": {
                            "nodes": []
                        }
                    },
                    {
                        "author": {
                            "login": "yaira2"
                        },
                        "title": "Improved sidebar",
                        "url": "https://github.com/files-community/Files/pull/556",
                        "state": "CLOSED",
                        "number": 556,
                        "timelineItems": {
                            "nodes": [
                                {
                                    "source": {
                                        "author": {
                                            "login": "Richard-HM"
                                        },
                                        "title": "Fixed all new translations not being in \"translated\" state",
                                        "url": "https://github.com/files-community/Files/pull/555",
                                        "state": "MERGED",
                                        "number": 555,
                                        "__typename": "PullRequest"
                                    }
                                }
                            ]
                        }
                    },
                    {
                        "author": {
                            "login": "tsvietOK"
                        },
                        "title": "Fixed terminals json deserialization during second app start",
                        "url": "https://github.com/files-community/Files/pull/557",
                        "state": "CLOSED",
                        "number": 557,
                        "timelineItems": {
                            "nodes": []
                        }
                    },
                    {
                        "author": {
                            "login": "lukeblevins"
                        },
                        "title": "Improvements to work done by @tsvietOK ",
                        "url": "https://github.com/files-community/Files/pull/562",
                        "state": "MERGED",
                        "number": 562,
                        "timelineItems": {
                            "nodes": [
                                {
                                    "source": {
                                        "author": {
                                            "login": "yaira2"
                                        },
                                        "title": "Feature: Display error message when settings file isn't valid",
                                        "url": "https://github.com/files-community/Files/issues/710",
                                        "state": "OPEN",
                                        "number": 710,
                                        "__typename": "Issue"
                                    }
                                }
                            ]
                        }
                    },
                    {
                        "author": {
                            "login": "MarcAnt01"
                        },
                        "title": "Added some tooltips",
                        "url": "https://github.com/files-community/Files/pull/565",
                        "state": "MERGED",
                        "number": 565,
                        "timelineItems": {
                            "nodes": []
                        }
                    },
                    {
                        "author": {
                            "login": "tsvietOK"
                        },
                        "title": "Added ability to translate some strings(\"Drives\" in navigation, file \u2026",
                        "url": "https://github.com/files-community/Files/pull/567",
                        "state": "MERGED",
                        "number": 567,
                        "timelineItems": {
                            "nodes": [
                                {
                                    "source": {
                                        "author": {
                                            "login": "yaira2"
                                        },
                                        "title": "Improved sidebar",
                                        "url": "https://github.com/files-community/Files/pull/556",
                                        "state": "CLOSED",
                                        "number": 556,
                                        "__typename": "PullRequest"
                                    }
                                }
                            ]
                        }
                    },
                    {
                        "author": {
                            "login": "Richard-HM"
                        },
                        "title": "Fixed a spelling error for \"Text Document\" - Files.es-ES",
                        "url": "https://github.com/files-community/Files/pull/568",
                        "state": "CLOSED",
                        "number": 568,
                        "timelineItems": {
                            "nodes": []
                        }
                    },
                    {
                        "author": {
                            "login": "jeffsieu"
                        },
                        "title": "Sort filenames naturally using CompareStringEx",
                        "url": "https://github.com/files-community/Files/pull/569",
                        "state": "MERGED",
                        "number": 569,
                        "timelineItems": {
                            "nodes": []
                        }
                    },
                    {
                        "author": {
                            "login": "jeffsieu"
                        },
                        "title": "Improve tab behavior when in special folders",
                        "url": "https://github.com/files-community/Files/pull/571",
                        "state": "MERGED",
                        "number": 571,
                        "timelineItems": {
                            "nodes": []
                        }
                    },
                    {
                        "author": {
                            "login": "yaira2"
                        },
                        "title": "Fixed the status bar to show when it's meant to",
                        "url": "https://github.com/files-community/Files/pull/572",
                        "state": "MERGED",
                        "number": 572,
                        "timelineItems": {
                            "nodes": []
                        }
                    },
                    {
                        "author": {
                            "login": "jeffsieu"
                        },
                        "title": "Focus on items after they are pasted",
                        "url": "https://github.com/files-community/Files/pull/574",
                        "state": "MERGED",
                        "number": 574,
                        "timelineItems": {
                            "nodes": [
                                {
                                    "source": {
                                        "author": {
                                            "login": "avknaidu"
                                        },
                                        "title": "ctrl + v should focus on the pasted item or items",
                                        "url": "https://github.com/files-community/Files/issues/211",
                                        "state": "CLOSED",
                                        "number": 211,
                                        "__typename": "Issue"
                                    }
                                }
                            ]
                        }
                    },
                    {
                        "author": {
                            "login": "MuMDevelopment"
                        },
                        "title": "Updated German translation",
                        "url": "https://github.com/files-community/Files/pull/576",
                        "state": "MERGED",
                        "number": 576,
                        "timelineItems": {
                            "nodes": []
                        }
                    },
                    {
                        "author": {
                            "login": "lukeblevins"
                        },
                        "title": "Fix Crash on Right-Click of Item When Path Bar is Focused",
                        "url": "https://github.com/files-community/Files/pull/578",
                        "state": "MERGED",
                        "number": 578,
                        "timelineItems": {
                            "nodes": []
                        }
                    },
                    {
                        "author": {
                            "login": "lukeblevins"
                        },
                        "title": "Fix crash on illegal paste operation",
                        "url": "https://github.com/files-community/Files/pull/580",
                        "state": "MERGED",
                        "number": 580,
                        "timelineItems": {
                            "nodes": []
                        }
                    },
                    {
                        "author": {
                            "login": "yaira2"
                        },
                        "title": "Properties hash",
                        "url": "https://github.com/files-community/Files/pull/581",
                        "state": "MERGED",
                        "number": 581,
                        "timelineItems": {
                            "nodes": []
                        }
                    },
                    {
                        "author": {
                            "login": "yaira2"
                        },
                        "title": "Tweaked how navigating to the settings page works",
                        "url": "https://github.com/files-community/Files/pull/582",
                        "state": "MERGED",
                        "number": 582,
                        "timelineItems": {
                            "nodes": [
                                {
                                    "source": {
                                        "author": {
                                            "login": "bhupathi189"
                                        },
                                        "title": "when the settings tab is opened, the tabs on the top are shifting towards complete left. So, when we switch between normal tab and setting tab, tabs on top are shifting. this irritates me a little bit becuase the tabs are not present where i expected them to be. ",
                                        "url": "https://github.com/files-community/Files/issues/560",
                                        "state": "CLOSED",
                                        "number": 560,
                                        "__typename": "Issue"
                                    }
                                }
                            ]
                        }
                    },
                    {
                        "author": {
                            "login": "Richard-HM"
                        },
                        "title": "new strings translated into Spanish",
                        "url": "https://github.com/files-community/Files/pull/583",
                        "state": "MERGED",
                        "number": 583,
                        "timelineItems": {
                            "nodes": []
                        }
                    },
                    {
                        "author": {
                            "login": "yaira2"
                        },
                        "title": "Fixed issue with strings",
                        "url": "https://github.com/files-community/Files/pull/584",
                        "state": "MERGED",
                        "number": 584,
                        "timelineItems": {
                            "nodes": [
                                {
                                    "source": {
                                        "author": {
                                            "login": "tsvietOK"
                                        },
                                        "title": "Added ability to translate some strings(\"Drives\" in navigation, file \u2026",
                                        "url": "https://github.com/files-community/Files/pull/567",
                                        "state": "MERGED",
                                        "number": 567,
                                        "__typename": "PullRequest"
                                    }
                                }
                            ]
                        }
                    },
                    {
                        "author": {
                            "login": "jeffsieu"
                        },
                        "title": "Add drag and drop functionality",
                        "url": "https://github.com/files-community/Files/pull/586",
                        "state": "MERGED",
                        "number": 586,
                        "timelineItems": {
                            "nodes": []
                        }
                    },
                    {
                        "author": {
                            "login": "R3voA3"
                        },
                        "title": "Updated German translation",
                        "url": "https://github.com/files-community/Files/pull/587",
                        "state": "MERGED",
                        "number": 587,
                        "timelineItems": {
                            "nodes": []
                        }
                    },
                    {
                        "author": {
                            "login": "lukeblevins"
                        },
                        "title": "Upgrade .NET Framework Version of Files.Launcher",
                        "url": "https://github.com/files-community/Files/pull/588",
                        "state": "MERGED",
                        "number": 588,
                        "timelineItems": {
                            "nodes": [
                                {
                                    "source": {
                                        "author": {
                                            "login": "lampenlampen"
                                        },
                                        "title": "Update .net framework version for launcher project",
                                        "url": "https://github.com/files-community/Files/issues/570",
                                        "state": "CLOSED",
                                        "number": 570,
                                        "__typename": "Issue"
                                    }
                                }
                            ]
                        }
                    },
                    {
                        "author": {
                            "login": "yaira2"
                        },
                        "title": "Added missing space in error dialog",
                        "url": "https://github.com/files-community/Files/pull/589",
                        "state": "MERGED",
                        "number": 589,
                        "timelineItems": {
                            "nodes": []
                        }
                    },
                    {
                        "author": {
                            "login": "gaviny82"
                        },
                        "title": "Update translation to Chinese (Simplified) (zh-Hans)",
                        "url": "https://github.com/files-community/Files/pull/590",
                        "state": "MERGED",
                        "number": 590,
                        "timelineItems": {
                            "nodes": []
                        }
                    },
                    {
                        "author": {
                            "login": "Richard-HM"
                        },
                        "title": "Translation update [Spanish]",
                        "url": "https://github.com/files-community/Files/pull/591",
                        "state": "MERGED",
                        "number": 591,
                        "timelineItems": {
                            "nodes": []
                        }
                    },
                    {
                        "author": {
                            "login": "yaira2"
                        },
                        "title": "Selection options for list view layout mode",
                        "url": "https://github.com/files-community/Files/pull/594",
                        "state": "MERGED",
                        "number": 594,
                        "timelineItems": {
                            "nodes": []
                        }
                    },
                    {
                        "author": {
                            "login": "lukeblevins"
                        },
                        "title": "Drag and Drop Reliability Fix (1)",
                        "url": "https://github.com/files-community/Files/pull/595",
                        "state": "MERGED",
                        "number": 595,
                        "timelineItems": {
                            "nodes": []
                        }
                    },
                    {
                        "author": {
                            "login": "yaira2"
                        },
                        "title": "Removed update dialog",
                        "url": "https://github.com/files-community/Files/pull/596",
                        "state": "MERGED",
                        "number": 596,
                        "timelineItems": {
                            "nodes": []
                        }
                    },
                    {
                        "author": {
                            "login": "lukeblevins"
                        },
                        "title": "Rename fixes",
                        "url": "https://github.com/files-community/Files/pull/597",
                        "state": "MERGED",
                        "number": 597,
                        "timelineItems": {
                            "nodes": []
                        }
                    },
                    {
                        "author": {
                            "login": "tsvietOK"
                        },
                        "title": "Redesign Properties window",
                        "url": "https://github.com/files-community/Files/pull/598",
                        "state": "CLOSED",
                        "number": 598,
                        "timelineItems": {
                            "nodes": [
                                {
                                    "source": {
                                        "author": {
                                            "login": "tsvietOK"
                                        },
                                        "title": "Redesign Properties window [2]",
                                        "url": "https://github.com/files-community/Files/pull/609",
                                        "state": "MERGED",
                                        "number": 609,
                                        "__typename": "PullRequest"
                                    }
                                }
                            ]
                        }
                    },
                    {
                        "author": {
                            "login": "yaira2"
                        },
                        "title": "Changed version number to v0.7.6",
                        "url": "https://github.com/files-community/Files/pull/599",
                        "state": "MERGED",
                        "number": 599,
                        "timelineItems": {
                            "nodes": []
                        }
                    },
                    {
                        "author": {
                            "login": "yaira2"
                        },
                        "title": "v0.7.6",
                        "url": "https://github.com/files-community/Files/pull/600",
                        "state": "MERGED",
                        "number": 600,
                        "timelineItems": {
                            "nodes": []
                        }
                    },
                    {
                        "author": null,
                        "title": "Moved image to top",
                        "url": "https://github.com/files-community/Files/pull/603",
                        "state": "MERGED",
                        "number": 603,
                        "timelineItems": {
                            "nodes": []
                        }
                    },
                    {
                        "author": {
                            "login": "jeffsieu"
                        },
                        "title": "Add Invert Selection, icons to status bar, fix folder navigation and remove space before .dll",
                        "url": "https://github.com/files-community/Files/pull/604",
                        "state": "MERGED",
                        "number": 604,
                        "timelineItems": {
                            "nodes": []
                        }
                    },
                    {
                        "author": {
                            "login": "tsvietOK"
                        },
                        "title": "Fix new folder/file creation looses focus with each letter",
                        "url": "https://github.com/files-community/Files/pull/607",
                        "state": "MERGED",
                        "number": 607,
                        "timelineItems": {
                            "nodes": []
                        }
                    },
                    {
                        "author": {
                            "login": "tsvietOK"
                        },
                        "title": "Don't create folder or file if dialog was canceled",
                        "url": "https://github.com/files-community/Files/pull/608",
                        "state": "MERGED",
                        "number": 608,
                        "timelineItems": {
                            "nodes": []
                        }
                    },
                    {
                        "author": {
                            "login": "tsvietOK"
                        },
                        "title": "Redesign Properties window [2]",
                        "url": "https://github.com/files-community/Files/pull/609",
                        "state": "MERGED",
                        "number": 609,
                        "timelineItems": {
                            "nodes": []
                        }
                    },
                    {
                        "author": {
                            "login": "tsvietOK"
                        },
                        "title": "Fix Download folder location",
                        "url": "https://github.com/files-community/Files/pull/610",
                        "state": "MERGED",
                        "number": 610,
                        "timelineItems": {
                            "nodes": []
                        }
                    },
                    {
                        "author": {
                            "login": "lukeblevins"
                        },
                        "title": "Various fixes for v0.7.6",
                        "url": "https://github.com/files-community/Files/pull/611",
                        "state": "MERGED",
                        "number": 611,
                        "timelineItems": {
                            "nodes": []
                        }
                    },
                    {
                        "author": {
                            "login": "lukeblevins"
                        },
                        "title": "v0.7.6 with fixes",
                        "url": "https://github.com/files-community/Files/pull/612",
                        "state": "MERGED",
                        "number": 612,
                        "timelineItems": {
                            "nodes": []
                        }
                    },
                    {
                        "author": {
                            "login": "Richard-HM"
                        },
                        "title": "new string translated into spanish",
                        "url": "https://github.com/files-community/Files/pull/613",
                        "state": "MERGED",
                        "number": 613,
                        "timelineItems": {
                            "nodes": []
                        }
                    },
                    {
                        "author": {
                            "login": "yaira2"
                        },
                        "title": "Refactored detecting user locations",
                        "url": "https://github.com/files-community/Files/pull/614",
                        "state": "MERGED",
                        "number": 614,
                        "timelineItems": {
                            "nodes": [
                                {
                                    "source": {
                                        "author": {
                                            "login": "tsvietOK"
                                        },
                                        "title": "Fix Download folder location",
                                        "url": "https://github.com/files-community/Files/pull/610",
                                        "state": "MERGED",
                                        "number": 610,
                                        "__typename": "PullRequest"
                                    }
                                }
                            ]
                        }
                    },
                    {
                        "author": {
                            "login": "yaira2"
                        },
                        "title": "Fixed mistake with wrong label on the right click context menu",
                        "url": "https://github.com/files-community/Files/pull/616",
                        "state": "MERGED",
                        "number": 616,
                        "timelineItems": {
                            "nodes": []
                        }
                    },
                    {
                        "author": {
                            "login": "yaira2"
                        },
                        "title": "Fixed OneDrive selection in the sidebar",
                        "url": "https://github.com/files-community/Files/pull/617",
                        "state": "MERGED",
                        "number": 617,
                        "timelineItems": {
                            "nodes": []
                        }
                    },
                    {
                        "author": {
                            "login": "yaira2"
                        },
                        "title": "Added strings for it-IT",
                        "url": "https://github.com/files-community/Files/pull/618",
                        "state": "MERGED",
                        "number": 618,
                        "timelineItems": {
                            "nodes": []
                        }
                    },
                    {
                        "author": {
                            "login": "yaira2"
                        },
                        "title": "Fixed crash when opening folders in GridView",
                        "url": "https://github.com/files-community/Files/pull/619",
                        "state": "MERGED",
                        "number": 619,
                        "timelineItems": {
                            "nodes": []
                        }
                    },
                    {
                        "author": {
                            "login": "tsvietOK"
                        },
                        "title": "Fix folder copying to sibling folder with almost the same name",
                        "url": "https://github.com/files-community/Files/pull/620",
                        "state": "MERGED",
                        "number": 620,
                        "timelineItems": {
                            "nodes": []
                        }
                    },
                    {
                        "author": {
                            "login": "Richard-HM"
                        },
                        "title": "Translation update [Spanish]",
                        "url": "https://github.com/files-community/Files/pull/621",
                        "state": "MERGED",
                        "number": 621,
                        "timelineItems": {
                            "nodes": []
                        }
                    },
                    {
                        "author": {
                            "login": "Richard-HM"
                        },
                        "title": "New strings translated [Spanish]",
                        "url": "https://github.com/files-community/Files/pull/622",
                        "state": "MERGED",
                        "number": 622,
                        "timelineItems": {
                            "nodes": []
                        }
                    },
                    {
                        "author": {
                            "login": "yaira2"
                        },
                        "title": "Properties dialog",
                        "url": "https://github.com/files-community/Files/pull/623",
                        "state": "MERGED",
                        "number": 623,
                        "timelineItems": {
                            "nodes": []
                        }
                    },
                    {
                        "author": {
                            "login": "yaira2"
                        },
                        "title": "Experimental settings",
                        "url": "https://github.com/files-community/Files/pull/624",
                        "state": "MERGED",
                        "number": 624,
                        "timelineItems": {
                            "nodes": [
                                {
                                    "source": {
                                        "author": {
                                            "login": "szaimen"
                                        },
                                        "title": "Once a file/folder is selected, I am not able to open a file or folder through double-click",
                                        "url": "https://github.com/files-community/Files/issues/306",
                                        "state": "CLOSED",
                                        "number": 306,
                                        "__typename": "Issue"
                                    }
                                }
                            ]
                        }
                    },
                    {
                        "author": {
                            "login": "yaira2"
                        },
                        "title": "Added option to open sidebar items in a new tab or window",
                        "url": "https://github.com/files-community/Files/pull/625",
                        "state": "MERGED",
                        "number": 625,
                        "timelineItems": {
                            "nodes": [
                                {
                                    "source": {
                                        "author": {
                                            "login": "SOI7"
                                        },
                                        "title": "\"Open in new tab/window\" for pins and favorites",
                                        "url": "https://github.com/files-community/Files/issues/331",
                                        "state": "CLOSED",
                                        "number": 331,
                                        "__typename": "Issue"
                                    }
                                }
                            ]
                        }
                    },
                    {
                        "author": {
                            "login": "yaira2"
                        },
                        "title": "v0.7.7",
                        "url": "https://github.com/files-community/Files/pull/626",
                        "state": "MERGED",
                        "number": 626,
                        "timelineItems": {
                            "nodes": []
                        }
                    },
                    {
                        "author": {
                            "login": "yaira2"
                        },
                        "title": "v0.7.7",
                        "url": "https://github.com/files-community/Files/pull/628",
                        "state": "MERGED",
                        "number": 628,
                        "timelineItems": {
                            "nodes": []
                        }
                    },
                    {
                        "author": {
                            "login": "Richard-HM"
                        },
                        "title": "Translation Update [Spanish]",
                        "url": "https://github.com/files-community/Files/pull/629",
                        "state": "MERGED",
                        "number": 629,
                        "timelineItems": {
                            "nodes": []
                        }
                    },
                    {
                        "author": {
                            "login": "yaira2"
                        },
                        "title": "Fixed issue with detecting mouse button clicks",
                        "url": "https://github.com/files-community/Files/pull/631",
                        "state": "MERGED",
                        "number": 631,
                        "timelineItems": {
                            "nodes": []
                        }
                    },
                    {
                        "author": {
                            "login": "yaira2"
                        },
                        "title": "Azure pipelines",
                        "url": "https://github.com/files-community/Files/pull/639",
                        "state": "MERGED",
                        "number": 639,
                        "timelineItems": {
                            "nodes": []
                        }
                    },
                    {
                        "author": {
                            "login": "yaira2"
                        },
                        "title": "Tabs now display the correct string for new tabs",
                        "url": "https://github.com/files-community/Files/pull/640",
                        "state": "MERGED",
                        "number": 640,
                        "timelineItems": {
                            "nodes": [
                                {
                                    "source": {
                                        "author": {
                                            "login": "Richard-HM"
                                        },
                                        "title": "Some bugs/questions/Feature request [v0.7.7]",
                                        "url": "https://github.com/files-community/Files/issues/638",
                                        "state": "CLOSED",
                                        "number": 638,
                                        "__typename": "Issue"
                                    }
                                },
                                {
                                    "source": {
                                        "author": {
                                            "login": "Richard-HM"
                                        },
                                        "title": "Add string for \"New tab\" that appears in path",
                                        "url": "https://github.com/files-community/Files/issues/637",
                                        "state": "CLOSED",
                                        "number": 637,
                                        "__typename": "Issue"
                                    }
                                }
                            ]
                        }
                    }
                ]
            }
        }
    }
}